run_id,numero_corrida,composite_id,author,dificultad,acertividad,is_garbage,paso1_latencia_ms,paso1_duracion_audio_s,paso1_costo_stt_usd,paso1_precision_digitos_pct,paso1_wer_pct,paso1_texto_ref,paso1_texto_stt,paso2_latencia_ms,paso2_estado_consenso,paso2_puntaje_confianza_pct,paso2_precision_extraccion_pct,paso2_recall_extraccion_pct,paso2_f1_score_extraccion_pct,paso2_input_tokens,paso2_output_tokens,paso2_costo_llm_usd,paso3_latencia_ms,paso3_producto_buscado,paso3_producto_coincidencia_stock,paso3_estado_match,paso3_score_similitud_pct,paso3_requiere_revision_humana,flujo_latencia_total_ms,flujo_costo_total_usd,flujo_exito_integral
run_20260726_084433_08a1a2bb,1,adriana_1,adriana,FACIL,RELEVANTE,False,1109.73,6.74,0.000483,100.0,0.0,150 KILOS DE ARROZ,150 kilos de arroz,6315.34,EXACT_CONSENSUS,100.0,0.0,0.0,0.0,100,35,3.6e-05,2.73,ARROZ,N/A,matched,100.0,NO,7427.94,0.000519,EXITOSO
run_20260726_084433_08a1a2bb,1,adriana_2,adriana,FACIL,RELEVANTE,False,1033.85,7.8,0.000559,100.0,0.0,220 KILOS DE AZUCAR RUBIA,220 kilos de azúcar rubia,3770.98,EXACT_CONSENSUS,100.0,0.0,0.0,0.0,100,35,3.6e-05,3.09,AZÚCAR RUBIA,N/A,matched,100.0,NO,4808.07,0.000595,EXITOSO
run_20260726_084433_08a1a2bb,1,adriana_3,adriana,FACIL,RELEVANTE,False,884.76,6.07,0.000435,100.0,0.0,75 LITROS DE ACEITE,75 litros de aceite,5951.58,EXACT_CONSENSUS,100.0,0.0,0.0,0.0,100,35,3.6e-05,2.72,ACEITE,N/A,matched,100.0,NO,6839.21,0.000471,EXITOSO
run_20260726_084433_08a1a2bb,1,adriana_4,adriana,FACIL,RELEVANTE,False,926.05,6.84,0.00049,100.0,0.0,12 LITROS DE ACEITE DE AJONJOLI,12 litros de aceite de ajonjolí,3309.04,EXACT_CONSENSUS,100.0,0.0,0.0,0.0,100,35,3.6e-05,262.33,ACEITE DE AJONJOLÍ,N/A,matched,100.0,NO,4497.59,0.000526,EXITOSO
run_20260726_084433_08a1a2bb,1,adriana_5,adriana,FACIL,RELEVANTE,False,1031.62,6.07,0.000435,100.0,0.0,18 LITROS DE ACEITE DE OLIVA,18 litros de aceite de oliva,4086.56,EXACT_CONSENSUS,100.0,0.0,0.0,0.0,100,35,3.6e-05,2.77,ACEITE DE OLIVA,N/A,matched,100.0,NO,5121.09,0.000471,EXITOSO
run_20260726_084433_08a1a2bb,1,adriana_6,adriana,FACIL,RELEVANTE,False,916.7,6.55,0.000469,100.0,0.0,35 UNIDADES DE ACEITE DE OLIVA EN SOBRES,35 unidades de aceite de oliva en sobres,3366.53,EXACT_CONSENSUS,100.0,0.0,0.0,0.0,104,35,3.7e-05,265.87,ACEITE DE OLIVA,N/A,matched,100.0,NO,4549.25,0.000506,EXITOSO
run_20260726_084433_08a1a2bb,1,adriana_7,adriana,FACIL,RELEVANTE,False,912.74,5.59,0.000401,100.0,0.0,22 KILOS DE ACHIOTE MOLIDO,22 kilos de achiote molido,3302.36,EXACT_CONSENSUS,100.0,0.0,0.0,0.0,100,35,3.6e-05,264.99,ACHIOTE MOLIDO,N/A,matched,100.0,NO,4480.23,0.000437,EXITOSO
run_20260726_084433_08a1a2bb,1,adriana_8,adriana,FACIL,RELEVANTE,False,891.5,6.36,0.000456,100.0,0.0,16 LITROS DE ADEREZO DE QUESO CHEDDAR,16 litros de aderezo de queso cheddar,4059.32,EXACT_CONSENSUS,100.0,0.0,0.0,0.0,101,35,3.6e-05,1.9,ADEREZO DE QUESO CHEDDAR,N/A,matched,100.0,NO,4952.86,0.000492,EXITOSO
run_20260726_084433_08a1a2bb,1,adriana_9,adriana,FACIL,RELEVANTE,False,186.68,7.41,0.000531,100.0,0.0,240 UNIDADES DE AGUA DE 280 MILILITROS,240 unidades de agua de 280 mililitros,3795.7,EXACT_CONSENSUS,100.0,0.0,0.0,0.0,101,35,3.6e-05,2.94,AGUA,N/A,matched,100.0,NO,3985.52,0.000567,EXITOSO
run_20260726_084433_08a1a2bb,1,adriana_10,adriana,FACIL,RELEVANTE,False,266.87,7.51,0.000538,100.0,0.0,520 UNIDADES DE AGUA EN BOTELLA,520 unidades de agua en botella,2831.95,EXACT_CONSENSUS,100.0,0.0,0.0,0.0,100,35,3.6e-05,2.26,AGUA EN BOTELLA,N/A,matched,100.0,NO,3101.28,0.000574,EXITOSO
run_20260726_084433_08a1a2bb,1,adriana_11,adriana,FACIL,RELEVANTE,False,371.45,8.37,0.0006,100.0,50.0,430 UNIDADES DE AGUA SABORIZADA H2O,430 unidades de agua saborizada h 2 o,2679.37,EXACT_CONSENSUS,100.0,0.0,0.0,0.0,104,35,3.7e-05,2.84,AGUA SABORIZADA H 2 O,N/A,matched,100.0,NO,3053.88,0.000637,EXITOSO
run_20260726_084433_08a1a2bb,1,adriana_12,adriana,FACIL,RELEVANTE,False,178.98,8.56,0.000613,100.0,16.67,680 UNIDADES DE AGUA WAIRA SABORIZADA,680 unidades de agua guaira saborizada,1858.91,EXACT_CONSENSUS,100.0,0.0,0.0,0.0,100,35,3.6e-05,2.31,AGUA GUAIRA SABORIZADA,N/A,matched,100.0,NO,2040.38,0.000649,EXITOSO
run_20260726_084433_08a1a2bb,1,adriana_13,adriana,FACIL,RELEVANTE,False,316.89,6.36,0.000456,100.0,0.0,15 LITROS DE AGUARDIENTE AMARILLO PIONERO,15 litros de aguardiente amarillo pionero,3299.99,EXACT_CONSENSUS,100.0,0.0,0.0,0.0,100,35,3.6e-05,2.64,AGUARDIENTE AMARILLO PIONERO,N/A,matched,100.0,NO,3619.8,0.000492,EXITOSO
run_20260726_084433_08a1a2bb,1,adriana_14,adriana,FACIL,RELEVANTE,False,152.15,5.97,0.000428,100.0,0.0,9 LITROS DE AGUARDIENTE ANTIOQUENO SIN AZUCAR,9 litros de aguardiente antioqueño sin azúcar,2781.64,EXACT_CONSENSUS,100.0,0.0,0.0,0.0,101,35,3.6e-05,3.47,AGUARDIENTE ANTIOQUEÑO SIN AZÚCAR,N/A,matched,100.0,NO,2937.41,0.000464,EXITOSO
run_20260726_084433_08a1a2bb,1,adriana_15,adriana,FACIL,RELEVANTE,False,414.1,6.74,0.000483,100.0,0.0,7 LITROS DE AGUARDIENTE ANTIOQUENO ROJO,7 litros de aguardiente antioqueño rojo,2335.6,EXACT_CONSENSUS,100.0,0.0,0.0,0.0,100,35,3.6e-05,2.52,AGUARDIENTE ANTIOQUEÑO ROJO,N/A,matched,100.0,NO,2752.48,0.000519,EXITOSO
run_20260726_084433_08a1a2bb,1,adriana_16,adriana,FACIL,RELEVANTE,False,201.64,6.45,0.000462,100.0,0.0,18 LITROS DE AGUARDIENTE NECTAR CLUB,18 litros de aguardiente néctar club,2402.22,EXACT_CONSENSUS,100.0,0.0,0.0,0.0,100,35,3.6e-05,2.75,AGUARDIENTE NÉCTAR CLUB,N/A,matched,100.0,NO,2606.81,0.000498,EXITOSO
run_20260726_084433_08a1a2bb,1,adriana_17,adriana,FACIL,RELEVANTE,False,420.31,4.82,0.000345,100.0,0.0,25 KILOS DE AJO,25 kilos de ajo,2126.71,EXACT_CONSENSUS,100.0,0.0,0.0,0.0,100,35,3.6e-05,3.13,AJO,N/A,matched,100.0,NO,2550.42,0.000381,EXITOSO
run_20260726_084433_08a1a2bb,1,adriana_18,adriana,FACIL,RELEVANTE,False,187.38,5.88,0.000421,100.0,0.0,6 KILOS DE AJO GRANULADO,6 kilos de ajo granulado,1935.22,EXACT_CONSENSUS,100.0,0.0,0.0,0.0,100,35,3.6e-05,2.5,AJO GRANULADO,N/A,matched,100.0,NO,2125.32,0.000457,EXITOSO
run_20260726_084433_08a1a2bb,1,adriana_19,adriana,FACIL,RELEVANTE,False,252.85,6.26,0.000449,100.0,0.0,14 KILOS DE AJONJOLI,14 kilos de ajonjolí,2114.58,EXACT_CONSENSUS,100.0,0.0,0.0,0.0,100,35,3.6e-05,266.68,AJONJOLÍ,N/A,matched,100.0,NO,2634.26,0.000485,EXITOSO
run_20260726_084433_08a1a2bb,1,adriana_20,adriana,FACIL,RELEVANTE,False,203.52,6.26,0.000449,100.0,0.0,45 KILOS DE ALAS DE POLLO,45 kilos de alas de pollo,2824.68,EXACT_CONSENSUS,100.0,0.0,0.0,0.0,100,35,3.6e-05,2.53,ALAS DE POLLO,N/A,matched,100.0,NO,3030.94,0.000485,EXITOSO
run_20260726_084433_08a1a2bb,1,adriana_21,adriana,FACIL,RELEVANTE,False,250.49,7.03,0.000504,100.0,0.0,28 KILOS DE ALAS DE POLLO BBQ,28 kilos de alas de pollo bbq,1889.99,EXACT_CONSENSUS,100.0,0.0,0.0,0.0,101,35,3.6e-05,2.71,ALAS DE POLLO BBQ,N/A,matched,100.0,NO,2143.39,0.00054,EXITOSO
run_20260726_084433_08a1a2bb,1,adriana_22,adriana,FACIL,RELEVANTE,False,240.19,4.63,0.000332,100.0,0.0,16 KILOS DE ALBACON,16 kilos de albacón,3605.26,EXACT_CONSENSUS,100.0,0.0,0.0,0.0,100,35,3.6e-05,2.55,ALBACÓN,N/A,matched,100.0,NO,3848.22,0.000368,EXITOSO
run_20260726_084433_08a1a2bb,1,adriana_23,adriana,FACIL,RELEVANTE,False,194.12,5.68,0.000407,100.0,0.0,12 KILOS DE ALCAPARRAS EN FRASCO,12 kilos de alcaparras en frasco,3174.01,EXACT_CONSENSUS,100.0,0.0,0.0,0.0,100,35,3.6e-05,1.66,ALCAPARRAS EN FRASCO,N/A,matched,100.0,NO,3369.99,0.000443,EXITOSO
run_20260726_084433_08a1a2bb,1,adriana_24,adriana,FACIL,RELEVANTE,False,249.85,4.53,0.000325,100.0,0.0,9 KILOS DE ALMENDRAS,9 kilos de almendras,2247.59,EXACT_CONSENSUS,100.0,0.0,0.0,0.0,100,35,3.6e-05,2.31,ALMENDRAS,N/A,matched,100.0,NO,2499.92,0.000361,EXITOSO
run_20260726_084433_08a1a2bb,1,adriana_25,adriana,FACIL,RELEVANTE,False,191.13,4.44,0.000318,100.0,0.0,18 KILOS DE APANADO,18 kilos de apanado,2897.86,EXACT_CONSENSUS,100.0,0.0,0.0,0.0,100,35,3.6e-05,2.62,APANADO,N/A,matched,100.0,NO,3091.76,0.000354,EXITOSO
run_20260726_084433_08a1a2bb,1,adriana_26,adriana,FACIL,RELEVANTE,False,196.78,7.7,0.000552,100.0,0.0,85 KILOS DE APIO,85 kilos de apio,3151.91,EXACT_CONSENSUS,100.0,0.0,0.0,0.0,100,35,3.6e-05,1.94,APIO,N/A,matched,100.0,NO,3350.81,0.000588,EXITOSO
run_20260726_084433_08a1a2bb,1,adriana_27,adriana,FACIL,RELEVANTE,False,231.66,4.34,0.000311,100.0,25.0,24 KILOS DE ARANDANOS,24 kilos de arándano,7199.94,EXACT_CONSENSUS,100.0,0.0,0.0,0.0,100,35,3.6e-05,2.62,ARÁNDANO,N/A,matched,100.0,NO,7434.45,0.000347,EXITOSO
run_20260726_084433_08a1a2bb,1,adriana_28,adriana,FACIL,RELEVANTE,False,210.44,5.68,0.000407,100.0,0.0,450 UNIDADES DE AREPA DE HUEVO,450 unidades de arepa de huevo,2594.21,EXACT_CONSENSUS,100.0,0.0,0.0,0.0,100,35,3.6e-05,2.57,AREPA DE HUEVO,N/A,matched,100.0,NO,2807.37,0.000443,EXITOSO
run_20260726_084433_08a1a2bb,1,adriana_29,adriana,FACIL,RELEVANTE,False,309.64,5.01,0.000359,100.0,0.0,380 UNIDADES DE AREPA DE QUESO,380 unidades de arepa de queso,2467.93,EXACT_CONSENSUS,100.0,0.0,0.0,0.0,100,35,3.6e-05,2.63,AREPA DE QUESO,N/A,matched,100.0,NO,2780.5,0.000395,EXITOSO
run_20260726_084433_08a1a2bb,1,adriana_30,adriana,FACIL,RELEVANTE,False,307.2,5.59,0.000401,100.0,0.0,650 UNIDADES DE AREPA PAISA,650 unidades de arepa paisa,2708.58,EXACT_CONSENSUS,100.0,0.0,0.0,0.0,100,35,3.6e-05,2.16,AREPA PAISA,N/A,matched,100.0,NO,3018.13,0.000437,EXITOSO
run_20260726_084433_08a1a2bb,1,adriana_31,adriana,FACIL,RELEVANTE,False,196.22,6.16,0.000441,100.0,0.0,120 UNIDADES DE AROMATICAS EN SOBRES,120 unidades de aromáticas en sobres,2802.34,EXACT_CONSENSUS,100.0,0.0,0.0,0.0,100,35,3.6e-05,2.11,AROMÁTICAS EN SOBRES,N/A,matched,100.0,NO,3000.94,0.000477,EXITOSO
run_20260726_084433_08a1a2bb,1,adriana_32,adriana,FACIL,RELEVANTE,False,168.45,4.82,0.000345,100.0,0.0,260 KILOS DE ARROZ,260 kilos de arroz,3108.98,EXACT_CONSENSUS,100.0,0.0,0.0,0.0,100,35,3.6e-05,2.59,ARROZ,N/A,matched,100.0,NO,3280.2,0.000381,EXITOSO
run_20260726_084433_08a1a2bb,1,adriana_33,adriana,FACIL,RELEVANTE,False,195.61,5.88,0.000421,100.0,0.0,18 KILOS DE ARROZ BASMATI,18 kilos de arroz basmatí,2941.54,EXACT_CONSENSUS,100.0,0.0,0.0,0.0,100,35,3.6e-05,2.84,ARROZ BASMATÍ,N/A,matched,100.0,NO,3140.18,0.000457,EXITOSO
run_20260726_084433_08a1a2bb,1,adriana_34,adriana,FACIL,RELEVANTE,False,299.55,5.4,0.000387,100.0,0.0,420 KILOS DE ARROZ FEDERAL,420 kilos de arroz federal,2426.0,EXACT_CONSENSUS,100.0,0.0,0.0,0.0,100,35,3.6e-05,2.55,ARROZ FEDERAL,N/A,matched,100.0,NO,2728.28,0.000423,EXITOSO
run_20260726_084433_08a1a2bb,1,adriana_35,adriana,FACIL,RELEVANTE,False,380.77,5.97,0.000428,100.0,0.0,38 KILOS DE ARVEJA AMARILLA,38 kilos de arveja amarilla,3379.16,EXACT_CONSENSUS,100.0,0.0,0.0,0.0,100,35,3.6e-05,2.94,ARVEJA AMARILLA,N/A,matched,100.0,NO,3763.07,0.000464,EXITOSO
run_20260726_084433_08a1a2bb,1,adriana_36,adriana,MEDIO,RELEVANTE,False,359.1,11.64,0.000834,100.0,23.08,ANOTA TRES CALDEROS RECORD QUINCE PLATOS BLANCOS CUADRADOS Y OCHO CINTAS DE SELLAMIENTO,anota 3 calderos récord 15 platos blancos cuadrados y 8 cintas de sellamiento,3062.1,EXACT_CONSENSUS,100.0,0.0,0.0,0.0,119,65,5.7e-05,2.02,CALDEROS RÉCORD,N/A,matched,100.0,NO,3423.47,0.000891,EXITOSO
run_20260726_084433_08a1a2bb,1,adriana_37,adriana,MEDIO,RELEVANTE,False,221.03,15.28,0.001095,100.0,27.78,REGISTRA DIEZ CAJAS DE IBUPROFENO DE OCHOCIENTOS MILIGRAMOS DOCE CAZUELAS DE DIECISEIS ONZAS Y VEINTE PLATOS BLANCOS CUADRADOS,registra 10 cajas de ibuprofeno de 800 miligramos 12 cazuelas de 16 onzas y 20 platos blancos cuadrados,2897.63,EXACT_CONSENSUS,100.0,0.0,0.0,0.0,134,65,5.9e-05,2.6,IBUPROFENO DE 800 MILIGRAMOS,N/A,matched,100.0,NO,3121.51,0.001154,EXITOSO
run_20260726_084433_08a1a2bb,1,adriana_38,adriana,MEDIO,RELEVANTE,False,216.23,13.46,0.000965,100.0,23.08,TENEMOS CINCO CALDEROS RECORD TREINTA CINTAS DE SELLAMIENTO Y NUEVE PLATOS BLANCOS CUADRADOS,tenemos 5 calderos récord 30 cintas de sellamiento y 9 platos blancos cuadrados,3068.11,EXACT_CONSENSUS,100.0,0.0,0.0,0.0,119,65,5.7e-05,2.55,CALDEROS RÉCORD,N/A,matched,100.0,NO,3287.14,0.001022,EXITOSO
run_20260726_084433_08a1a2bb,1,adriana_39,adriana,MEDIO,RELEVANTE,False,393.22,11.44,0.00082,100.0,26.67,ENCONTRAMOS VEINTE CAZUELAS DE DIECISEIS ONZAS SEIS CAJAS DE IBUPROFENO Y QUINCE PLATOS BLANCOS CUADRADOS,encontramos 20 cazuelas de 16 onzas 6 cajas de ibuprofeno y 15 platos blancos cuadrados,7205.5,EXACT_CONSENSUS,100.0,0.0,0.0,0.0,125,65,5.8e-05,2.26,CAZUELAS,N/A,matched,100.0,NO,7601.28,0.000878,EXITOSO
run_20260726_084433_08a1a2bb,1,adriana_40,adriana,MEDIO,RELEVANTE,False,216.71,10.39,0.000745,100.0,15.38,ANOTA UN CALDERO RECORD DIEZ CINTAS DE SELLAMIENTO Y TREINTA PLATOS BLANCOS CUADRADOS,anota un caldero récord 10 cintas de sellamiento y 30 platos blancos cuadrados,6560.95,EXACT_CONSENSUS,100.0,0.0,0.0,0.0,119,65,5.7e-05,3.27,CALDERO,N/A,matched,100.0,NO,6781.22,0.000802,EXITOSO
run_20260726_084433_08a1a2bb,1,adriana_41,adriana,MEDIO,RELEVANTE,False,506.92,11.44,0.00082,100.0,26.67,REGISTRA NUEVE CAJAS DE IBUPROFENO OCHO PLATOS BLANCOS CUADRADOS Y CINCO CAZUELAS DE DIECISEIS ONZAS,registra 9 cajas de ibuprofeno 8 platos blancos cuadrados y 5 cazuelas de 16 onzas,6774.85,EXACT_CONSENSUS,100.0,0.0,0.0,0.0,125,65,5.8e-05,1.75,IBUPROFENO,N/A,matched,100.0,NO,7283.81,0.000878,EXITOSO
run_20260726_084433_08a1a2bb,1,adriana_42,adriana,MEDIO,RELEVANTE,False,960.64,13.56,0.000972,100.0,21.43,ANOTA VEINTICINCO PLATOS BLANCOS CUADRADOS CINCO CAJAS DE IBUPROFENO Y DOS CINTAS DE SELLAMIENTO,anota 25 platos blancos cuadrados 5 cajas de ibuprofeno y 2 cintas de sellamiento,6621.86,EXACT_CONSENSUS,100.0,0.0,0.0,0.0,122,65,5.7e-05,2.01,PLATOS BLANCOS CUADRADOS,N/A,matched,100.0,NO,7584.71,0.001029,EXITOSO
run_20260726_084433_08a1a2bb,1,adriana_43,adriana,MEDIO,RELEVANTE,False,225.09,13.17,0.000944,100.0,26.67,ANOTA DOCE CAJAS DE IBUPROFENO OCHO CAZUELAS DE DIECISEIS ONZAS Y VEINTIDOS PLATOS BLANCOS CUADRADOS,anota 12 cajas de ibuprofeno 8 cazuelas de 16 onzas y 22 platos blancos cuadrados,3101.21,EXACT_CONSENSUS,100.0,0.0,0.0,0.0,125,65,5.8e-05,2.64,IBUPROFENO,N/A,matched,100.0,NO,3329.16,0.001002,EXITOSO
run_20260726_084433_08a1a2bb,1,adriana_44,adriana,MEDIO,RELEVANTE,False,197.78,10.77,0.000772,100.0,23.08,REGISTRA SIETE PLATOS BLANCOS CUADRADOS NUEVE CINTAS DE SELLAMIENTO Y DOS CALDEROS RECORD,registra 7 platos blancos cuadrados 9 cintas de sellamiento y 2 calderos récord,2824.42,EXACT_CONSENSUS,100.0,0.0,0.0,0.0,119,65,5.7e-05,2.19,PLATOS BLANCOS CUADRADOS,N/A,matched,100.0,NO,3024.61,0.000829,EXITOSO
run_20260726_084433_08a1a2bb,1,adriana_45,adriana,MEDIO,RELEVANTE,False,265.03,10.68,0.000765,100.0,23.08,TENEMOS TRES CALDEROS RECORD ONCE PLATOS BLANCOS CUADRADOS Y NUEVE CINTAS DE SELLAMIENTO,tenemos 3 calderos récord 11 platos blancos cuadrados y 9 cintas de sellamiento,3810.66,EXACT_CONSENSUS,100.0,0.0,0.0,0.0,119,65,5.7e-05,2.38,CALDEROS RÉCORD,N/A,matched,100.0,NO,4078.43,0.000822,EXITOSO
run_20260726_084433_08a1a2bb,1,adriana_46,adriana,MEDIO,RELEVANTE,False,188.9,10.2,0.000731,100.0,38.46,REGISTRA NUEVE CALDEROS RECORD DIEZ PLATOS BLANCOS CUADRADOS Y CUATRO CINTAS DE SELLAMIENTO,registra 9 calderos récord 10 platos blancos cuadrados y 4 cintas de 6 a,10051.73,EXACT_CONSENSUS,100.0,0.0,0.0,0.0,122,65,5.7e-05,2.03,CALDEROS,N/A,matched,100.0,NO,10242.96,0.000788,EXITOSO
run_20260726_084433_08a1a2bb,1,adriana_47,adriana,MEDIO,RELEVANTE,False,414.18,7.51,0.000538,100.0,18.18,BUENO POR AQUI VEO CINCO CALDEROS RECORD Y DOCE PLATOS CUADRADOS,bueno por aquí veo 5 calderos récord y 12 platos cuadrados,2405.09,EXACT_CONSENSUS,100.0,0.0,0.0,0.0,113,50,4.7e-05,2.47,CALDEROS RÉCORD,N/A,matched,100.0,NO,2822.08,0.000585,EXITOSO
run_20260726_084433_08a1a2bb,1,adriana_48,adriana,MEDIO,RELEVANTE,False,269.47,8.47,0.000607,100.0,18.18,ANOTE SEIS CAJAS DE IBUPROFENO Y UNAS QUINCE CINTAS DE SELLAMIENTO,anoté 6 cajas de ibuprofeno y unas 15 cintas de sellamiento,5371.78,EXACT_CONSENSUS,100.0,0.0,0.0,0.0,113,50,4.7e-05,2.53,IBUPROFENO,N/A,matched,100.0,NO,5644.09,0.000654,EXITOSO
run_20260726_084433_08a1a2bb,1,adriana_49,adriana,MEDIO,RELEVANTE,False,228.77,6.26,0.000449,100.0,25.0,AQUI QUEDARON DIEZ CAZUELAS Y OCHO PLATOS BLANCOS,aquí quedaron 10 cazuelas y 8 platos blancos,3520.69,EXACT_CONSENSUS,100.0,0.0,0.0,0.0,104,50,4.6e-05,2.63,CAZUELAS,N/A,matched,100.0,NO,3752.32,0.000495,EXITOSO
run_20260726_084433_08a1a2bb,1,adriana_50,adriana,MEDIO,RELEVANTE,False,346.25,6.36,0.000456,100.0,33.33,REGISTRA CUATRO CALDEROS Y VEINTE PLATOS,registra 4 calderos y 20 platos,5829.65,EXACT_CONSENSUS,100.0,0.0,0.0,0.0,100,50,4.5e-05,2.42,CALDERO,N/A,matched,100.0,NO,6178.51,0.000501,EXITOSO
run_20260726_084433_08a1a2bb,1,adriana_51,adriana,MEDIO,RELEVANTE,False,211.2,7.32,0.000525,100.0,18.18,POR ESTE LADO HAY NUEVE CAJAS DE IBUPROFENO Y TRES CINTAS,por este lado hay 9 cajas de ibuprofeno y 3 cintas,2381.71,EXACT_CONSENSUS,100.0,0.0,0.0,0.0,113,50,4.7e-05,2.82,IBUPROFENO,N/A,matched,100.0,NO,2595.94,0.000572,EXITOSO
run_20260726_084433_08a1a2bb,1,adriana_52,adriana,MEDIO,RELEVANTE,False,243.13,7.6,0.000545,100.0,33.33,APUNTA QUINCE PLATOS CUADRADOS SEIS CAZUELAS Y DOS CALDEROS,apunta 15 platos cuadrados 6 cazuelas y 2 calderos,5518.65,EXACT_CONSENSUS,100.0,0.0,0.0,0.0,107,65,5.5e-05,3.19,PLATOS CUADRADOS,N/A,matched,100.0,NO,5765.26,0.0006,EXITOSO
run_20260726_084433_08a1a2bb,1,adriana_53,adriana,MEDIO,RELEVANTE,False,485.93,7.32,0.000525,100.0,20.0,YA TERMINE ESTE ESTANTE QUEDARON OCHO CINTAS Y ONCE PLATOS,ya terminé este estante quedaron 8 cintas y 11 platos,2432.44,EXACT_CONSENSUS,100.0,0.0,0.0,0.0,110,50,4.6e-05,3.2,CINTAS,N/A,matched,100.0,NO,2921.79,0.000571,EXITOSO
run_20260726_084433_08a1a2bb,1,adriana_54,adriana,MEDIO,RELEVANTE,False,467.76,7.22,0.000517,100.0,20.0,AQUI SOLAMENTE VEO TRES CALDEROS Y SIETE CAJAS DE IBUPROFENO,aquí solamente veo 3 calderos y 7 cajas de ibuprofeno,4902.64,EXACT_CONSENSUS,100.0,0.0,0.0,0.0,110,50,4.6e-05,2.43,CALDEROS,N/A,matched,100.0,NO,5373.03,0.000563,EXITOSO
run_20260726_084433_08a1a2bb,1,adriana_55,adriana,MEDIO,RELEVANTE,False,163.9,5.97,0.000428,100.0,33.33,REGISTRA DOCE PLATOS Y CINCO CINTAS,registra 12 platos y 5 cintas,5341.6,EXACT_CONSENSUS,100.0,0.0,0.0,0.0,100,50,4.5e-05,260.93,PLATOS,N/A,matched,100.0,NO,5766.62,0.000473,EXITOSO
run_20260726_084433_08a1a2bb,1,adriana_56,adriana,MEDIO,RELEVANTE,False,284.15,7.22,0.000517,100.0,25.0,BUENO ACA ENCONTRAMOS CUATRO CAZUELAS Y NUEVE PLATOS,bueno acá encontramos 4 cazuelas y 9 platos,6785.86,EXACT_CONSENSUS,100.0,0.0,0.0,0.0,104,50,4.6e-05,2.7,CAZUELAS,N/A,matched,100.0,NO,7072.9,0.000563,EXITOSO
run_20260726_084433_08a1a2bb,1,adriana_57,adriana,MEDIO,RELEVANTE,False,431.94,8.95,0.000641,100.0,20.0,POR FAVOR ANOTA DIEZ CAJAS DE IBUPROFENO Y SEIS PLATOS,por favor anota 10 cajas de ibuprofeno y 6 platos,5557.85,EXACT_CONSENSUS,100.0,0.0,0.0,0.0,110,50,4.6e-05,2.59,IBUPROFENO,N/A,matched,100.0,NO,5992.61,0.000687,EXITOSO
run_20260726_084433_08a1a2bb,1,adriana_58,adriana,MEDIO,RELEVANTE,False,191.89,8.95,0.000641,100.0,36.36,EN ESTE ESTANTE HAY DOS CALDEROS OCHO CINTAS Y QUINCE PLATOS,en este estante hay 2 calderos y 8 cintas y 15 platos,4799.96,EXACT_CONSENSUS,100.0,0.0,0.0,0.0,116,65,5.6e-05,2.76,CALDERO,N/A,matched,100.0,NO,4994.81,0.000697,EXITOSO
run_20260726_084433_08a1a2bb,1,adriana_59,adriana,MEDIO,RELEVANTE,False,254.57,5.88,0.000421,100.0,28.57,SIGUE CON CINCO CAZUELAS Y DOCE PLATOS,sigue con 5 cazuelas y 12 platos,5673.5,EXACT_CONSENSUS,100.0,0.0,0.0,0.0,101,50,4.5e-05,2.32,CAZUELAS,N/A,matched,100.0,NO,5930.56,0.000466,EXITOSO
run_20260726_084433_08a1a2bb,1,adriana_60,adriana,MEDIO,RELEVANTE,False,237.47,7.7,0.000552,100.0,22.22,AQUI QUEDARON SIETE CAJAS DE IBUPROFENO Y CUATRO CINTAS,aquí quedaron 7 cajas de ibuprofeno y 4 cintas,2357.88,EXACT_CONSENSUS,100.0,0.0,0.0,0.0,107,50,4.6e-05,2.49,IBUPROFENO,N/A,matched,100.0,NO,2598.03,0.000598,EXITOSO
run_20260726_084433_08a1a2bb,1,adriana_61,adriana,MEDIO,RELEVANTE,False,235.85,6.26,0.000449,100.0,33.33,REGISTRA NUEVE PLATOS Y TRES CALDEROS,registra 9 platos y 3 calderos,6877.02,EXACT_CONSENSUS,100.0,0.0,0.0,0.0,100,50,4.5e-05,1.9,PLATOS,N/A,matched,100.0,NO,7114.99,0.000494,EXITOSO
run_20260726_084433_08a1a2bb,1,adriana_62,adriana,MEDIO,RELEVANTE,False,291.38,7.89,0.000565,100.0,20.0,EN ESTA FILA VEO DIEZ CINTAS Y SEIS PLATOS CUADRADOS,en esta fila veo 10 cintas y 6 platos cuadrados,3228.45,EXACT_CONSENSUS,100.0,0.0,0.0,0.0,110,50,4.6e-05,2.26,CINTAS,N/A,matched,100.0,NO,3522.28,0.000611,EXITOSO
run_20260726_084433_08a1a2bb,1,adriana_63,adriana,MEDIO,RELEVANTE,False,400.07,7.99,0.000573,100.0,18.18,YA REVISE TODO SON OCHO CAJAS DE IBUPROFENO Y CINCO CAZUELAS,ya revisé todo son 8 cajas de ibuprofeno y 5 cazuelas,5816.86,EXACT_CONSENSUS,100.0,0.0,0.0,0.0,113,50,4.7e-05,2.72,IBUPROFENO,N/A,matched,100.0,NO,6219.95,0.00062,EXITOSO
run_20260726_084433_08a1a2bb,1,adriana_64,adriana,MEDIO,RELEVANTE,False,251.44,7.12,0.00051,100.0,37.5,ANOTA CUATRO PLATOS SIETE CINTAS Y DOS CALDEROS,anota 4 platos 7 cintas y 2 calderos,5198.76,EXACT_CONSENSUS,100.0,0.0,0.0,0.0,104,65,5.5e-05,3.05,PLATOS,N/A,matched,100.0,NO,5453.44,0.000565,EXITOSO
run_20260726_084433_08a1a2bb,1,adriana_65,adriana,MEDIO,RELEVANTE,False,10481.25,6.84,0.00049,100.0,22.22,AQUI QUEDARON ONCE PLATOS Y TRES CAJAS DE IBUPROFENO,aquí quedaron 11 platos y 3 cajas de ibuprofeno,7731.49,PARTIAL_CONSENSUS,70.0,0.0,0.0,0.0,107,50,4.6e-05,2.48,PLATOS,N/A,matched,100.0,NO,18215.46,0.000536,EXITOSO
run_20260726_084433_08a1a2bb,1,adriana_66,adriana,MEDIO,RELEVANTE,False,246.31,7.8,0.000559,100.0,33.33,REGISTRA CINCO CALDEROS Y DIEZ PLATOS,registra 5 calderos y 10 platos,2263.27,EXACT_CONSENSUS,100.0,0.0,0.0,0.0,100,50,4.5e-05,3.17,CALDEROS,N/A,matched,100.0,NO,2512.96,0.000604,EXITOSO
run_20260726_084433_08a1a2bb,1,adriana_67,adriana,MEDIO,RELEVANTE,False,227.74,9.81,0.000703,100.0,18.18,ESPERA UN MOMENTO LISTO CONTINUA HAY OCHO PLATOS Y CUATRO CINTAS,espera un momento listo continúa hay 8 platos y 4 cintas,15367.14,EXACT_CONSENSUS,100.0,0.0,0.0,0.0,113,50,4.7e-05,1.87,PLATOS,N/A,matched,100.0,NO,15596.95,0.00075,EXITOSO
run_20260726_084433_08a1a2bb,1,adriana_68,adriana,MEDIO,RELEVANTE,False,318.03,8.18,0.000586,100.0,18.18,EN ESTE LADO ENCONTRAMOS DOCE CAJAS DE IBUPROFENO Y SEIS PLATOS,en este lado encontramos 12 cajas de ibuprofeno y 6 platos,2311.56,EXACT_CONSENSUS,100.0,0.0,0.0,0.0,113,50,4.7e-05,1.83,IBUPROFENO,N/A,matched,100.0,NO,2631.58,0.000633,EXITOSO
run_20260726_084433_08a1a2bb,1,adriana_69,adriana,MEDIO,RELEVANTE,False,430.89,7.22,0.000517,100.0,37.5,ANOTA CINCO CAZUELAS OCHO PLATOS Y DOS CALDEROS,anota 5 cazuelas 8 platos y 2 calderos,5153.99,EXACT_CONSENSUS,100.0,0.0,0.0,0.0,104,65,5.5e-05,2.13,CAZUELA,N/A,matched,100.0,NO,5587.18,0.000572,EXITOSO
run_20260726_084433_08a1a2bb,1,adriana_70,adriana,MEDIO,RELEVANTE,False,927.73,7.12,0.00051,100.0,22.22,YA CASI TERMINAMOS QUEDARON SIETE CINTAS Y NUEVE PLATOS,ya casi terminamos quedaron 7 cintas y 9 platos,5687.46,EXACT_CONSENSUS,100.0,0.0,0.0,0.0,107,50,4.6e-05,2.24,CINTAS,N/A,matched,100.0,NO,6617.61,0.000556,EXITOSO
run_20260726_084433_08a1a2bb,1,adriana_71,adriana,MEDIO,RELEVANTE,False,215.71,7.03,0.000504,100.0,20.0,AQUI SOLAMENTE HAY TRES CAJAS DE IBUPROFENO Y CUATRO PLATOS,aquí solamente hay 3 cajas de ibuprofeno y 4 platos,11282.23,EXACT_CONSENSUS,100.0,0.0,0.0,0.0,110,50,4.6e-05,2.24,IBUPROFENO,N/A,matched,100.0,NO,11500.35,0.00055,EXITOSO
run_20260726_084433_08a1a2bb,1,adriana_72,adriana,MEDIO,RELEVANTE,False,484.53,7.12,0.00051,100.0,25.0,REGISTRA UN CALDERO DIEZ PLATOS Y SEIS CINTAS,registra un caldero 10 platos y 6 cintas,5642.52,EXACT_CONSENSUS,100.0,0.0,0.0,0.0,104,65,5.5e-05,2.83,CALDERO,N/A,matched,100.0,NO,6130.04,0.000565,EXITOSO
run_20260726_084433_08a1a2bb,1,adriana_73,adriana,MEDIO,RELEVANTE,False,213.19,7.12,0.00051,100.0,18.18,EN LA REPISA DE ARRIBA VEO OCHO CAZUELAS Y CINCO PLATOS,en la repisa de arriba veo 8 cazuelas y 5 platos,3727.42,EXACT_CONSENSUS,100.0,0.0,0.0,0.0,113,50,4.7e-05,2.7,CAZUELAS,N/A,matched,100.0,NO,3943.57,0.000557,EXITOSO
run_20260726_084433_08a1a2bb,1,adriana_74,adriana,MEDIO,RELEVANTE,False,253.69,5.49,0.000393,100.0,33.33,APUNTA DOS CALDEROS Y DOCE PLATOS,apunta 2 calderos y 12 platos,2444.81,EXACT_CONSENSUS,100.0,0.0,0.0,0.0,100,50,4.5e-05,2.63,CALDEROS,N/A,matched,100.0,NO,2701.28,0.000438,EXITOSO
run_20260726_084433_08a1a2bb,1,adriana_75,adriana,MEDIO,RELEVANTE,False,200.45,6.45,0.000462,100.0,25.0,HAY NUEVE CAJAS DE IBUPROFENO Y SIETE CINTAS,hay 9 cajas de ibuprofeno y 7 cintas,2566.16,EXACT_CONSENSUS,100.0,0.0,0.0,0.0,104,50,4.6e-05,2.31,IBUPROFENO,N/A,matched,100.0,NO,2769.1,0.000508,EXITOSO
run_20260726_084433_08a1a2bb,1,adriana_76,adriana,MEDIO,RELEVANTE,False,292.49,6.16,0.000441,100.0,33.33,REGISTRA QUINCE PLATOS Y CUATRO CAZUELAS,registra 15 platos y 4 cazuelas,5312.96,EXACT_CONSENSUS,100.0,0.0,0.0,0.0,100,50,4.5e-05,2.88,PLATOS,N/A,matched,100.0,NO,5608.52,0.000486,EXITOSO
run_20260726_084433_08a1a2bb,1,adriana_77,adriana,MEDIO,RELEVANTE,False,194.83,7.51,0.000538,100.0,22.22,BUENO SEGUIMOS AQUI HAY SEIS PLATOS Y TRES CALDEROS,bueno seguimos aquí hay 6 platos y 3 calderos,2932.96,EXACT_CONSENSUS,100.0,0.0,0.0,0.0,107,50,4.6e-05,2.24,PLATOS,N/A,matched,100.0,NO,3130.21,0.000584,EXITOSO
run_20260726_084433_08a1a2bb,1,adriana_78,adriana,MEDIO,RELEVANTE,False,1077.48,6.93,0.000497,100.0,25.0,ANOTA OCHO CINTAS Y CINCO CAJAS DE IBUPROFENO,anota 8 cintas y 5 cajas de ibuprofeno,3395.09,EXACT_CONSENSUS,100.0,0.0,0.0,0.0,104,50,4.6e-05,2.71,CINTAS,N/A,matched,100.0,NO,4475.47,0.000543,EXITOSO
run_20260726_084433_08a1a2bb,1,adriana_79,adriana,MEDIO,RELEVANTE,False,394.86,6.36,0.000456,100.0,22.22,EN ESTA PARTE VEO ONCE PLATOS Y CUATRO CINTAS,en esta parte veo 11 platos y 4 cintas,5859.5,EXACT_CONSENSUS,100.0,0.0,0.0,0.0,107,50,4.6e-05,2.8,PLATOS,N/A,matched,100.0,NO,6257.34,0.000502,EXITOSO
run_20260726_084433_08a1a2bb,1,adriana_80,adriana,MEDIO,RELEVANTE,False,227.38,5.59,0.000401,100.0,33.33,REGISTRA SIETE CAZUELAS Y OCHO PLATOS,registra 7 cazuelas y 8 platos,9579.33,HIGH_DISCREPANCY,40.0,0.0,0.0,0.0,100,50,4.5e-05,2.24,CAZUELAS,N/A,matched,100.0,NO,9809.15,0.000446,EXITOSO
run_20260726_084433_08a1a2bb,1,adriana_81,adriana,MEDIO,RELEVANTE,False,262.22,6.93,0.000497,100.0,20.0,YA TERMINE ESTE PASILLO HAY TRES CALDEROS Y SEIS PLATOS,ya terminé este pasillo hay 3 calderos y 6 platos,3674.79,EXACT_CONSENSUS,100.0,0.0,0.0,0.0,110,50,4.6e-05,2.29,CALDERO,N/A,matched,100.0,NO,3939.51,0.000543,EXITOSO
run_20260726_084433_08a1a2bb,1,adriana_82,adriana,MEDIO,RELEVANTE,False,620.47,5.78,0.000414,100.0,22.22,AQUI QUEDARON DIEZ CAJAS DE IBUPROFENO Y NUEVE PLATOS,aquí quedaron 10 cajas de ibuprofeno y 9 platos,5416.27,EXACT_CONSENSUS,100.0,0.0,0.0,0.0,107,50,4.6e-05,3.05,IBUPROFENO,N/A,matched,100.0,NO,6039.97,0.00046,EXITOSO
run_20260726_084433_08a1a2bb,1,adriana_83,adriana,MEDIO,RELEVANTE,False,359.41,6.84,0.00049,100.0,50.0,ANOTA CINCO CINTAS CUATRO PLATOS Y DOS CAZUELAS,anotas 5 cintas 4 platos y 2 cazuelas,7976.06,EXACT_CONSENSUS,100.0,0.0,0.0,0.0,104,65,5.5e-05,3.0,CINTAS,N/A,matched,100.0,NO,8338.69,0.000545,EXITOSO
run_20260726_084433_08a1a2bb,1,adriana_84,adriana,MEDIO,RELEVANTE,False,188.4,6.07,0.000435,100.0,28.57,POR ACA SOLAMENTE VEO OCHO PLATOS CUADRADOS,por acá solo veo 8 platos cuadrados,2782.76,EXACT_CONSENSUS,100.0,0.0,0.0,0.0,101,35,3.6e-05,2.39,PLATOS CUADRADOS,N/A,matched,100.0,NO,2973.75,0.000471,EXITOSO
run_20260726_084433_08a1a2bb,1,adriana_85,adriana,MEDIO,RELEVANTE,False,276.02,6.36,0.000456,100.0,25.0,REGISTRA CUATRO CAJAS DE IBUPROFENO Y SIETE CINTAS,registra 4 cajas de ibuprofeno y 7 cintas,4550.15,EXACT_CONSENSUS,100.0,0.0,0.0,0.0,104,50,4.6e-05,2.59,IBUPROFENO,N/A,matched,100.0,NO,4828.95,0.000502,EXITOSO
run_20260726_084433_08a1a2bb,1,adriana_86,adriana,MEDIO,RELEVANTE,False,385.1,5.01,0.000359,100.0,33.33,HAY SEIS CALDEROS Y NUEVE PLATOS,hay 6 calderos y 9 platos,6263.1,EXACT_CONSENSUS,100.0,0.0,0.0,0.0,100,50,4.5e-05,3.13,CALDEROS,N/A,matched,100.0,NO,6651.57,0.000404,EXITOSO
run_20260726_084433_08a1a2bb,1,adriana_87,adriana,MEDIO,RELEVANTE,False,172.07,6.55,0.000469,100.0,22.22,EN ESTA ESQUINA ENCONTRAMOS CINCO PLATOS Y TRES CINTAS,en esta esquina encontramos 5 platos y 3 cintas,3300.66,EXACT_CONSENSUS,100.0,0.0,0.0,0.0,107,50,4.6e-05,2.55,PLATOS,N/A,matched,100.0,NO,3475.49,0.000515,EXITOSO
run_20260726_084433_08a1a2bb,1,adriana_88,adriana,MEDIO,RELEVANTE,False,324.64,5.88,0.000421,100.0,25.0,REGISTRA OCHO CAJAS DE IBUPROFENO Y DOS CALDEROS,registra 8 cajas de ibuprofeno y 2 calderos,7456.97,EXACT_CONSENSUS,100.0,0.0,0.0,0.0,104,50,4.6e-05,2.53,IBUPROFENO,N/A,matched,100.0,NO,7784.33,0.000467,EXITOSO
run_20260726_084433_08a1a2bb,1,adriana_89,adriana,MEDIO,RELEVANTE,False,280.36,5.49,0.000393,100.0,28.57,AQUI QUEDARON NUEVE PLATOS Y CINCO CAZUELAS,aquí quedaron 9 platos y 5 cazuelas,6514.82,EXACT_CONSENSUS,100.0,0.0,0.0,0.0,101,50,4.5e-05,1.73,PLATOS,N/A,matched,100.0,NO,6797.05,0.000438,EXITOSO
run_20260726_084433_08a1a2bb,1,adriana_90,adriana,MEDIO,RELEVANTE,False,197.67,5.3,0.00038,100.0,33.33,ANOTE DOCE CINTAS Y CUATRO PLATOS,anoté 12 cintas y 4 platos,6157.61,PARTIAL_CONSENSUS,70.0,0.0,0.0,0.0,100,50,4.5e-05,1.91,CINTAS,N/A,matched,100.0,NO,6357.35,0.000425,EXITOSO
run_20260726_084433_08a1a2bb,1,adriana_91,adriana,MEDIO,RELEVANTE,False,411.95,7.6,0.000545,100.0,15.38,YA REVISE TODO ESTE LADO HAY SIETE PLATOS Y TRES CAJAS DE IBUPROFENO,ya revisé todo este lado hay 7 platos y 3 cajas de ibuprofeno,9492.93,EXACT_CONSENSUS,100.0,0.0,0.0,0.0,119,50,4.8e-05,1.85,PLATOS,N/A,matched,100.0,NO,9906.93,0.000593,EXITOSO
run_20260726_084433_08a1a2bb,1,adriana_92,adriana,MEDIO,RELEVANTE,False,175.97,5.2,0.000373,100.0,33.33,REGISTRA SEIS CALDEROS Y DIEZ PLATOS,registra 6 calderos y 10 platos,4115.74,EXACT_CONSENSUS,100.0,0.0,0.0,0.0,100,50,4.5e-05,1.92,CALDEROS,N/A,matched,100.0,NO,4293.82,0.000418,EXITOSO
run_20260726_084433_08a1a2bb,1,adriana_93,adriana,MEDIO,RELEVANTE,False,691.24,5.78,0.000414,100.0,25.0,AQUI SOLAMENTE HAY CINCO CINTAS Y OCHO PLATOS,aquí solamente hay 5 cintas y 8 platos,4577.12,EXACT_CONSENSUS,100.0,0.0,0.0,0.0,104,50,4.6e-05,2.27,CINTAS,N/A,matched,100.0,NO,5270.83,0.00046,EXITOSO
run_20260726_084433_08a1a2bb,1,adriana_94,adriana,MEDIO,RELEVANTE,False,343.45,6.26,0.000449,100.0,25.0,ANOTE NUEVE CAZUELAS Y CUATRO CAJAS DE IBUPROFENO,anoté 9 cazuelas y 4 cajas de ibuprofeno,5961.27,EXACT_CONSENSUS,100.0,0.0,0.0,0.0,104,50,4.6e-05,2.22,CAZUELA,N/A,matched,100.0,NO,6307.14,0.000495,EXITOSO
run_20260726_084433_08a1a2bb,1,adriana_95,adriana,MEDIO,RELEVANTE,False,397.29,7.03,0.000504,100.0,33.33,AQUI VEO DOS CALDEROS SIETE PLATOS Y TRES CINTAS,aquí veo 2 calderos 7 platos y 3 cintas,3244.05,EXACT_CONSENSUS,100.0,0.0,0.0,0.0,107,65,5.5e-05,3.48,CALDERO,N/A,matched,100.0,NO,3645.12,0.000559,EXITOSO
run_20260726_084433_08a1a2bb,1,adriana_96,adriana,MEDIO,RELEVANTE,False,355.93,7.03,0.000504,100.0,22.22,REGISTRA DIEZ PLATOS CUADRADOS Y CINCO CAJAS DE IBUPROFENO,registra 10 platos cuadrados y 5 cajas de ibuprofeno,2503.82,EXACT_CONSENSUS,100.0,0.0,0.0,0.0,107,50,4.6e-05,2.62,PLATOS CUADRADOS,N/A,matched,100.0,NO,2862.52,0.00055,EXITOSO
run_20260726_084433_08a1a2bb,1,adriana_97,adriana,MEDIO,RELEVANTE,False,343.92,6.84,0.00049,100.0,20.0,BUENO YA CASI ACABAMOS HAY OCHO PLATOS Y CUATRO CALDEROS,bueno ya casi acabamos hay 8 platos y 4 calderos,6036.89,EXACT_CONSENSUS,100.0,0.0,0.0,0.0,110,50,4.6e-05,2.56,PLATO,N/A,matched,100.0,NO,6383.57,0.000536,EXITOSO
run_20260726_084433_08a1a2bb,1,adriana_98,adriana,MEDIO,RELEVANTE,False,226.23,7.7,0.000552,100.0,25.0,ANOTE SEIS CINTAS DE SELLAMIENTO Y NUEVE PLATOS,anoté 6 cintas de sellamiento y 9 platos,2416.5,EXACT_CONSENSUS,100.0,0.0,0.0,0.0,104,50,4.6e-05,2.0,CINTAS DE SELLAMIENTO,N/A,matched,100.0,NO,2644.89,0.000598,EXITOSO
run_20260726_084433_08a1a2bb,1,adriana_99,adriana,MEDIO,RELEVANTE,False,316.39,6.84,0.00049,100.0,77.78,AQUI QUEDARON CINCO CAJAS DE IBUPROFENO Y DOS CAZUELAS,aquí quedaron 11 platos y 3 cajas de ibuprofeno,5940.29,PARTIAL_CONSENSUS,70.0,0.0,0.0,0.0,107,50,4.6e-05,2.61,PLATOS,N/A,matched,100.0,NO,6259.45,0.000536,EXITOSO
run_20260726_084433_08a1a2bb,1,adriana_100,adriana,MEDIO,RELEVANTE,False,191.67,5.2,0.000373,100.0,33.33,REGISTRA DOCE PLATOS Y CUATRO CINTAS,registra 12 platos y 4 cintas,2319.31,EXACT_CONSENSUS,100.0,0.0,0.0,0.0,100,50,4.5e-05,2.0,PLATOS,N/A,matched,100.0,NO,2513.18,0.000418,EXITOSO
run_20260726_084433_08a1a2bb,1,adriana_101,adriana,MEDIO,RELEVANTE,False,239.94,6.36,0.000456,100.0,50.0,EN ESTA PARTE SOLAMENTE VEO TRES CALDEROS Y DIEZ PLATOS,en esta parte veo 11 platos y 4 cintas,5716.75,EXACT_CONSENSUS,100.0,0.0,0.0,0.0,107,50,4.6e-05,2.44,PLATOS,N/A,matched,100.0,NO,5959.38,0.000502,EXITOSO
run_20260726_084433_08a1a2bb,1,adriana_102,adriana,MEDIO,RELEVANTE,False,212.42,6.16,0.000441,100.0,25.0,ANOTA OCHO CAJAS DE IBUPROFENO Y CINCO PLATOS,anota 8 cajas de ibuprofeno y 5 platos,7380.24,EXACT_CONSENSUS,100.0,0.0,0.0,0.0,104,50,4.6e-05,1.99,IBUPROFENO,N/A,matched,100.0,NO,7594.89,0.000487,EXITOSO
run_20260726_084433_08a1a2bb,1,adriana_103,adriana,MEDIO,RELEVANTE,False,275.26,7.6,0.000545,100.0,22.22,AQUI ENCONTRAMOS SIETE CINTAS SEIS PLATOS Y UNA CAZUELA,aquí encontramos 7 cintas 6 platos y una cazuela,3614.29,EXACT_CONSENSUS,100.0,0.0,0.0,0.0,107,65,5.5e-05,2.4,CINTAS,N/A,matched,100.0,NO,3892.14,0.0006,EXITOSO
run_20260726_084433_08a1a2bb,1,adriana_104,adriana,MEDIO,RELEVANTE,False,269.57,5.78,0.000414,100.0,33.33,REGISTRA CUATRO CALDEROS Y ONCE PLATOS,registra 4 calderos y 11 platos,2568.84,EXACT_CONSENSUS,100.0,0.0,0.0,0.0,100,50,4.5e-05,3.86,CALDERO,N/A,matched,100.0,NO,2842.45,0.000459,EXITOSO
run_20260726_084433_08a1a2bb,1,adriana_105,adriana,MEDIO,RELEVANTE,False,203.43,7.6,0.000545,100.0,16.67,YA TERMINAMOS ESTA FILA HAY NUEVE CAJAS DE IBUPROFENO Y SEIS PLATOS,ya terminamos esta fila hay 9 cajas de ibuprofeno y 6 platos,5512.05,EXACT_CONSENSUS,100.0,0.0,0.0,0.0,116,50,4.7e-05,2.45,IBUPROFENO,N/A,matched,100.0,NO,5718.15,0.000592,EXITOSO
run_20260726_084433_08a1a2bb,1,adriana_106,adriana,MEDIO,RELEVANTE,False,206.48,7.8,0.000559,100.0,33.33,FINALMENTE ANOTA CINCO PLATOS CUATRO CINTAS Y DOS CALDEROS,finalmente anota 5 platos 4 cintas y 2 calderos,2855.85,EXACT_CONSENSUS,100.0,0.0,0.0,0.0,107,65,5.5e-05,1.78,PLATOS,N/A,matched,100.0,NO,3064.25,0.000614,EXITOSO
run_20260726_084433_08a1a2bb,1,adriana_107,adriana,DIFICIL,RELEVANTE,False,224.06,17.59,0.001261,100.0,0.0,PENSE QUE YA HABIAMOS TERMINADO EL CONTEO PERO FALTABA AHI HAY 28 CAJAS DE SERVILLETAS 15 BOTELLAS DE SALSA DE TOMATE Y 32 PAQUETES DE CUBIERTOS DESECHABLES,pensé que ya habíamos terminado el conteo pero faltaba ahí hay 28 cajas de servilletas 15 botellas de salsa de tomate y 32 paquetes de cubiertos desechables,2511.97,EXACT_CONSENSUS,100.0,0.0,0.0,0.0,161,65,6.3e-05,2.66,SERVILLETAS,N/A,matched,100.0,NO,2739.04,0.001324,EXITOSO
run_20260726_084433_08a1a2bb,1,adriana_108,adriana,DIFICIL,RELEVANTE,False,209.77,15.48,0.001109,100.0,0.0,MARIA MANANA LLEGAN TEMPRANO LOS PROVEEDORES ANOTA 85 GASEOSAS 60 CHOCOLATES Y 45 PAQUETES DE GALLETAS,maría mañana llegan temprano los proveedores anota 85 gaseosas 60 chocolates y 45 paquetes de galletas,4635.23,EXACT_CONSENSUS,100.0,0.0,0.0,0.0,128,65,5.8e-05,1.89,GASEOSA,N/A,matched,100.0,NO,4847.1,0.001167,EXITOSO
run_20260726_084433_08a1a2bb,1,adriana_109,adriana,DIFICIL,RELEVANTE,False,223.97,13.56,0.000972,100.0,0.0,NO OLVIDES CERRAR LA PUERTA CUANDO SALGAS AH Y REGISTRA 40 KILOS DE ARROZ 12 KILOS DE SAL Y 30 LITROS DE ACEITE,no olvides cerrar la puerta cuando salgas ah y registra 40 kilos de arroz 12 kilos de sal y 30 litros de aceite,6092.62,EXACT_CONSENSUS,100.0,0.0,0.0,0.0,149,65,6.1e-05,1.96,ARROZ,N/A,matched,100.0,NO,6318.77,0.001033,EXITOSO
run_20260726_084433_08a1a2bb,1,adriana_110,adriana,DIFICIL,RELEVANTE,False,258.64,18.16,0.001301,100.0,0.0,ESPERA UN MOMENTO QUE ME ESTA LLAMANDO EL SUPERVISOR LISTO CONTINUEMOS HAY 22 PAQUETES DE AZUCAR 35 BOLSAS DE CAFE Y 16 CAJAS DE VASOS DESECHABLES,espera un momento que me está llamando el supervisor listo continuemos hay 22 paquetes de azúcar 35 bolsas de café y 16 cajas de vasos desechables,3951.99,EXACT_CONSENSUS,100.0,0.0,0.0,0.0,158,65,6.3e-05,1.99,AZÚCAR,N/A,matched,100.0,NO,4213.02,0.001364,EXITOSO
run_20260726_084433_08a1a2bb,1,adriana_111,adriana,DIFICIL,RELEVANTE,False,339.23,14.61,0.001047,100.0,0.0,BUENOS DIAS YA TERMINE LA REVISION DEL PARQUEADERO AHORA SI ENCONTRAMOS 18 CAJAS DE GALLETAS 9 PAQUETES DE CAFE Y 14 BOTELLAS DE AGUA,buenos días ya terminé la revisión del parqueadero ahora sí encontramos 18 cajas de galletas 9 paquetes de café y 14 botellas de agua,4437.5,EXACT_CONSENSUS,100.0,0.0,0.0,0.0,152,65,6.2e-05,2.08,GALLETAS,N/A,matched,100.0,NO,4779.07,0.001109,EXITOSO
run_20260726_084433_08a1a2bb,1,adriana_112,adriana,DIFICIL,RELEVANTE,False,574.0,11.83,0.000848,100.0,28.57,HAY OCHO CAJAS DE IBUPROFENO CUATRO CALDEROS RECORD Y DIECIOCHO CAZUELAS DE DIECISEIS ONZAS,hay 8 cajas de ibuprofeno 4 calderos récord y 18 cazuelas de 16 onzas,3415.7,EXACT_CONSENSUS,100.0,0.0,0.0,0.0,122,65,5.7e-05,2.55,IBUPROFENO,N/A,matched,100.0,NO,3992.48,0.000905,EXITOSO
run_20260726_084433_08a1a2bb,1,adriana_113,adriana,DIFICIL,RELEVANTE,False,255.58,10.87,0.000779,100.0,30.77,REGISTRA DOCE PLATOS BLANCOS CUADRADOS SIETE CINTAS DE SELLAMIENTO Y DOS CALDEROS RECORD,registra 12 platos blancos cuadrados 7 cintas de sellamiento y 2 calderos,2991.91,EXACT_CONSENSUS,100.0,0.0,0.0,0.0,116,65,5.6e-05,2.5,PLATOS BLANCOS CUADRADOS,N/A,matched,100.0,NO,3250.18,0.000835,EXITOSO
run_20260726_084433_08a1a2bb,1,adriana_114,adriana,DIFICIL,RELEVANTE,False,251.6,11.83,0.000848,100.0,23.08,TENEMOS CUATRO CALDEROS RECORD DIECISEIS CINTAS DE SELLAMIENTO Y ONCE PLATOS BLANCOS CUADRADOS,tenemos 4 calderos récord 16 cintas de sellamiento y 11 platos blancos cuadrados,4072.5,EXACT_CONSENSUS,100.0,0.0,0.0,0.0,119,65,5.7e-05,3.03,CALDEROS,N/A,matched,100.0,NO,4327.4,0.000905,EXITOSO
run_20260726_084433_08a1a2bb,1,adriana_115,adriana,DIFICIL,RELEVANTE,False,180.44,14.52,0.001041,100.0,28.57,REGISTRA SEIS CALDEROS RECORD DIEZ CAZUELAS DE DIECISEIS ONZAS Y CATORCE PLATOS BLANCOS CUADRADOS,registra 6 calderos récord 10 cazuelas de 16 onzas y 14 platos blancos cuadrados,3962.94,EXACT_CONSENSUS,100.0,0.0,0.0,0.0,122,65,5.7e-05,1.81,CALDERO,N/A,matched,100.0,NO,4145.41,0.001098,EXITOSO
run_20260726_084433_08a1a2bb,1,adriana_116,adriana,DIFICIL,RELEVANTE,False,232.66,12.4,0.000889,100.0,21.43,HAY QUINCE CINTAS DE SELLAMIENTO TRES CAJAS DE IBUPROFENO Y OCHO PLATOS BLANCOS CUADRADOS,hay 15 cintas de sellamiento 3 cajas de ibuprofeno y 8 platos blancos cuadrados,7013.58,EXACT_CONSENSUS,100.0,0.0,0.0,0.0,122,65,5.7e-05,2.26,CINTAS DE SELLAMIENTO,N/A,matched,100.0,NO,7248.74,0.000946,EXITOSO
run_20260726_084433_08a1a2bb,1,adriana_117,adriana,DIFICIL,RELEVANTE,False,279.01,13.17,0.000944,100.0,28.57,ANOTA SIETE CALDEROS RECORD DOCE PLATOS BLANCOS CUADRADOS Y CUATRO CAZUELAS DE DIECISEIS ONZAS,anota 7 calderos récord 12 platos blancos cuadrados y 4 cazuelas de 16 onzas,2823.39,EXACT_CONSENSUS,100.0,0.0,0.0,0.0,122,65,5.7e-05,1.99,CALDEROS,N/A,matched,100.0,NO,3104.57,0.001001,EXITOSO
run_20260726_084433_08a1a2bb,1,adriana_118,adriana,DIFICIL,RELEVANTE,False,252.22,13.08,0.000937,100.0,21.43,REGISTRA ONCE CAJAS DE IBUPROFENO NUEVE CINTAS DE SELLAMIENTO Y CINCO PLATOS BLANCOS CUADRADOS,registra 11 cajas de ibuprofeno 9 cintas de sellamiento y 5 platos blancos cuadrados,5964.09,EXACT_CONSENSUS,100.0,0.0,0.0,0.0,122,65,5.7e-05,1.81,IBUPROFENO,N/A,matched,100.0,NO,6218.34,0.000994,EXITOSO
run_20260726_084433_08a1a2bb,1,adriana_119,adriana,DIFICIL,RELEVANTE,False,353.9,10.96,0.000785,100.0,30.77,TENEMOS DIECIOCHO PLATOS BLANCOS CUADRADOS TRES CALDEROS RECORD Y SEIS CINTAS DE SELLAMIENTO,tenemos 18 platos blancos cuadrados 3 calderos récord y 6 cintas de,4992.45,EXACT_CONSENSUS,100.0,0.0,0.0,0.0,116,65,5.6e-05,1.99,PLATOS BLANCOS CUADRADOS,N/A,matched,100.0,NO,5348.56,0.000841,EXITOSO
run_20260726_084433_08a1a2bb,1,adriana_120,adriana,DIFICIL,RELEVANTE,False,189.67,14.13,0.001013,100.0,26.67,ANOTA CINCO CAJAS DE IBUPROFENO VEINTE CAZUELAS DE DIECISEIS ONZAS Y OCHO PLATOS BLANCOS CUADRADOS,anota 5 cajas de ibuprofeno 20 cazuelas de 16 onzas y 8 platos blancos cuadrados,5558.7,EXACT_CONSENSUS,100.0,0.0,0.0,0.0,125,65,5.8e-05,2.99,IBUPROFENO,N/A,matched,100.0,NO,5751.64,0.001071,EXITOSO
run_20260726_084433_08a1a2bb,1,adriana_121,adriana,DIFICIL,RELEVANTE,False,331.96,12.21,0.000875,100.0,23.08,REGISTRA DOS CALDEROS RECORD QUINCE PLATOS BLANCOS CUADRADOS Y DIEZ CINTAS DE SELLAMIENTO,registra 2 calderos récord 15 platos blancos cuadrados y 10 cintas de sellamiento,3099.02,EXACT_CONSENSUS,100.0,0.0,0.0,0.0,119,65,5.7e-05,2.71,CALDEROS,N/A,matched,100.0,NO,3433.9,0.000932,EXITOSO
run_20260726_084433_08a1a2bb,1,adriana_122,adriana,DIFICIL,RELEVANTE,False,1389.97,12.69,0.000909,100.0,40.0,HAY NUEVE CAZUELAS DE DIECISEIS ONZAS SIETE CAJAS DE IBUPROFENO Y DOCE PLATOS BLANCOS CUADRADOS,este rompecabezas hay 9 cazuelas de 16 onzas 7 cajas de ibuprofeno y 12 platos blancos cuadrados,6579.09,EXACT_CONSENSUS,100.0,0.0,0.0,0.0,131,65,5.9e-05,2.19,CAZUELAS DE 16 ONZAS,N/A,matched,100.0,NO,7971.5,0.000968,EXITOSO
run_20260726_084433_08a1a2bb,1,adriana_123,adriana,DIFICIL,RELEVANTE,False,214.62,10.39,0.000745,100.0,23.08,ANOTA CUATRO PLATOS BLANCOS CUADRADOS CUATRO CALDEROS RECORD Y CATORCE CINTAS DE SELLAMIENTO,anota 4 platos blancos cuadrados 4 calderos récord y 14 cintas de sellamiento,9466.76,EXACT_CONSENSUS,100.0,0.0,0.0,0.0,119,65,5.7e-05,2.03,PLATOS BLANCOS CUADRADOS,N/A,matched,100.0,NO,9683.6,0.000802,EXITOSO
run_20260726_084433_08a1a2bb,1,adriana_124,adriana,DIFICIL,RELEVANTE,False,625.57,10.87,0.000779,100.0,26.67,REGISTRA OCHO CAJAS DE IBUPROFENO DIEZ PLATOS BLANCOS CUADRADOS Y TRES CAZUELAS DE DIECISEIS ONZAS,registra 8 cajas de ibuprofeno 10 platos blancos cuadrados y 3 cazuelas de 16 onzas,2881.36,EXACT_CONSENSUS,100.0,0.0,0.0,0.0,125,65,5.8e-05,1.94,IBUPROFENO,N/A,matched,100.0,NO,3509.11,0.000837,EXITOSO
run_20260726_084433_08a1a2bb,1,adriana_125,adriana,DIFICIL,RELEVANTE,False,440.27,11.16,0.0008,100.0,23.08,TENEMOS SEIS CALDEROS RECORD DIECIOCHO PLATOS BLANCOS CUADRADOS Y CINCO CINTAS DE SELLAMIENTO,tenemos 6 calderos récord 18 platos blancos cuadrados y 5 cintas de sellamiento,5628.37,EXACT_CONSENSUS,100.0,0.0,0.0,0.0,119,65,5.7e-05,2.52,CALDEROS RÉCORD,N/A,matched,100.0,NO,6071.43,0.000857,EXITOSO
run_20260726_084433_08a1a2bb,1,adriana_126,adriana,DIFICIL,RELEVANTE,False,216.81,13.46,0.000965,100.0,33.33,HAY DIEZ CAJAS DE IBUPROFENO CUATRO PLATOS BLANCOS CUADRADOS Y SEIS CAZUELAS DE DIECISEIS ONZAS,hay 10 cajas ibuprofeno 4 platos blancos cuadrados y 6 cazuelas de 16 onzas,5619.85,EXACT_CONSENSUS,100.0,0.0,0.0,0.0,122,65,5.7e-05,3.0,IBUPROFENO,N/A,matched,100.0,NO,5839.95,0.001022,EXITOSO
run_20260726_084433_08a1a2bb,1,adriana_127,adriana,DIFICIL,RELEVANTE,False,205.33,10.29,0.000737,100.0,23.08,ANOTA OCHO CALDEROS RECORD QUINCE CINTAS DE SELLAMIENTO Y TRECE PLATOS BLANCOS CUADRADOS,anota 8 calderos récord 15 cintas de sellamiento y 13 platos blancos cuadrados,6352.64,EXACT_CONSENSUS,100.0,0.0,0.0,0.0,119,65,5.7e-05,2.14,CALDEROS RÉCORD,N/A,matched,100.0,NO,6560.37,0.000794,EXITOSO
run_20260726_084433_08a1a2bb,1,adriana_128,adriana,DIFICIL,RELEVANTE,False,220.67,12.02,0.000861,100.0,26.67,REGISTRA CINCO CAJAS DE IBUPROFENO DOCE PLATOS BLANCOS CUADRADOS Y SIETE CAZUELAS DE DIECISEIS ONZAS,registra 5 cajas de ibuprofeno 12 platos blancos cuadrados y 7 cazuelas de 16 onzas,5589.56,EXACT_CONSENSUS,100.0,0.0,0.0,0.0,125,65,5.8e-05,2.54,IBUPROFENO,N/A,matched,100.0,NO,5813.0,0.000919,EXITOSO
run_20260726_084433_08a1a2bb,1,adriana_129,adriana,DIFICIL,RELEVANTE,False,736.54,13.56,0.000972,100.0,40.0,ANOTA SEIS CAJAS DE IBUPROFENO CINCO CAZUELAS DE DIECISEIS ONZAS Y VEINTE PLATOS BLANCOS CUADRADOS,aprovechen casera anota 6 cajas de ibuprofeno 5 cazuelas de 16 onzas y 20 platos blancos cuadrados,3423.61,EXACT_CONSENSUS,100.0,0.0,0.0,0.0,131,65,5.9e-05,2.66,IBUPROFENO,N/A,matched,100.0,NO,4163.05,0.001031,EXITOSO
run_20260726_084433_08a1a2bb,1,adriana_130,adriana,DIFICIL,RELEVANTE,False,187.6,19.6,0.001405,100.0,10.34,QUE CALOR HACE HOY SUBELE UN POQUITO AL VOLUMEN PORQUE CASI NO ESCUCHO BUENO REGISTRA 15 CAJAS DE TONER PARA IMPRESORA 8 PAQUETES DE HOJAS A4 Y 12 CALCULADORAS,qué calor hace hoy súbele un poquito el volumen porque casi no escucho bueno registra 15 cajas de tóner para impresora 8 paquetes de hojas a 4 y 12 calculadoras,4035.35,EXACT_CONSENSUS,100.0,0.0,0.0,0.0,170,65,6.4e-05,1.84,TÓNER PARA IMPRESORA,N/A,matched,100.0,NO,4225.11,0.001469,EXITOSO
run_20260726_084433_08a1a2bb,1,adriana_131,adriana,DIFICIL,RELEVANTE,False,325.44,22.48,0.001611,100.0,3.12,OIGA SI VIO EL PARTIDO ANOCHE ESPERE QUE ESTA PASANDO MUCHA GENTE BUENO CONTINUE NO ESPERE SI SON 42 CAJAS DE MARCADORES 16 RESMAS DE PAPEL OFICIO Y 8 CAJAS DE ARCHIVADORES,oiga sí vio el partido anoche espere que está pasando mucha gente bueno continúe no espere sí son 42 cajas de marcadores 16 reglas de papel oficio y 8 cajas de archivadores,6581.93,EXACT_CONSENSUS,100.0,0.0,0.0,0.0,176,65,6.5e-05,2.85,MARCADORES,N/A,matched,100.0,NO,6910.62,0.001676,EXITOSO
run_20260726_084433_08a1a2bb,1,adriana_132,adriana,DIFICIL,RELEVANTE,False,274.43,25.08,0.001797,100.0,0.0,AYER ME DIJERON QUE YA HABIAN CONTADO ESTA BODEGA PERO MEJOR CONFIRMEMOS EN COCINA PRINCIPAL SUMINISTROS ENCONTRAMOS 55 KILOS DE ARROZ NO PERDON 65 KILOS DE ARROZ ADEMAS 20 LITROS DE ACEITE Y 18 KILOS DE AZUCAR,ayer me dijeron que ya habían contado esta bodega pero mejor confirmemos en cocina principal suministros encontramos 55 kilos de arroz no perdón 65 kilos de arroz además 20 litros de aceite y 18 kilos de azúcar,7377.83,EXACT_CONSENSUS,100.0,0.0,0.0,0.0,191,65,6.8e-05,2.1,ARROZ,N/A,matched,100.0,NO,7654.9,0.001865,EXITOSO
run_20260726_084433_08a1a2bb,1,adriana_133,adriana,DIFICIL,RELEVANTE,False,319.48,16.82,0.001205,100.0,0.0,ESPERE QUE ACABA DE PASAR UN CARRO Y NO ESCUCHE NADA LISTO HAY 20 CAJAS DE TAPABOCAS 14 LITROS DE ALCOHOL Y 35 CAJAS DE GUANTES DE NITRILO,espere que acaba de pasar un carro y no escuché nada listo hay 20 cajas de tapabocas 14 litros de alcohol y 35 cajas de guantes de nitrilo,3756.1,EXACT_CONSENSUS,100.0,0.0,0.0,0.0,164,65,6.4e-05,1.92,TAPABOCAS,N/A,matched,100.0,NO,4077.77,0.001269,EXITOSO
run_20260726_084433_08a1a2bb,1,daniel_1,daniel,FACIL,RELEVANTE,False,251.17,6.2,0.000444,100.0,0.0,350 KILOS DE ACELGA,350 kilos de acelga,4748.71,EXACT_CONSENSUS,100.0,0.0,0.0,0.0,100,35,3.6e-05,2.87,ACELGA,N/A,matched,100.0,NO,5002.91,0.00048,EXITOSO
run_20260726_084433_08a1a2bb,1,daniel_2,daniel,FACIL,RELEVANTE,False,221.96,4.38,0.000314,100.0,0.0,600 KILOS DE CALABACIN,600 kilos de calabacín,2636.67,EXACT_CONSENSUS,100.0,0.0,0.0,0.0,100,35,3.6e-05,1.84,CALABACÍN,N/A,matched,100.0,NO,2860.66,0.00035,EXITOSO
run_20260726_084433_08a1a2bb,1,daniel_3,daniel,FACIL,RELEVANTE,False,419.2,5.35,0.000383,100.0,0.0,400 KILOS DE KIWI,400 kilos de kiwi,2750.69,EXACT_CONSENSUS,100.0,0.0,0.0,0.0,100,35,3.6e-05,2.44,KIWI,N/A,matched,100.0,NO,3172.48,0.000419,EXITOSO
run_20260726_084433_08a1a2bb,1,daniel_4,daniel,FACIL,RELEVANTE,False,339.71,8.25,0.000591,100.0,0.0,ALMOHADILLA PARA SELLO 600 UNIDADES,almohadilla para sello 600 unidades,3088.43,EXACT_CONSENSUS,100.0,0.0,0.0,0.0,100,35,3.6e-05,1.9,ALMOHADILLA PARA SELLO,N/A,matched,100.0,NO,3430.16,0.000627,EXITOSO
run_20260726_084433_08a1a2bb,1,daniel_5,daniel,FACIL,RELEVANTE,False,197.39,11.63,0.000833,100.0,0.0,AMBIENTADOR EN AEROSOL MARCA AROMA POR 600 UNIDADES,ambientador en aerosol marca aroma por 600 unidades,5571.74,EXACT_CONSENSUS,100.0,0.0,0.0,0.0,104,35,3.7e-05,2.61,AMBIENTADOR EN AEROSOL MARCA AROMA,N/A,matched,100.0,NO,5771.97,0.00087,EXITOSO
run_20260726_084433_08a1a2bb,1,daniel_6,daniel,FACIL,RELEVANTE,False,406.91,11.87,0.000851,100.0,0.0,BANDEJA PLASTICA POR 9320 UNIDADES,bandeja plástica por 9320 unidades,4786.14,EXACT_CONSENSUS,100.0,0.0,0.0,0.0,100,35,3.6e-05,2.03,BANDEJA PLÁSTICA,N/A,matched,100.0,NO,5195.26,0.000887,EXITOSO
run_20260726_084433_08a1a2bb,1,daniel_7,daniel,FACIL,RELEVANTE,False,245.77,9.21,0.00066,100.0,16.67,CAJA PARA PIZZA CARTON 4500 UNIDADES,caja para pizza de cartón 4500 unidades,2956.67,EXACT_CONSENSUS,100.0,0.0,0.0,0.0,101,35,3.6e-05,1.75,CAJA PARA PIZZA DE CARTÓN,N/A,matched,100.0,NO,3204.32,0.000696,EXITOSO
run_20260726_084433_08a1a2bb,1,daniel_8,daniel,FACIL,RELEVANTE,False,198.59,9.09,0.000651,100.0,14.29,CALDERO RECORD CON TAPA POR 800 UNIDADES,caldero ricor con tapa por 800 unidades,2433.97,EXACT_CONSENSUS,100.0,0.0,0.0,0.0,101,35,3.6e-05,2.4,CALDERO RICOR CON TAPA,N/A,matched,100.0,NO,2635.12,0.000687,EXITOSO
run_20260726_084433_08a1a2bb,1,daniel_9,daniel,FACIL,RELEVANTE,False,456.53,13.56,0.000972,100.0,0.0,BOWL POR 500 UNIDADES Y 7 CALCULADORAS MANUALES DE 12 DIGITOS,bowl por 500 unidades y 7 calculadoras manuales de 12 dígitos,3861.77,EXACT_CONSENSUS,100.0,0.0,0.0,0.0,113,50,4.7e-05,2.5,BOWL,N/A,matched,100.0,NO,4321.02,0.001019,EXITOSO
run_20260726_084433_08a1a2bb,1,daniel_10,daniel,FACIL,RELEVANTE,False,198.54,11.15,0.000799,100.0,0.0,AREPA PAISA POR 500 UNIDADES Y 750 KILOS DE ARANDANOS,arepa paisa por 500 unidades y 750 kilos de arándanos,4656.8,EXACT_CONSENSUS,100.0,0.0,0.0,0.0,110,50,4.6e-05,2.57,AREPA PAISA,N/A,matched,100.0,NO,4858.15,0.000845,EXITOSO
run_20260726_084433_08a1a2bb,1,daniel_11,daniel,MEDIO,RELEVANTE,False,473.01,20.93,0.0015,100.0,5.0,DON JAIME ENCONTRAMOS 750 KILOS DE ARVEJA AMARILLA TAMBIEN ENCONTRAMOS EN LA BODEGA 1 DOS KILOS DE CEBADA DE PERLA,don jaime encontramos 750 kilos de arveja amarilla también encontramos en la bodega 1 2 kilos de cebada de perla,3499.03,EXACT_CONSENSUS,100.0,0.0,0.0,0.0,140,50,5.1e-05,3.22,ARVEJA AMARILLA,N/A,matched,100.0,NO,3975.61,0.001551,EXITOSO
run_20260726_084433_08a1a2bb,1,daniel_12,daniel,MEDIO,RELEVANTE,False,247.95,13.68,0.00098,100.0,6.67,BUENOS DIAS SENORA ISABEL SON 4 UNIDADES DE SODA BRETANA Y 8 UNIDADES DE BONYURT,buenos días señora isabel son 4 unidades de soda bretaña y 8 unidades de bonjour,3091.33,EXACT_CONSENSUS,100.0,0.0,0.0,0.0,125,50,4.9e-05,2.09,SODA BRETAÑA,N/A,matched,100.0,NO,3341.56,0.001029,EXITOSO
run_20260726_084433_08a1a2bb,1,daniel_13,daniel,MEDIO,RELEVANTE,False,242.28,13.68,0.00098,100.0,6.67,KAROL ANOTE AHI QUE SON 60 KILOS DE CEBOLLA ROJA Y 50000 UNIDADES DE STEVIA,carol anote ahí que son 60 kilos de cebolla roja y 50000 unidades de stevia,3125.97,EXACT_CONSENSUS,100.0,0.0,0.0,0.0,125,50,4.9e-05,2.33,CEBOLLA ROJA,N/A,matched,100.0,NO,3370.76,0.001029,EXITOSO
run_20260726_084433_08a1a2bb,1,daniel_14,daniel,MEDIO,RELEVANTE,False,257.22,19.84,0.001422,100.0,6.25,UFF VI LA MORCILLA Y ME ANTOJE SON 700 KILOS DE MORCILLA Y 400 DE CHORIZO,uf vi la morcilla y me antojé son 700 kilos de morcilla y 400 de chorizo,3993.7,EXACT_CONSENSUS,100.0,0.0,0.0,0.0,128,50,4.9e-05,2.33,MORCILLA,N/A,matched,100.0,NO,4253.49,0.001471,EXITOSO
run_20260726_084433_08a1a2bb,1,daniel_15,daniel,MEDIO,RELEVANTE,False,289.0,23.34,0.001673,100.0,9.52,QUE MAN TAN SALADO NACHOS NATURALES POR 200 UNIDADES 400 UNIDADES DE NATUCHIPS Y 150 KILOS DE PAPA A LA FRANCESA,qué mantan salado nachos naturales por 200 unidades 400 unidades de natuchips y 150 kilos de papa a la francesa,5158.06,EXACT_CONSENSUS,100.0,0.0,0.0,0.0,140,65,6e-05,1.89,NACHOS NATURALES,N/A,matched,100.0,NO,5449.26,0.001733,EXITOSO
run_20260726_084433_08a1a2bb,1,daniel_16,daniel,DIFICIL,RELEVANTE,False,450.62,30.95,0.002218,100.0,32.0,PARCE IMAGINESE QUE VI ESTO NATUCHIPS Y ME ACORDE DE ANOCHE AUDIO INAUDIBLE 400 UNIDADES DE NATUCHIP 400 UNIDADES DE PAPAS MARGARITAS Y 200 COCACOLAS,parce imagínese que vi esos natuchips y me acordé 400 unidades de natuchips 400 unidades de papas margaritas y 200 coca-colas,3611.81,EXACT_CONSENSUS,100.0,0.0,0.0,0.0,143,65,6e-05,2.57,NATUCHIPS,N/A,matched,100.0,NO,4065.4,0.002278,EXITOSO
run_20260726_084433_08a1a2bb,1,daniel_17,daniel,DIFICIL,RELEVANTE,False,597.72,36.99,0.002651,100.0,0.0,AY AQUI ESTOY YO EN EL MISMO LUGAR QUE TE CONOCI SIGO PENSANDO EN TU BOCA PARCE NO SE PONGA A CANTAR QUE ESTAMOS HACIENDO EL INVENTARIO DICTE AHI 800 KILOS DE AZUCAR MORENA 700 KILOS DE CAFE Y 80 UNIDADES DE HAMBURGUESA MIXTA,ay aquí estoy yo en el mismo lugar que te conocí sigo pensando en tu boca parce no se ponga a cantar que estamos haciendo el inventario dicte ahí 800 kilos de azúcar morena 700 kilos de café y 80 unidades de hamburguesa mixta,5567.47,EXACT_CONSENSUS,100.0,0.0,0.0,0.0,212,65,7.1e-05,2.4,AZÚCAR MORENA,N/A,matched,100.0,NO,6168.1,0.002722,EXITOSO
run_20260726_084433_08a1a2bb,1,daniel_18,daniel,DIFICIL,RELEVANTE,False,293.91,30.35,0.002175,100.0,0.0,Y SU MAMA COMO SIGUE TENEMOS RATO SIN HABLAR ESPERA YA LE RESPONDO VOY A REGISTRAR UNOS PRODUCTOS EN LA HERRAMIENTA 19 KILOS DE BERENJENA 190 KILOS DE CHORIZO Y 700 LITROS DE AGUARDIENTE NECTAR,y su mamá cómo sigue tenemos rato sin hablar espera ya le respondo voy a registrar unos productos en la herramienta 19 kilos de berenjena 190 kilos de chorizo y 700 litros de aguardiente néctar,4156.68,EXACT_CONSENSUS,100.0,0.0,0.0,0.0,185,65,6.7e-05,1.77,BERENJENA,N/A,matched,100.0,NO,4452.73,0.002242,EXITOSO
run_20260726_084433_08a1a2bb,1,daniel_19,daniel,DIFICIL,RELEVANTE,False,324.76,40.13,0.002876,100.0,9.76,ESTO DE HACER EL INVENTARIO ES MUY TEDIOSO QUE HAGO AQUI CONTANDO UNAS ALCACHOFAS BUENO PERO SIGAMOS QUE SI NO NO TERMINAMOS HOY ALCACHOFAS 500 KILOS 400 UNIDADES DE BOTELLONES DE AGUA 19 KILOS DE ACELGA Y 60 KILOS DE AJO,esto al ser el inventario es muy tedioso qué hago aquí contando unas alcachofas bueno pero sigamos que sino no terminamos hoy alcachofas 500 kilos 400 unidades de botellones de agua 19 kilos de acelga y 60 kilos de ajo,6782.85,EXACT_CONSENSUS,100.0,0.0,0.0,0.0,200,80,7.8e-05,2.66,ALCACHOFAS,N/A,matched,100.0,NO,7110.83,0.002954,EXITOSO
run_20260726_084433_08a1a2bb,1,daniel_20,daniel,FACIL,RELEVANTE,False,232.17,5.95,0.000426,100.0,0.0,50 KILOS DE PAPA PASTUSA,50 kilos de papa pastusa,3000.75,EXACT_CONSENSUS,100.0,0.0,0.0,0.0,100,35,3.6e-05,2.61,PAPA PASTUSA,N/A,matched,100.0,NO,3235.68,0.000462,EXITOSO
run_20260726_084433_08a1a2bb,1,daniel_21,daniel,FACIL,RELEVANTE,False,217.54,4.75,0.00034,100.0,0.0,120 LITROS DE ACEITE DE GIRASOL,120 litros de aceite de girasol,2930.28,EXACT_CONSENSUS,100.0,0.0,0.0,0.0,100,35,3.6e-05,3.24,ACEITE DE GIRASOL,N/A,matched,100.0,NO,3151.29,0.000376,EXITOSO
run_20260726_084433_08a1a2bb,1,daniel_22,daniel,FACIL,RELEVANTE,False,231.0,5.23,0.000375,100.0,0.0,30 PORCIONES DE CARNE DE RES,30 porciones de carne de res,5091.06,EXACT_CONSENSUS,100.0,0.0,0.0,0.0,100,35,3.6e-05,1.83,CARNE DE RES,N/A,matched,100.0,NO,5324.14,0.000411,EXITOSO
run_20260726_084433_08a1a2bb,1,daniel_23,daniel,FACIL,RELEVANTE,False,211.27,5.83,0.000418,100.0,40.0,200 UNIDADES DE HUEVOS FRESCOS,200 unidades de huevo fresco,2966.31,EXACT_CONSENSUS,100.0,0.0,0.0,0.0,100,35,3.6e-05,259.66,HUEVO FRESCO,N/A,matched,100.0,NO,3437.37,0.000454,EXITOSO
run_20260726_084433_08a1a2bb,1,daniel_24,daniel,FACIL,RELEVANTE,False,244.82,5.47,0.000392,100.0,0.0,80 KILOS DE MANZANA ROJA,80 kilos de manzana roja,2591.1,EXACT_CONSENSUS,100.0,0.0,0.0,0.0,100,35,3.6e-05,2.27,MANZANA ROJA,N/A,matched,100.0,NO,2838.35,0.000428,EXITOSO
run_20260726_084433_08a1a2bb,1,daniel_25,daniel,FACIL,RELEVANTE,False,197.87,5.83,0.000418,100.0,20.0,15 LITROS DE LECHE ENTERA,15 litros de lechuga entera,11676.89,EXACT_CONSENSUS,100.0,0.0,0.0,0.0,100,35,3.6e-05,3.01,LECHUGA ENTERA,N/A,matched,100.0,NO,11878.0,0.000454,EXITOSO
run_20260726_084433_08a1a2bb,1,daniel_26,daniel,FACIL,RELEVANTE,False,252.47,5.71,0.000409,100.0,25.0,40 KILOS DE ZANAHORIA,400 kilos de zanahoria,3301.88,EXACT_CONSENSUS,100.0,0.0,0.0,0.0,100,35,3.6e-05,2.44,ZANAHORIA,N/A,matched,100.0,NO,3556.94,0.000445,EXITOSO
run_20260726_084433_08a1a2bb,1,daniel_27,daniel,FACIL,RELEVANTE,False,234.83,6.32,0.000453,100.0,0.0,500 UNIDADES DE VASOS DESECHABLES,500 unidades de vasos desechables,2473.89,EXACT_CONSENSUS,100.0,0.0,0.0,0.0,100,35,3.6e-05,2.99,VASOS DESECHABLES,N/A,matched,100.0,NO,2711.89,0.000489,EXITOSO
run_20260726_084433_08a1a2bb,1,daniel_28,daniel,FACIL,RELEVANTE,False,301.45,6.92,0.000496,100.0,20.0,90 KILOS DE LIMON TAITI,90 kilos de limón tahití,2961.63,EXACT_CONSENSUS,100.0,0.0,0.0,0.0,100,35,3.6e-05,2.63,LIMÓN TAHITÍ,N/A,matched,100.0,NO,3265.93,0.000532,EXITOSO
run_20260726_084433_08a1a2bb,1,daniel_29,daniel,FACIL,RELEVANTE,False,254.58,6.56,0.00047,100.0,0.0,25 PORCIONES DE POLLO ASADO,25 porciones de pollo asado,2664.91,EXACT_CONSENSUS,100.0,0.0,0.0,0.0,100,35,3.6e-05,2.39,POLLO ASADO,N/A,matched,100.0,NO,2922.03,0.000506,EXITOSO
run_20260726_084433_08a1a2bb,1,daniel_30,daniel,FACIL,RELEVANTE,False,342.2,5.47,0.000392,100.0,0.0,300 KILOS DE ARROZ BLANCO,300 kilos de arroz blanco,4884.57,EXACT_CONSENSUS,100.0,0.0,0.0,0.0,100,35,3.6e-05,1.97,ARROZ BLANCO,N/A,matched,100.0,NO,5228.89,0.000428,EXITOSO
run_20260726_084433_08a1a2bb,1,daniel_31,daniel,FACIL,RELEVANTE,False,242.3,6.44,0.000462,100.0,0.0,150 LITROS DE JUGO DE NARANJA,150 litros de jugo de naranja,6598.55,EXACT_CONSENSUS,100.0,0.0,0.0,0.0,100,35,3.6e-05,2.52,JUGO DE NARANJA,N/A,matched,100.0,NO,6843.65,0.000498,EXITOSO
run_20260726_084433_08a1a2bb,1,daniel_32,daniel,FACIL,RELEVANTE,False,475.97,6.92,0.000496,100.0,20.0,60 UNIDADES DE PAN HAMBURGUESA,60 unidades de pan de hamburguesa,3568.62,EXACT_CONSENSUS,100.0,0.0,0.0,0.0,100,35,3.6e-05,2.6,PAN DE HAMBURGUESA,N/A,matched,100.0,NO,4047.35,0.000532,EXITOSO
run_20260726_084433_08a1a2bb,1,daniel_33,daniel,FACIL,RELEVANTE,False,825.89,5.23,0.000375,100.0,0.0,75 KILOS DE CEBOLLA CABEZONA,75 kilos de cebolla cabezona,2393.81,EXACT_CONSENSUS,100.0,0.0,0.0,0.0,100,35,3.6e-05,2.62,CEBOLLA CABEZONA,N/A,matched,100.0,NO,3222.5,0.000411,EXITOSO
run_20260726_084433_08a1a2bb,1,daniel_34,daniel,FACIL,RELEVANTE,False,957.61,7.4,0.00053,100.0,0.0,50 PORCIONES DE LASANA DE CARNE,50 porciones de lasaña de carne,2922.17,EXACT_CONSENSUS,100.0,0.0,0.0,0.0,100,35,3.6e-05,2.27,LASAÑA DE CARNE,N/A,matched,100.0,NO,3882.27,0.000566,EXITOSO
run_20260726_084433_08a1a2bb,1,daniel_35,daniel,FACIL,RELEVANTE,False,441.19,9.09,0.000651,100.0,0.0,100 KILOS DE TOMATE DE ARBOL,100 kilos de tomate de árbol,2283.3,EXACT_CONSENSUS,100.0,0.0,0.0,0.0,100,35,3.6e-05,2.91,TOMATE DE ÁRBOL,N/A,matched,100.0,NO,2727.59,0.000687,EXITOSO
run_20260726_084433_08a1a2bb,1,daniel_36,daniel,FACIL,RELEVANTE,False,225.02,6.56,0.00047,100.0,0.0,400 LITROS DE DETERGENTE LIQUIDO,400 litros de detergente líquido,2753.05,EXACT_CONSENSUS,100.0,0.0,0.0,0.0,100,35,3.6e-05,2.55,DETERGENTE LÍQUIDO,N/A,matched,100.0,NO,2980.89,0.000506,EXITOSO
run_20260726_084433_08a1a2bb,1,daniel_37,daniel,FACIL,RELEVANTE,False,210.76,6.68,0.000479,100.0,0.0,800 UNIDADES DE SERVILLETA DE PAPEL,800 unidades de servilleta de papel,2911.16,EXACT_CONSENSUS,100.0,0.0,0.0,0.0,100,35,3.6e-05,3.3,SERVILLETA DE PAPEL,N/A,matched,100.0,NO,3125.41,0.000515,EXITOSO
run_20260726_084433_08a1a2bb,1,daniel_38,daniel,FACIL,RELEVANTE,False,205.56,7.28,0.000522,100.0,0.0,35 KILOS DE QUESO CAMPESINO,35 kilos de queso campesino,3235.78,EXACT_CONSENSUS,100.0,0.0,0.0,0.0,100,35,3.6e-05,2.22,QUESO CAMPESINO,N/A,matched,100.0,NO,3443.74,0.000558,EXITOSO
run_20260726_084433_08a1a2bb,1,daniel_39,daniel,FACIL,RELEVANTE,False,333.43,5.95,0.000426,100.0,0.0,12 PORCIONES DE SALMON FRESCO,12 porciones de salmón fresco,3272.55,EXACT_CONSENSUS,100.0,0.0,0.0,0.0,100,35,3.6e-05,2.58,SALMÓN FRESCO,N/A,matched,100.0,NO,3608.71,0.000462,EXITOSO
run_20260726_084433_08a1a2bb,1,daniel_40,daniel,FACIL,RELEVANTE,False,355.17,8.37,0.0006,100.0,0.0,45 KILOS DE PAPAYA MARADOL,45 kilos de papaya maradol,2304.77,EXACT_CONSENSUS,100.0,0.0,0.0,0.0,100,35,3.6e-05,2.06,PAPAYA MARADOL,N/A,matched,100.0,NO,2662.16,0.000636,EXITOSO
run_20260726_084433_08a1a2bb,1,daniel_41,daniel,FACIL,RELEVANTE,False,369.61,6.92,0.000496,100.0,0.0,600 UNIDADES DE TENEDOR PLASTICO,600 unidades de tenedor plástico,3050.94,EXACT_CONSENSUS,100.0,0.0,0.0,0.0,100,35,3.6e-05,2.52,TENEDOR PLÁSTICO,N/A,matched,100.0,NO,3423.48,0.000532,EXITOSO
run_20260726_084433_08a1a2bb,1,daniel_42,daniel,FACIL,RELEVANTE,False,249.44,5.83,0.000418,100.0,0.0,200 KILOS DE HARINA DE TRIGO,200 kilos de harina de trigo,3177.09,EXACT_CONSENSUS,100.0,0.0,0.0,0.0,100,35,3.6e-05,2.86,HARINA DE TRIGO,N/A,matched,100.0,NO,3429.6,0.000454,EXITOSO
run_20260726_084433_08a1a2bb,1,daniel_43,daniel,FACIL,RELEVANTE,False,321.45,6.8,0.000487,100.0,0.0,85 LITROS DE AGUA EMBOTELLADA,85 litros de agua embotellada,2996.73,EXACT_CONSENSUS,100.0,0.0,0.0,0.0,100,35,3.6e-05,2.42,AGUA EMBOTELLADA,N/A,matched,100.0,NO,3320.76,0.000523,EXITOSO
run_20260726_084433_08a1a2bb,1,daniel_44,daniel,FACIL,RELEVANTE,False,442.06,6.32,0.000453,100.0,20.0,110 KILOS DE PLATANO VERDE,110 litros de plátano verde,6572.75,EXACT_CONSENSUS,100.0,0.0,0.0,0.0,100,35,3.6e-05,3.03,PLÁTANO VERDE,N/A,matched,100.0,NO,7018.03,0.000489,EXITOSO
run_20260726_084433_08a1a2bb,1,daniel_45,daniel,FACIL,RELEVANTE,False,279.94,6.68,0.000479,100.0,16.67,40 PORCIONES DE PUDIN DE CHOCOLATE,40 porciones de budín de chocolate,2229.83,EXACT_CONSENSUS,100.0,0.0,0.0,0.0,100,35,3.6e-05,2.31,BUDÍN DE CHOCOLATE,N/A,matched,100.0,NO,2512.24,0.000515,EXITOSO
run_20260726_084433_08a1a2bb,1,daniel_46,daniel,FACIL,RELEVANTE,False,210.81,6.92,0.000496,100.0,0.0,350 UNIDADES DE PLATOS DESECHABLES,350 unidades de platos desechables,2624.98,EXACT_CONSENSUS,100.0,0.0,0.0,0.0,100,35,3.6e-05,2.75,PLATOS DESECHABLES,N/A,matched,100.0,NO,2838.72,0.000532,EXITOSO
run_20260726_084433_08a1a2bb,1,daniel_47,daniel,FACIL,RELEVANTE,False,181.34,9.58,0.000687,100.0,0.0,800 KILOS DE GUAYABA Y 15 PORCIONES DE LOMO DE CERDO,800 kilos de guayaba y 15 porciones de lomo de cerdo,3523.11,EXACT_CONSENSUS,100.0,0.0,0.0,0.0,113,50,4.7e-05,1.98,GUAYABA,N/A,matched,100.0,NO,3706.6,0.000734,EXITOSO
run_20260726_084433_08a1a2bb,1,daniel_48,daniel,FACIL,RELEVANTE,False,228.94,6.8,0.000487,100.0,20.0,50 LITROS DE DESINFECTANTE MULTIUSOS,50 litros de desinfectante multiuso,3523.57,EXACT_CONSENSUS,100.0,0.0,0.0,0.0,100,35,3.6e-05,3.06,DESINFECTANTE MULTIUSO,N/A,matched,100.0,NO,3755.73,0.000523,EXITOSO
run_20260726_084433_08a1a2bb,1,daniel_49,daniel,FACIL,RELEVANTE,False,449.05,6.68,0.000479,100.0,0.0,18 PORCIONES DE PECHUGA A LA PLANCHA,18 porciones de pechuga a la plancha,3199.02,EXACT_CONSENSUS,100.0,0.0,0.0,0.0,101,35,3.6e-05,2.77,PECHUGA A LA PLANCHA,N/A,matched,100.0,NO,3651.12,0.000515,EXITOSO
run_20260726_084433_08a1a2bb,1,daniel_50,daniel,FACIL,RELEVANTE,False,6565.78,11.27,0.000808,100.0,0.0,120 KILOS DE YUCA BLANCA Y 45 KILOS DE MARACUYA,120 kilos de yuca blanca y 45 kilos de maracuyá,3393.38,EXACT_CONSENSUS,100.0,0.0,0.0,0.0,110,50,4.6e-05,2.15,YUCA BLANCA,N/A,matched,100.0,NO,9961.51,0.000854,EXITOSO
run_20260726_084433_08a1a2bb,1,daniel_51,daniel,FACIL,RELEVANTE,False,204.06,8.37,0.0006,100.0,0.0,300 UNIDADES DE BOLSA PLASTICA Y 20 LITROS DE JABON LIQUIDO,300 unidades de bolsa plástica y 20 litros de jabón líquido,2472.34,EXACT_CONSENSUS,100.0,0.0,0.0,0.0,113,50,4.7e-05,3.0,BOLSA PLÁSTICA,N/A,matched,100.0,NO,2679.57,0.000647,EXITOSO
run_20260726_084433_08a1a2bb,1,daniel_52,daniel,FACIL,RELEVANTE,False,227.17,9.21,0.00066,100.0,0.0,80 KILOS DE GUAYABA Y 15 PORCIONES DE LOMO DE CERDO,80 kilos de guayaba y 15 porciones de lomo de cerdo,2151.74,EXACT_CONSENSUS,100.0,0.0,0.0,0.0,113,50,4.7e-05,2.36,GUAYABA,N/A,matched,100.0,NO,2381.48,0.000707,EXITOSO
run_20260726_084433_08a1a2bb,1,daniel_53,daniel,FACIL,RELEVANTE,False,289.91,11.03,0.00079,100.0,0.0,150 UNIDADES DE EMPAQUE PARA SUBSIDIO Y 90 KILOS DE MANGO,150 unidades de empaque para subsidio y 90 kilos de mango,3896.28,EXACT_CONSENSUS,100.0,0.0,0.0,0.0,113,50,4.7e-05,2.94,EMPAQUE PARA SUBSIDIO,N/A,matched,100.0,NO,4189.3,0.000837,EXITOSO
run_20260726_084433_08a1a2bb,1,daniel_54,daniel,FACIL,RELEVANTE,False,390.73,11.51,0.000825,100.0,0.0,400 UNIDADES DE CUCHILLO PLASTICO Y 60 LITROS DE LECHE DE SOYA,400 unidades de cuchillo plástico y 60 litros de leche de soya,4857.71,EXACT_CONSENSUS,100.0,0.0,0.0,0.0,116,50,4.7e-05,3.72,CUCHILLO PLÁSTICO,N/A,matched,100.0,NO,5252.51,0.000872,EXITOSO
run_20260726_084433_08a1a2bb,1,daniel_55,daniel,FACIL,RELEVANTE,False,1146.13,13.44,0.000963,100.0,16.67,70 KILOS DE PINA ORO MIEL Y 250 UNIDADES DE GORRO DESECHABLE,70 kilos de pina oromiel y 250 unidades de gorro desechable,4408.93,EXACT_CONSENSUS,100.0,0.0,0.0,0.0,113,50,4.7e-05,4.76,PINA OROMIEL,N/A,matched,100.0,NO,5560.11,0.00101,EXITOSO
run_20260726_084433_08a1a2bb,1,daniel_56,daniel,FACIL,RELEVANTE,False,461.32,9.94,0.000712,100.0,0.0,95 KILOS DE BROCOLI Y 35 PORCIONES DE SOPA DE VERDURAS,95 kilos de brócoli y 35 porciones de sopa de verduras,2388.73,EXACT_CONSENSUS,100.0,0.0,0.0,0.0,113,50,4.7e-05,1.99,BRÓCOLI,N/A,matched,100.0,NO,2852.31,0.000759,EXITOSO
run_20260726_084433_08a1a2bb,1,daniel_57,daniel,FACIL,RELEVANTE,False,491.73,9.46,0.000678,100.0,0.0,500 UNIDADES DE TAPA PLASTICA Y 130 LITROS DE CLORO,500 unidades de tapa plástica y 130 litros de cloro,2637.63,EXACT_CONSENSUS,100.0,0.0,0.0,0.0,110,50,4.6e-05,3.34,TAPA PLÁSTICA,N/A,matched,100.0,NO,3132.91,0.000724,EXITOSO
run_20260726_084433_08a1a2bb,1,daniel_58,daniel,FACIL,RELEVANTE,False,872.35,8.85,0.000634,100.0,0.0,85 KILOS DE PERA VERDE Y 40 LITROS DE ACEITE DE OLIVA,85 kilos de pera verde y 40 litros de aceite de oliva,2422.49,EXACT_CONSENSUS,100.0,0.0,0.0,0.0,116,50,4.7e-05,2.07,PERA VERDE,N/A,matched,100.0,NO,3297.09,0.000681,EXITOSO
run_20260726_084433_08a1a2bb,1,daniel_59,daniel,FACIL,RELEVANTE,False,234.63,9.21,0.00066,100.0,0.0,220 UNIDADES DE CAJA DE CARTON Y 15 KILOS DE MANTEQUILLA,220 unidades de caja de cartón y 15 kilos de mantequilla,2431.58,EXACT_CONSENSUS,100.0,0.0,0.0,0.0,113,50,4.7e-05,2.93,CAJA DE CARTÓN,N/A,matched,100.0,NO,2669.38,0.000707,EXITOSO
run_20260726_084433_08a1a2bb,1,daniel_60,daniel,FACIL,RELEVANTE,False,708.77,6.8,0.000487,100.0,0.0,150 KILOS DE PAPA CRIOLLA,150 kilos de papa criolla,2833.34,EXACT_CONSENSUS,100.0,0.0,0.0,0.0,100,35,3.6e-05,2.77,PAPA CRIOLLA,N/A,matched,100.0,NO,3545.07,0.000523,EXITOSO
run_20260726_084433_08a1a2bb,1,daniel_61,daniel,FACIL,RELEVANTE,False,756.05,5.71,0.000409,100.0,0.0,80 LITROS DE VINAGRE BLANCO,80 litros de vinagre blanco,2971.48,EXACT_CONSENSUS,100.0,0.0,0.0,0.0,100,35,3.6e-05,3.19,VINAGRE BLANCO,N/A,matched,100.0,NO,3730.86,0.000445,EXITOSO
run_20260726_084433_08a1a2bb,1,daniel_62,daniel,FACIL,RELEVANTE,False,280.05,6.07,0.000435,100.0,0.0,400 UNIDADES DE MECHERO PARA VELA,400 unidades de mechero para vela,2903.02,EXACT_CONSENSUS,100.0,0.0,0.0,0.0,100,35,3.6e-05,2.94,MECHERO PARA VELA,N/A,matched,100.0,NO,3186.19,0.000471,EXITOSO
run_20260726_084433_08a1a2bb,1,daniel_63,daniel,FACIL,RELEVANTE,False,459.27,8.13,0.000583,100.0,0.0,90 KILOS DE DURAZNO EN ALMIBAR,90 kilos de durazno en almíbar,2299.28,EXACT_CONSENSUS,100.0,0.0,0.0,0.0,100,35,3.6e-05,2.26,DURAZNO EN ALMÍBAR,N/A,matched,100.0,NO,2761.05,0.000619,EXITOSO
run_20260726_084433_08a1a2bb,1,daniel_64,daniel,FACIL,RELEVANTE,False,248.99,5.47,0.000392,100.0,0.0,35 PORCIONES DE FILETE DE POLLO,35 porciones de filete de pollo,2943.0,EXACT_CONSENSUS,100.0,0.0,0.0,0.0,100,35,3.6e-05,2.65,FILETE DE POLLO,N/A,matched,100.0,NO,3194.84,0.000428,EXITOSO
run_20260726_084433_08a1a2bb,1,daniel_65,daniel,FACIL,RELEVANTE,False,212.68,8.01,0.000574,100.0,0.0,600 UNIDADES DE CAPUCHON DE PAPEL,600 unidades de capuchón de papel,2958.83,EXACT_CONSENSUS,100.0,0.0,0.0,0.0,100,35,3.6e-05,3.11,CAPUCHÓN DE PAPEL,N/A,matched,100.0,NO,3174.82,0.00061,EXITOSO
run_20260726_084433_08a1a2bb,1,daniel_66,daniel,FACIL,RELEVANTE,False,523.71,6.56,0.00047,100.0,0.0,110 KILOS DE AJO EN POLVO,110 kilos de ajo en polvo,3134.22,EXACT_CONSENSUS,100.0,0.0,0.0,0.0,100,35,3.6e-05,3.3,AJO EN POLVO,N/A,matched,100.0,NO,3661.42,0.000506,EXITOSO
run_20260726_084433_08a1a2bb,1,daniel_67,daniel,FACIL,RELEVANTE,False,379.61,6.8,0.000487,100.0,0.0,75 LITROS DE JUGO DE MARACUYA,75 litros de jugo de maracuyá,5372.64,EXACT_CONSENSUS,100.0,0.0,0.0,0.0,100,35,3.6e-05,2.28,JUGO DE MARACUYÁ,N/A,matched,100.0,NO,5754.83,0.000523,EXITOSO
run_20260726_084433_08a1a2bb,1,daniel_68,daniel,FACIL,RELEVANTE,False,290.04,6.32,0.000453,100.0,0.0,50 PORCIONES DE CARNE MOLIDA,50 porciones de carne molida,3186.25,EXACT_CONSENSUS,100.0,0.0,0.0,0.0,100,35,3.6e-05,3.23,CARNE MOLIDA,N/A,matched,100.0,NO,3479.69,0.000489,EXITOSO
run_20260726_084433_08a1a2bb,1,daniel_70,daniel,MEDIO,RELEVANTE,False,249.64,16.82,0.001205,100.0,4.55,HOLA BUENAS TARDES PARA INFORMAR QUE EN EL ESTANTE TRES TENEMOS 45 KILOS DE AVENA EN HOJUELAS Y 20 LITROS DE MIEL,hola buenas tardes para informar que en el estante 3 tenemos 45 kilos de avena en hojuelas y 20 litros de miel,5604.84,EXACT_CONSENSUS,100.0,0.0,0.0,0.0,146,50,5.2e-05,270.71,AVENA EN HOJUELAS,N/A,matched,100.0,NO,6125.48,0.001257,EXITOSO
run_20260726_084433_08a1a2bb,1,daniel_71,daniel,MEDIO,RELEVANTE,False,488.27,13.32,0.000955,100.0,0.0,DON MARIO REVISANDO EL CONGELADOR HAY 80 PORCIONES DE PESCADO Y 120 KILOS DE ESPINACA,don mario revisando el congelador hay 80 porciones de pescado y 120 kilos de espinaca,5268.74,EXACT_CONSENSUS,100.0,0.0,0.0,0.0,125,50,4.9e-05,2.54,PESCADO,N/A,matched,100.0,NO,5759.78,0.001004,EXITOSO
run_20260726_084433_08a1a2bb,1,daniel_72,daniel,MEDIO,RELEVANTE,False,635.55,17.3,0.00124,100.0,6.25,OIGA MARGARITA ANOTE POR FAVOR SON 300 UNIDADES DE EMPAQUE TERMOFORMADO Y 15 KILOS DE CANELA,oiga margarita anote por favor son 300 unidades de empaque terraformado y 15 kilos de canela,6198.04,EXACT_CONSENSUS,100.0,0.0,0.0,0.0,128,50,4.9e-05,2.6,EMPAQUE TERRAFORMADO,N/A,matched,100.0,NO,6836.41,0.001289,EXITOSO
run_20260726_084433_08a1a2bb,1,daniel_73,daniel,MEDIO,RELEVANTE,False,262.66,17.06,0.001223,100.0,0.0,HOLA CARLOS COMO VAS MIRA AQUI REVISANDO LA BODEGA PRINCIPAL HAY 90 KILOS DE LENTEJA Y 200 LITROS DE VINAGRE,hola carlos cómo vas mira aquí revisando la bodega principal hay 90 kilos de lenteja y 200 litros de vinagre,6117.44,EXACT_CONSENSUS,100.0,0.0,0.0,0.0,140,50,5.1e-05,2.28,LENTEJA,N/A,matched,100.0,NO,6382.64,0.001274,EXITOSO
run_20260726_084433_08a1a2bb,1,daniel_74,daniel,MEDIO,RELEVANTE,False,198.18,14.41,0.001033,100.0,6.25,BUENAS NOCHES EQUIPO CONFIRMO RECEPCION DE 150 UNIDADES DE BANDEJA ICOPOR Y 60 KILOS DE GUISANTES,buenas noches equipo confirmo recepción de 150 unidades de bandeja de icopor y 60 kilos de guisantes,3195.83,EXACT_CONSENSUS,100.0,0.0,0.0,0.0,131,50,5e-05,2.86,BANDEJA DE ICOPOR,N/A,matched,100.0,NO,3397.16,0.001083,EXITOSO
run_20260726_084433_08a1a2bb,1,daniel_75,daniel,MEDIO,RELEVANTE,False,248.67,14.16,0.001015,100.0,0.0,HOLA JEFE YA LLEGARON LOS INSUMOS SON 500 UNIDADES DE PALILLOS DE DIENTES Y 30 LITROS DE SALSA DE TOMATE,hola jefe ya llegaron los insumos son 500 unidades de palillos de dientes y 30 litros de salsa de tomate,5525.18,EXACT_CONSENSUS,100.0,0.0,0.0,0.0,140,50,5.1e-05,3.36,PALILLOS DE DIENTES,N/A,matched,100.0,NO,5777.57,0.001066,EXITOSO
run_20260726_084433_08a1a2bb,1,daniel_76,daniel,MEDIO,RELEVANTE,False,193.85,16.34,0.001171,100.0,0.0,DON ALBERTO REVISE EL SECTOR B Y TENEMOS 70 PORCIONES DE PECHUGA Y 40 KILOS DE LIMA,don alberto revisé el sector b y tenemos 70 porciones de pechuga y 40 kilos de lima,2941.86,EXACT_CONSENSUS,100.0,0.0,0.0,0.0,131,50,5e-05,2.76,PECHUGA,N/A,matched,100.0,NO,3138.77,0.001221,EXITOSO
run_20260726_084433_08a1a2bb,1,daniel_77,daniel,MEDIO,RELEVANTE,False,572.51,23.46,0.001681,100.0,10.0,QUE MAS PUES HERMANO AQUI REPORTANDO EN LA LISTA VAN 250 UNIDADES DE CAPUCHON PLASTICO Y 85 KILOS DE GARBANZO,qué más puede ser hermano aquí reportando en la lista van 250 unidades de capuchón plástico y 85 kilos de garbanzo,4636.64,EXACT_CONSENSUS,100.0,0.0,0.0,0.0,143,50,5.1e-05,2.84,CAPUCHÓN PLÁSTICO,N/A,matched,100.0,NO,5212.33,0.001732,EXITOSO
run_20260726_084433_08a1a2bb,1,daniel_78,daniel,MEDIO,RELEVANTE,False,292.65,12.23,0.000876,100.0,0.0,NIDIA CONFIRMA SI LLEGARON 100 LITROS DE CREMA DE LECHE Y 40 KILOS DE MANI SALADO,nidia confirma si llegaron 100 litros de crema de leche y 40 kilos de maní salado,3898.26,EXACT_CONSENSUS,100.0,0.0,0.0,0.0,128,50,4.9e-05,2.69,CREMA DE LECHE,N/A,matched,100.0,NO,4193.95,0.000925,EXITOSO
run_20260726_084433_08a1a2bb,1,daniel_79,daniel,MEDIO,RELEVANTE,False,236.58,16.94,0.001214,100.0,0.0,BUENOS DIAS ALMACEN DICTO CONTEO RAPIDO 60 PORCIONES DE ARROZ CON POLLO Y 18 KILOS DE OREGANO,buenos días almacén dicto conteo rápido 60 porciones de arroz con pollo y 18 kilos de orégano,7234.09,EXACT_CONSENSUS,100.0,0.0,0.0,0.0,131,50,5e-05,2.06,ARROZ CON POLLO,N/A,matched,100.0,NO,7472.92,0.001264,EXITOSO
run_20260726_084433_08a1a2bb,1,daniel_80,daniel,MEDIO,RELEVANTE,False,376.48,21.29,0.001526,100.0,0.0,HOLA A TODOS ESPERO ESTEN BIEN REVISANDO HOY SE INGRESAN 500 UNIDADES DE POPOTE BIO Y 75 LITROS DE DESINFECTANTE,hola a todos espero estén bien revisando hoy se ingresan 500 unidades de popote bio y 75 litros de desinfectante,3256.42,EXACT_CONSENSUS,100.0,0.0,0.0,0.0,140,50,5.1e-05,3.07,POPOTE BIO,N/A,matched,100.0,NO,3636.24,0.001577,EXITOSO
run_20260726_084433_08a1a2bb,1,daniel_81,daniel,MEDIO,RELEVANTE,False,632.51,17.18,0.001231,100.0,5.88,SENOR LUCHO ME DICE SI COPIO 35 KILOS DE UVA PASA Y 120 PORCIONES DE PASTA BOLOGNESA,señor lucho me dice si copió 35 kilos de uva pasa y 120 porciones de pasta boloñesa,4271.75,EXACT_CONSENSUS,100.0,0.0,0.0,0.0,131,50,5e-05,2.18,UVA PASA,N/A,matched,100.0,NO,4906.66,0.001281,EXITOSO
run_20260726_084433_08a1a2bb,1,daniel_82,daniel,MEDIO,RELEVANTE,False,371.62,16.94,0.001214,100.0,0.0,CHICOS REVISEN LA SECCION DE ASEO HAY 90 LITROS DE JABON MULTIUSOS Y 400 UNIDADES DE ESPONJA,chicos revisen la sección de aseo hay 90 litros de jabón multiusos y 400 unidades de esponja,4613.77,EXACT_CONSENSUS,100.0,0.0,0.0,0.0,131,50,5e-05,2.72,JABÓN MULTIUSOS,N/A,matched,100.0,NO,4988.37,0.001264,EXITOSO
run_20260726_084433_08a1a2bb,1,daniel_83,daniel,MEDIO,RELEVANTE,False,245.54,17.43,0.001249,100.0,6.25,HOLA LINA DICTO INVENTARIO DE REFRIGERADOR 65 KILOS DE QUESO MOZZARELLA Y 25 LITROS DE YOGURT,hola lina dicto inventario de refrigerador 65 kilos de queso mozzarella y 25 litros de yogur,3130.26,EXACT_CONSENSUS,100.0,0.0,0.0,0.0,128,50,4.9e-05,3.45,QUESO MOZZARELLA,N/A,matched,100.0,NO,3379.45,0.001298,EXITOSO
run_20260726_084433_08a1a2bb,1,daniel_84,daniel,MEDIO,RELEVANTE,False,292.96,17.55,0.001258,100.0,0.0,DON ROBERTO BUENAS TARDES TENEMOS EN STOCK 180 UNIDADES DE ENVASE ALUMINIO Y 50 KILOS DE AVENA,don roberto buenas tardes tenemos en stock 180 unidades de envase aluminio y 50 kilos de avena,2329.44,EXACT_CONSENSUS,100.0,0.0,0.0,0.0,131,50,5e-05,2.6,ENVASE ALUMINIO,N/A,matched,100.0,NO,2625.27,0.001308,EXITOSO
run_20260726_084433_08a1a2bb,1,daniel_85,daniel,MEDIO,OMITIR,True,392.14,13.08,0.000937,0.0,0.0,HOLA AMIGOS COMO ESTAN HACE MUCHO CALOR HOY PERO SEGUIMOS CON EL CONTEO,hola amigos cómo están hace mucho calor hoy pero seguimos con el conteo,3148.81,EXACT_CONSENSUS,100.0,100.0,100.0,100.0,119,30,3.6e-05,0.0,N/A,N/A,OMITIDO,0.0,NO,3541.03,0.000973,EXITOSO
run_20260726_084433_08a1a2bb,1,daniel_86,daniel,MEDIO,OMITIR,True,1147.94,12.72,0.000912,0.0,0.0,DON PEDRO ME ESCUCHA BUENOS DIAS SOLO QUERIA SALUDAR Y SABER A QUE HORA LLEGA EL CAMION,don pedro me escucha buenos días solo quería saludar y saber a qué hora llega el camión,6013.69,EXACT_CONSENSUS,100.0,100.0,100.0,100.0,131,30,3.8e-05,0.0,N/A,N/A,OMITIDO,0.0,NO,7161.75,0.00095,EXITOSO
run_20260726_084433_08a1a2bb,1,daniel_88,daniel,MEDIO,RELEVANTE,False,297.43,16.22,0.001162,100.0,5.88,HOLA MARIA CONFIRMO QUE LLEGARON 300 UNIDADES DE BOLSA PAPEL KRAFT Y 40 KILOS DE COCO RALLADO,hola maría confirmo que llegaron 300 unidades de bolsa papel craft y 40 kilos de coco rallado,4410.33,EXACT_CONSENSUS,100.0,0.0,0.0,0.0,131,50,5e-05,2.64,BOLSA PAPEL CRAFT,N/A,matched,100.0,NO,4710.65,0.001212,EXITOSO
run_20260726_084433_08a1a2bb,1,daniel_89,daniel,MEDIO,RELEVANTE,False,214.02,13.44,0.000963,100.0,0.0,SALUDOS A TODOS REGISTRO 95 LITROS DE JUGO DE MORA Y 50 PORCIONES DE CARNE DESMECHADA,saludos a todos registro 95 litros de jugo de mora y 50 porciones de carne desmechada,4095.27,EXACT_CONSENSUS,100.0,0.0,0.0,0.0,128,50,4.9e-05,2.24,JUGO DE MORA,N/A,matched,100.0,NO,4311.71,0.001012,EXITOSO
run_20260726_084433_08a1a2bb,1,daniel_90,daniel,MEDIO,RELEVANTE,False,3244.07,15.86,0.001137,100.0,5.56,OIGA ANDRES REVISE EL ESTANTE CUATRO HAY 40 KILOS DE AJONJOLI Y 12 LITROS DE ESENCIA DE VAINILLA,oiga andrés revise el estante 4 hay 40 kilos de ajonjolí y 12 litros de esencia de vainilla,3919.53,EXACT_CONSENSUS,100.0,0.0,0.0,0.0,134,50,5e-05,2.19,AJONJOLÍ,N/A,matched,100.0,NO,7166.05,0.001187,EXITOSO
run_20260726_084433_08a1a2bb,1,daniel_91,daniel,MEDIO,RELEVANTE,False,444.3,13.68,0.00098,100.0,6.67,BUENAS DIAS CONFIRMO QUE TENEMOS 220 UNIDADES DE VASO CARTON Y 70 KILOS DE CAMOTE,buenos días confirmo que tenemos 220 unidades de vaso cartón y 70 kilos de camote,3301.13,EXACT_CONSENSUS,100.0,0.0,0.0,0.0,125,50,4.9e-05,2.54,VASO CARTÓN,N/A,matched,100.0,NO,3748.27,0.001029,EXITOSO
run_20260726_084433_08a1a2bb,1,daniel_92,daniel,MEDIO,RELEVANTE,False,306.98,15.01,0.001076,100.0,0.0,DON FELIPE LE INFORMO QUE SE CONTARON 85 PORCIONES DE EMBUTIDO Y 30 LITROS DE SIROPE,don felipe le informo que se contaron 85 porciones de embutido y 30 litros de sirope,4210.74,EXACT_CONSENSUS,100.0,0.0,0.0,0.0,128,50,4.9e-05,2.94,EMBUTIDO,N/A,matched,100.0,NO,4520.91,0.001125,EXITOSO
run_20260726_084433_08a1a2bb,1,daniel_93,daniel,MEDIO,OMITIR,True,384.2,12.84,0.00092,0.0,0.0,CHICOS NO OLVIDEN QUE HOY HAY REUNION A LAS CUATRO DE LA TARDE EN LA SALA PRINCIPAL,chicos no olviden que hoy hay reunión a las 4 de la tarde en la sala principal,6782.02,EXACT_CONSENSUS,100.0,100.0,100.0,100.0,131,30,3.8e-05,0.0,N/A,N/A,OMITIDO,0.0,NO,7166.35,0.000958,EXITOSO
run_20260726_084433_08a1a2bb,1,daniel_94,daniel,MEDIO,RELEVANTE,False,705.85,17.79,0.001275,100.0,0.0,HOLA DIANA POR FAVOR ANOTA 400 UNIDADES DE MECHA PARA TRAPEADOR Y 50 LITROS DE CERA,hola diana por favor anota 400 unidades de mecha para trapeador y 50 litros de cera,4328.11,EXACT_CONSENSUS,100.0,0.0,0.0,0.0,128,50,4.9e-05,3.0,MECHA PARA TRAPEADOR,N/A,matched,100.0,NO,5037.22,0.001324,EXITOSO
run_20260726_084433_08a1a2bb,1,daniel_95,daniel,DIFICIL,RELEVANTE,False,476.26,24.19,0.001734,100.0,0.0,PARCE SE CAYO UNA CAJA ESPERA REVISO BUENO DICTE AHI 50 KILOS DE ATUN Y 300 UNIDADES DE LATA,parce se cayó una caja espera reviso bueno dicte ahí 50 kilos de atún y 300 unidades de lata,6379.42,EXACT_CONSENSUS,100.0,0.0,0.0,0.0,137,50,5.1e-05,3.22,ATÚN,N/A,matched,100.0,NO,6859.19,0.001785,EXITOSO
run_20260726_084433_08a1a2bb,1,daniel_96,daniel,DIFICIL,RELEVANTE,False,5266.73,32.16,0.002305,100.0,5.26,QUE DIJO NO SE LE ESCUCHA BIEN AH YA DIJO 150 LITROS DE ACEITE Y 80 KILOS DE MAIZ,qué dijo que no se le escucha bien ah ya dijo 150 litros de aceite y 80 kilos de maíz,3506.75,EXACT_CONSENSUS,100.0,0.0,0.0,0.0,140,50,5.1e-05,2.53,ACEITE,N/A,matched,100.0,NO,8776.31,0.002356,EXITOSO
run_20260726_084433_08a1a2bb,1,daniel_98,daniel,DIFICIL,RELEVANTE,False,1119.7,44.47,0.003187,100.0,0.0,ESPERA ESPERA QUE PASE EL CAMION BUENO 600 UNIDADES DE VASO TERMICO Y 20 KILOS DE CHOCOLATE,espera espera que pase el camión bueno 600 unidades de vaso térmico y 20 kilos de chocolate,2287.3,EXACT_CONSENSUS,100.0,0.0,0.0,0.0,131,50,5e-05,3.19,VASO TÉRMICO,N/A,matched,100.0,NO,3410.48,0.003237,EXITOSO
run_20260726_084433_08a1a2bb,1,daniel_99,daniel,DIFICIL,RELEVANTE,False,232.87,22.98,0.001647,100.0,4.35,PARCE TENGO UN HAMBRE TERRIBLE VAMOS A ALMORZAR YA CASI PERO PRIMERO DICTE 40 KILOS DE CAMARON Y 100 PORCIONES DE ARROZ CHAUFA,parce tengo un hambre terrible vamos a almorzar ya casi pero 1º dicte 40 kilos de camarón y 100 porciones de arroz chaufa,5169.89,EXACT_CONSENSUS,100.0,0.0,0.0,0.0,149,50,5.2e-05,2.28,CAMARÓN,N/A,matched,100.0,NO,5405.33,0.001699,EXITOSO
run_20260726_084433_08a1a2bb,1,daniel_100,daniel,DIFICIL,RELEVANTE,False,316.6,19.12,0.00137,100.0,0.0,OIGA APAGUE ESO NO SE OYE NADA A VER 35 LITROS DE SALSA DE SOYA Y 500 UNIDADES DE CAJAS,oiga apagué eso no se oye nada a ver 35 litros de salsa de soya y 500 unidades de cajas,7291.41,EXACT_CONSENSUS,100.0,0.0,0.0,0.0,140,50,5.1e-05,3.49,SALSA DE SOYA,N/A,matched,100.0,NO,7611.74,0.001421,EXITOSO
run_20260726_084433_08a1a2bb,1,daniel_101,daniel,DIFICIL,RELEVANTE,False,273.17,23.1,0.001656,100.0,3.57,CHISME DE PASILLO Y ENTONCES LE DIJO QUE NO Y ELLA SE FUE AJA BUENO ESPERA QUE ESTOY GRABANDO 120 KILOS DE YUCA Y 40 PORCIONES DE SANCOCHO,chisme de pasillo y entonces le dije que no y ella se fue ajá bueno espera que estoy grabando 120 kilos de yuca y 40 porciones de sancocho,4109.78,EXACT_CONSENSUS,100.0,0.0,0.0,0.0,164,50,5.5e-05,3.56,YUCA,N/A,matched,100.0,NO,4386.88,0.001711,EXITOSO
run_20260726_084433_08a1a2bb,1,daniel_102,daniel,DIFICIL,RELEVANTE,False,683.76,28.65,0.002053,100.0,6.25,ESPERA QUE PASE LA SIRENA LISTO ANOTA 70 KILOS DE MANGO Y 200 UNIDADES DE ETIQUETA,espera a que pase la sirena listo anota 70 kilos de mango y 200 unidades de etiqueta,5615.12,EXACT_CONSENSUS,100.0,0.0,0.0,0.0,131,50,5e-05,3.14,MANGO,N/A,matched,100.0,NO,6302.33,0.002103,EXITOSO
run_20260726_084433_08a1a2bb,1,daniel_104,daniel,DIFICIL,RELEVANTE,False,224.51,24.91,0.001785,100.0,0.0,OIGA DON JOSE SE LE OLVIDO EL CASCO ESPERA SE LO LLEVO YA VUELVO BUENO ANOTE AHI 450 UNIDADES DE PITILLO Y 60 KILOS DE LENTEJA,oiga don josé se le olvidó el casco espera se lo llevo ya vuelvo bueno anote ahí 450 unidades de pitillo y 60 kilos de lenteja,3746.98,EXACT_CONSENSUS,100.0,0.0,0.0,0.0,158,50,5.4e-05,257.12,PITILLO,N/A,matched,100.0,NO,4228.88,0.001839,EXITOSO
run_20260726_084433_08a1a2bb,1,daniel_105,daniel,DIFICIL,RELEVANTE,False,271.69,31.91,0.002287,100.0,56.52,RUIDO DE VENTILADOR FUERTE Y SUSURROS AL FONDO NO SE ENTIENDE CASI A VER 110 KILOS DE FRITO Y 30 PORCIONES DE ENSALADA,a ver 110 kilos de frito y 70 porciones de ensalada,2983.7,EXACT_CONSENSUS,100.0,0.0,0.0,0.0,113,50,4.7e-05,2.8,FRITO,N/A,matched,100.0,NO,3258.4,0.002334,EXITOSO
run_20260726_084433_08a1a2bb,1,daniel_108,daniel,DIFICIL,OMITIR,True,207.52,13.44,0.000963,0.0,0.0,PARCE ME DA UN CAFE POR FAVOR GRACIAS OIGA ESTOY HABLANDO CON EL MESERO NO CON LA GRABADORA,parce me da un café por favor gracias oiga estoy hablando con el mesero no con la grabadora,6246.9,EXACT_CONSENSUS,100.0,0.0,0.0,0.0,134,35,4.1e-05,3.05,CAFÉ,N/A,OMITIDO,0.0,NO,6457.6,0.001004,EXITOSO
run_20260726_084433_08a1a2bb,1,daniel_110,daniel,DIFICIL,OMITIR,True,2753.45,14.04,0.001006,0.0,0.0,,,0.0,EXACT_CONSENSUS,100.0,100.0,100.0,100.0,100,30,3.3e-05,0.0,N/A,N/A,OMITIDO,0.0,NO,2753.52,0.001039,EXITOSO
run_20260726_084433_08a1a2bb,1,daniel_111,daniel,DIFICIL,OMITIR,True,238.52,16.94,0.001214,0.0,0.0,QUE PASO AHI SE CAYO EL ESTANTE PARCE QUE DESASTRE,qué pasó ahí se cayó el estante parce qué desastre,13054.74,EXACT_CONSENSUS,100.0,100.0,100.0,100.0,110,30,3.4e-05,0.0,N/A,N/A,OMITIDO,0.0,NO,13293.4,0.001248,EXITOSO
run_20260726_084433_08a1a2bb,1,daniel_112,daniel,DIFICIL,OMITIR,True,284.31,18.39,0.001318,0.0,0.0,CUIDADO CON EL MONTACARGAS ESPERA FRENEN ESO,cuidado con el montacargas espera frena eso,6101.47,EXACT_CONSENSUS,100.0,100.0,100.0,100.0,101,30,3.3e-05,0.0,N/A,N/A,OMITIDO,0.0,NO,6385.89,0.001351,EXITOSO
run_20260726_084433_08a1a2bb,2,adriana_1,adriana,FACIL,RELEVANTE,False,1075.48,6.74,0.000483,100.0,0.0,150 KILOS DE ARROZ,150 kilos de arroz,6135.89,EXACT_CONSENSUS,100.0,0.0,0.0,0.0,100,35,3.6e-05,2.97,ARROZ,N/A,matched,100.0,NO,7214.48,0.000519,EXITOSO
run_20260726_084433_08a1a2bb,2,adriana_2,adriana,FACIL,RELEVANTE,False,1658.68,7.8,0.000559,100.0,0.0,220 KILOS DE AZUCAR RUBIA,220 kilos de azúcar rubia,3364.29,EXACT_CONSENSUS,100.0,0.0,0.0,0.0,100,35,3.6e-05,2.04,AZÚCAR RUBIA,N/A,matched,100.0,NO,5025.13,0.000595,EXITOSO
run_20260726_084433_08a1a2bb,2,adriana_3,adriana,FACIL,RELEVANTE,False,1062.23,6.07,0.000435,100.0,0.0,75 LITROS DE ACEITE,75 litros de aceite,5966.23,EXACT_CONSENSUS,100.0,0.0,0.0,0.0,100,35,3.6e-05,3.91,ACEITE,N/A,matched,100.0,NO,7032.49,0.000471,EXITOSO
run_20260726_084433_08a1a2bb,2,adriana_4,adriana,FACIL,RELEVANTE,False,1082.28,6.84,0.00049,100.0,0.0,12 LITROS DE ACEITE DE AJONJOLI,12 litros de aceite de ajonjolí,3250.82,EXACT_CONSENSUS,100.0,0.0,0.0,0.0,100,35,3.6e-05,262.35,ACEITE DE AJONJOLÍ,N/A,matched,100.0,NO,4595.58,0.000526,EXITOSO
run_20260726_084433_08a1a2bb,2,adriana_5,adriana,FACIL,RELEVANTE,False,1104.95,6.07,0.000435,100.0,0.0,18 LITROS DE ACEITE DE OLIVA,18 litros de aceite de oliva,3640.75,EXACT_CONSENSUS,100.0,0.0,0.0,0.0,100,35,3.6e-05,2.75,ACEITE DE OLIVA,N/A,matched,100.0,NO,4748.6,0.000471,EXITOSO
run_20260726_084433_08a1a2bb,2,adriana_6,adriana,FACIL,RELEVANTE,False,1447.51,6.55,0.000469,100.0,0.0,35 UNIDADES DE ACEITE DE OLIVA EN SOBRES,35 unidades de aceite de oliva en sobres,3584.91,EXACT_CONSENSUS,100.0,0.0,0.0,0.0,104,35,3.7e-05,2.37,ACEITE DE OLIVA,N/A,matched,100.0,NO,5034.95,0.000506,EXITOSO
run_20260726_084433_08a1a2bb,2,adriana_7,adriana,FACIL,RELEVANTE,False,1062.75,5.59,0.000401,100.0,0.0,22 KILOS DE ACHIOTE MOLIDO,22 kilos de achiote molido,3240.8,EXACT_CONSENSUS,100.0,0.0,0.0,0.0,100,35,3.6e-05,258.58,ACHIOTE MOLIDO,N/A,matched,100.0,NO,4562.27,0.000437,EXITOSO
run_20260726_084433_08a1a2bb,2,adriana_8,adriana,FACIL,RELEVANTE,False,1022.79,6.36,0.000456,100.0,0.0,16 LITROS DE ADEREZO DE QUESO CHEDDAR,16 litros de aderezo de queso cheddar,3376.4,EXACT_CONSENSUS,100.0,0.0,0.0,0.0,101,35,3.6e-05,260.26,ADEREZO DE QUESO CHEDDAR,N/A,matched,100.0,NO,4659.59,0.000492,EXITOSO
run_20260726_084433_08a1a2bb,2,adriana_9,adriana,FACIL,RELEVANTE,False,172.84,7.41,0.000531,100.0,0.0,240 UNIDADES DE AGUA DE 280 MILILITROS,240 unidades de agua de 280 mililitros,3701.88,EXACT_CONSENSUS,100.0,0.0,0.0,0.0,101,35,3.6e-05,2.44,AGUA,N/A,matched,100.0,NO,3877.34,0.000567,EXITOSO
run_20260726_084433_08a1a2bb,2,adriana_10,adriana,FACIL,RELEVANTE,False,274.0,7.51,0.000538,100.0,0.0,520 UNIDADES DE AGUA EN BOTELLA,520 unidades de agua en botella,3175.1,EXACT_CONSENSUS,100.0,0.0,0.0,0.0,100,35,3.6e-05,3.32,AGUA EN BOTELLA,N/A,matched,100.0,NO,3452.63,0.000574,EXITOSO
run_20260726_084433_08a1a2bb,2,adriana_11,adriana,FACIL,RELEVANTE,False,406.44,8.37,0.0006,100.0,50.0,430 UNIDADES DE AGUA SABORIZADA H2O,430 unidades de agua saborizada h 2 o,2661.6,EXACT_CONSENSUS,100.0,0.0,0.0,0.0,104,35,3.7e-05,2.96,AGUA SABORIZADA H 2 O,N/A,matched,100.0,NO,3071.19,0.000637,EXITOSO
run_20260726_084433_08a1a2bb,2,adriana_12,adriana,FACIL,RELEVANTE,False,453.75,8.56,0.000613,100.0,16.67,680 UNIDADES DE AGUA WAIRA SABORIZADA,680 unidades de agua guaira saborizada,1838.58,EXACT_CONSENSUS,100.0,0.0,0.0,0.0,100,35,3.6e-05,2.1,AGUA GUAIRA SABORIZADA,N/A,matched,100.0,NO,2294.62,0.000649,EXITOSO
run_20260726_084433_08a1a2bb,2,adriana_13,adriana,FACIL,RELEVANTE,False,246.74,6.36,0.000456,100.0,0.0,15 LITROS DE AGUARDIENTE AMARILLO PIONERO,15 litros de aguardiente amarillo pionero,3229.26,EXACT_CONSENSUS,100.0,0.0,0.0,0.0,100,35,3.6e-05,2.54,AGUARDIENTE AMARILLO PIONERO,N/A,matched,100.0,NO,3478.69,0.000492,EXITOSO
run_20260726_084433_08a1a2bb,2,adriana_14,adriana,FACIL,RELEVANTE,False,456.82,5.97,0.000428,100.0,0.0,9 LITROS DE AGUARDIENTE ANTIOQUENO SIN AZUCAR,9 litros de aguardiente antioqueño sin azúcar,2223.21,EXACT_CONSENSUS,100.0,0.0,0.0,0.0,101,35,3.6e-05,2.91,AGUARDIENTE ANTIOQUEÑO SIN AZÚCAR,N/A,matched,100.0,NO,2683.11,0.000464,EXITOSO
run_20260726_084433_08a1a2bb,2,adriana_15,adriana,FACIL,RELEVANTE,False,509.09,6.74,0.000483,100.0,0.0,7 LITROS DE AGUARDIENTE ANTIOQUENO ROJO,7 litros de aguardiente antioqueño rojo,2897.95,EXACT_CONSENSUS,100.0,0.0,0.0,0.0,100,35,3.6e-05,2.99,AGUARDIENTE ANTIOQUEÑO ROJO,N/A,matched,100.0,NO,3410.21,0.000519,EXITOSO
run_20260726_084433_08a1a2bb,2,adriana_16,adriana,FACIL,RELEVANTE,False,429.3,6.45,0.000462,100.0,0.0,18 LITROS DE AGUARDIENTE NECTAR CLUB,18 litros de aguardiente néctar club,3079.41,EXACT_CONSENSUS,100.0,0.0,0.0,0.0,100,35,3.6e-05,2.8,AGUARDIENTE NÉCTAR CLUB,N/A,matched,100.0,NO,3511.68,0.000498,EXITOSO
run_20260726_084433_08a1a2bb,2,adriana_17,adriana,FACIL,RELEVANTE,False,260.63,4.82,0.000345,100.0,0.0,25 KILOS DE AJO,25 kilos de ajo,2673.72,EXACT_CONSENSUS,100.0,0.0,0.0,0.0,100,35,3.6e-05,3.43,AJO,N/A,matched,100.0,NO,2937.97,0.000381,EXITOSO
run_20260726_084433_08a1a2bb,2,adriana_18,adriana,FACIL,RELEVANTE,False,227.93,5.88,0.000421,100.0,0.0,6 KILOS DE AJO GRANULADO,6 kilos de ajo granulado,2022.54,EXACT_CONSENSUS,100.0,0.0,0.0,0.0,100,35,3.6e-05,2.17,AJO GRANULADO,N/A,matched,100.0,NO,2252.83,0.000457,EXITOSO
run_20260726_084433_08a1a2bb,2,adriana_19,adriana,FACIL,RELEVANTE,False,185.56,6.26,0.000449,100.0,0.0,14 KILOS DE AJONJOLI,14 kilos de ajonjolí,2252.5,EXACT_CONSENSUS,100.0,0.0,0.0,0.0,100,35,3.6e-05,2.78,AJONJOLÍ,N/A,matched,100.0,NO,2441.03,0.000485,EXITOSO
run_20260726_084433_08a1a2bb,2,adriana_20,adriana,FACIL,RELEVANTE,False,352.64,6.26,0.000449,100.0,0.0,45 KILOS DE ALAS DE POLLO,45 kilos de alas de pollo,3224.35,EXACT_CONSENSUS,100.0,0.0,0.0,0.0,100,35,3.6e-05,3.07,ALAS DE POLLO,N/A,matched,100.0,NO,3580.25,0.000485,EXITOSO
run_20260726_084433_08a1a2bb,2,adriana_21,adriana,FACIL,RELEVANTE,False,274.29,7.03,0.000504,100.0,0.0,28 KILOS DE ALAS DE POLLO BBQ,28 kilos de alas de pollo bbq,2125.47,EXACT_CONSENSUS,100.0,0.0,0.0,0.0,101,35,3.6e-05,3.77,ALAS DE POLLO BBQ,N/A,matched,100.0,NO,2403.7,0.00054,EXITOSO
run_20260726_084433_08a1a2bb,2,adriana_22,adriana,FACIL,RELEVANTE,False,179.7,4.63,0.000332,100.0,0.0,16 KILOS DE ALBACON,16 kilos de albacón,2346.57,EXACT_CONSENSUS,100.0,0.0,0.0,0.0,100,35,3.6e-05,3.02,ALBACÓN,N/A,matched,100.0,NO,2529.5,0.000368,EXITOSO
run_20260726_084433_08a1a2bb,2,adriana_23,adriana,FACIL,RELEVANTE,False,277.71,5.68,0.000407,100.0,0.0,12 KILOS DE ALCAPARRAS EN FRASCO,12 kilos de alcaparras en frasco,2415.89,EXACT_CONSENSUS,100.0,0.0,0.0,0.0,100,35,3.6e-05,2.59,ALCAPARRAS EN FRASCO,N/A,matched,100.0,NO,2696.36,0.000443,EXITOSO
run_20260726_084433_08a1a2bb,2,adriana_24,adriana,FACIL,RELEVANTE,False,218.75,4.53,0.000325,100.0,0.0,9 KILOS DE ALMENDRAS,9 kilos de almendras,3318.75,EXACT_CONSENSUS,100.0,0.0,0.0,0.0,100,35,3.6e-05,2.29,ALMENDRAS,N/A,matched,100.0,NO,3539.96,0.000361,EXITOSO
run_20260726_084433_08a1a2bb,2,adriana_25,adriana,FACIL,RELEVANTE,False,3920.97,4.44,0.000318,100.0,0.0,18 KILOS DE APANADO,18 kilos de apanado,2356.02,EXACT_CONSENSUS,100.0,0.0,0.0,0.0,100,35,3.6e-05,2.23,APANADO,N/A,matched,100.0,NO,6279.36,0.000354,EXITOSO
run_20260726_084433_08a1a2bb,2,adriana_26,adriana,FACIL,RELEVANTE,False,227.75,7.7,0.000552,100.0,0.0,85 KILOS DE APIO,85 kilos de apio,2502.26,EXACT_CONSENSUS,100.0,0.0,0.0,0.0,100,35,3.6e-05,2.45,APIO,N/A,matched,100.0,NO,2732.6,0.000588,EXITOSO
run_20260726_084433_08a1a2bb,2,adriana_27,adriana,FACIL,RELEVANTE,False,274.59,4.34,0.000311,100.0,25.0,24 KILOS DE ARANDANOS,24 kilos de arándano,2531.32,EXACT_CONSENSUS,100.0,0.0,0.0,0.0,100,35,3.6e-05,2.31,ARÁNDANO,N/A,matched,100.0,NO,2808.4,0.000347,EXITOSO
run_20260726_084433_08a1a2bb,2,adriana_28,adriana,FACIL,RELEVANTE,False,416.57,5.68,0.000407,100.0,0.0,450 UNIDADES DE AREPA DE HUEVO,450 unidades de arepa de huevo,3391.28,EXACT_CONSENSUS,100.0,0.0,0.0,0.0,100,35,3.6e-05,5.03,AREPA DE HUEVO,N/A,matched,100.0,NO,3813.09,0.000443,EXITOSO
run_20260726_084433_08a1a2bb,2,adriana_29,adriana,FACIL,RELEVANTE,False,398.5,5.01,0.000359,100.0,0.0,380 UNIDADES DE AREPA DE QUESO,380 unidades de arepa de queso,1815.58,EXACT_CONSENSUS,100.0,0.0,0.0,0.0,100,35,3.6e-05,2.34,AREPA DE QUESO,N/A,matched,100.0,NO,2216.58,0.000395,EXITOSO
run_20260726_084433_08a1a2bb,2,adriana_30,adriana,FACIL,RELEVANTE,False,434.19,5.59,0.000401,100.0,0.0,650 UNIDADES DE AREPA PAISA,650 unidades de arepa paisa,2385.77,EXACT_CONSENSUS,100.0,0.0,0.0,0.0,100,35,3.6e-05,2.75,AREPA PAISA,N/A,matched,100.0,NO,2822.97,0.000437,EXITOSO
run_20260726_084433_08a1a2bb,2,adriana_31,adriana,FACIL,RELEVANTE,False,408.36,6.16,0.000441,100.0,0.0,120 UNIDADES DE AROMATICAS EN SOBRES,120 unidades de aromáticas en sobres,3164.11,EXACT_CONSENSUS,100.0,0.0,0.0,0.0,100,35,3.6e-05,3.97,AROMÁTICAS EN SOBRES,N/A,matched,100.0,NO,3576.67,0.000477,EXITOSO
run_20260726_084433_08a1a2bb,2,adriana_32,adriana,FACIL,RELEVANTE,False,728.38,4.82,0.000345,100.0,0.0,260 KILOS DE ARROZ,260 kilos de arroz,4804.06,EXACT_CONSENSUS,100.0,0.0,0.0,0.0,100,35,3.6e-05,2.83,ARROZ,N/A,matched,100.0,NO,5535.44,0.000381,EXITOSO
run_20260726_084433_08a1a2bb,2,adriana_33,adriana,FACIL,RELEVANTE,False,409.81,5.88,0.000421,100.0,0.0,18 KILOS DE ARROZ BASMATI,18 kilos de arroz basmatí,3030.69,EXACT_CONSENSUS,100.0,0.0,0.0,0.0,100,35,3.6e-05,2.51,ARROZ BASMATÍ,N/A,matched,100.0,NO,3443.17,0.000457,EXITOSO
run_20260726_084433_08a1a2bb,2,adriana_34,adriana,FACIL,RELEVANTE,False,780.01,5.4,0.000387,100.0,0.0,420 KILOS DE ARROZ FEDERAL,420 kilos de arroz federal,2828.31,EXACT_CONSENSUS,100.0,0.0,0.0,0.0,100,35,3.6e-05,3.05,ARROZ FEDERAL,N/A,matched,100.0,NO,3611.56,0.000423,EXITOSO
run_20260726_084433_08a1a2bb,2,adriana_35,adriana,FACIL,RELEVANTE,False,459.19,5.97,0.000428,100.0,0.0,38 KILOS DE ARVEJA AMARILLA,38 kilos de arveja amarilla,2564.94,EXACT_CONSENSUS,100.0,0.0,0.0,0.0,100,35,3.6e-05,2.09,ARVEJA AMARILLA,N/A,matched,100.0,NO,3026.41,0.000464,EXITOSO
run_20260726_084433_08a1a2bb,2,adriana_36,adriana,MEDIO,RELEVANTE,False,466.47,11.64,0.000834,100.0,23.08,ANOTA TRES CALDEROS RECORD QUINCE PLATOS BLANCOS CUADRADOS Y OCHO CINTAS DE SELLAMIENTO,anota 3 calderos récord 15 platos blancos cuadrados y 8 cintas de sellamiento,4411.31,EXACT_CONSENSUS,100.0,0.0,0.0,0.0,119,65,5.7e-05,2.12,CALDEROS RÉCORD,N/A,matched,100.0,NO,4880.11,0.000891,EXITOSO
run_20260726_084433_08a1a2bb,2,adriana_37,adriana,MEDIO,RELEVANTE,False,476.18,15.28,0.001095,100.0,27.78,REGISTRA DIEZ CAJAS DE IBUPROFENO DE OCHOCIENTOS MILIGRAMOS DOCE CAZUELAS DE DIECISEIS ONZAS Y VEINTE PLATOS BLANCOS CUADRADOS,registra 10 cajas de ibuprofeno de 800 miligramos 12 cazuelas de 16 onzas y 20 platos blancos cuadrados,6563.37,EXACT_CONSENSUS,100.0,0.0,0.0,0.0,134,65,5.9e-05,2.21,IBUPROFENO DE 800 MILIGRAMOS,N/A,matched,100.0,NO,7042.04,0.001154,EXITOSO
run_20260726_084433_08a1a2bb,2,adriana_38,adriana,MEDIO,RELEVANTE,False,231.04,13.46,0.000965,100.0,23.08,TENEMOS CINCO CALDEROS RECORD TREINTA CINTAS DE SELLAMIENTO Y NUEVE PLATOS BLANCOS CUADRADOS,tenemos 5 calderos récord 30 cintas de sellamiento y 9 platos blancos cuadrados,2979.98,EXACT_CONSENSUS,100.0,0.0,0.0,0.0,119,65,5.7e-05,2.11,CALDEROS RÉCORD,N/A,matched,100.0,NO,3213.38,0.001022,EXITOSO
run_20260726_084433_08a1a2bb,2,adriana_39,adriana,MEDIO,RELEVANTE,False,255.58,11.44,0.00082,100.0,26.67,ENCONTRAMOS VEINTE CAZUELAS DE DIECISEIS ONZAS SEIS CAJAS DE IBUPROFENO Y QUINCE PLATOS BLANCOS CUADRADOS,encontramos 20 cazuelas de 16 onzas 6 cajas de ibuprofeno y 15 platos blancos cuadrados,6121.69,EXACT_CONSENSUS,100.0,0.0,0.0,0.0,125,65,5.8e-05,2.43,CAZUELAS,N/A,matched,100.0,NO,6379.91,0.000878,EXITOSO
run_20260726_084433_08a1a2bb,2,adriana_40,adriana,MEDIO,RELEVANTE,False,458.64,10.39,0.000745,100.0,15.38,ANOTA UN CALDERO RECORD DIEZ CINTAS DE SELLAMIENTO Y TREINTA PLATOS BLANCOS CUADRADOS,anota un caldero récord 10 cintas de sellamiento y 30 platos blancos cuadrados,4084.27,EXACT_CONSENSUS,100.0,0.0,0.0,0.0,119,65,5.7e-05,2.34,CALDERO,N/A,matched,100.0,NO,4545.51,0.000802,EXITOSO
run_20260726_084433_08a1a2bb,2,adriana_41,adriana,MEDIO,RELEVANTE,False,299.03,11.44,0.00082,100.0,26.67,REGISTRA NUEVE CAJAS DE IBUPROFENO OCHO PLATOS BLANCOS CUADRADOS Y CINCO CAZUELAS DE DIECISEIS ONZAS,registra 9 cajas de ibuprofeno 8 platos blancos cuadrados y 5 cazuelas de 16 onzas,2852.4,EXACT_CONSENSUS,100.0,0.0,0.0,0.0,125,65,5.8e-05,2.61,IBUPROFENO,N/A,matched,100.0,NO,3154.25,0.000878,EXITOSO
run_20260726_084433_08a1a2bb,2,adriana_42,adriana,MEDIO,RELEVANTE,False,501.25,13.56,0.000972,100.0,21.43,ANOTA VEINTICINCO PLATOS BLANCOS CUADRADOS CINCO CAJAS DE IBUPROFENO Y DOS CINTAS DE SELLAMIENTO,anota 25 platos blancos cuadrados 5 cajas de ibuprofeno y 2 cintas de sellamiento,4725.23,EXACT_CONSENSUS,100.0,0.0,0.0,0.0,122,65,5.7e-05,2.29,PLATOS BLANCOS CUADRADOS,N/A,matched,100.0,NO,5228.98,0.001029,EXITOSO
run_20260726_084433_08a1a2bb,2,adriana_43,adriana,MEDIO,RELEVANTE,False,2024.8,13.17,0.000944,100.0,26.67,ANOTA DOCE CAJAS DE IBUPROFENO OCHO CAZUELAS DE DIECISEIS ONZAS Y VEINTIDOS PLATOS BLANCOS CUADRADOS,anota 12 cajas de ibuprofeno 8 cazuelas de 16 onzas y 22 platos blancos cuadrados,5115.55,EXACT_CONSENSUS,100.0,0.0,0.0,0.0,125,65,5.8e-05,2.49,IBUPROFENO,N/A,matched,100.0,NO,7143.14,0.001002,EXITOSO
run_20260726_084433_08a1a2bb,2,adriana_44,adriana,MEDIO,RELEVANTE,False,409.82,10.77,0.000772,100.0,23.08,REGISTRA SIETE PLATOS BLANCOS CUADRADOS NUEVE CINTAS DE SELLAMIENTO Y DOS CALDEROS RECORD,registra 7 platos blancos cuadrados 9 cintas de sellamiento y 2 calderos récord,3024.35,EXACT_CONSENSUS,100.0,0.0,0.0,0.0,119,65,5.7e-05,2.6,PLATOS BLANCOS CUADRADOS,N/A,matched,100.0,NO,3436.99,0.000829,EXITOSO
run_20260726_084433_08a1a2bb,2,adriana_45,adriana,MEDIO,RELEVANTE,False,522.81,10.68,0.000765,100.0,23.08,TENEMOS TRES CALDEROS RECORD ONCE PLATOS BLANCOS CUADRADOS Y NUEVE CINTAS DE SELLAMIENTO,tenemos 3 calderos récord 11 platos blancos cuadrados y 9 cintas de sellamiento,5821.41,EXACT_CONSENSUS,100.0,0.0,0.0,0.0,119,65,5.7e-05,2.95,CALDEROS RÉCORD,N/A,matched,100.0,NO,6347.36,0.000822,EXITOSO
run_20260726_084433_08a1a2bb,2,adriana_46,adriana,MEDIO,RELEVANTE,False,282.92,10.2,0.000731,100.0,38.46,REGISTRA NUEVE CALDEROS RECORD DIEZ PLATOS BLANCOS CUADRADOS Y CUATRO CINTAS DE SELLAMIENTO,registra 9 calderos récord 10 platos blancos cuadrados y 4 cintas de 6 a,3338.69,EXACT_CONSENSUS,100.0,0.0,0.0,0.0,122,65,5.7e-05,2.24,CALDEROS,N/A,matched,100.0,NO,3624.06,0.000788,EXITOSO
run_20260726_084433_08a1a2bb,2,adriana_47,adriana,MEDIO,RELEVANTE,False,222.75,7.51,0.000538,100.0,18.18,BUENO POR AQUI VEO CINCO CALDEROS RECORD Y DOCE PLATOS CUADRADOS,bueno por aquí veo 5 calderos récord y 12 platos cuadrados,2595.44,EXACT_CONSENSUS,100.0,0.0,0.0,0.0,113,50,4.7e-05,2.69,CALDEROS RÉCORD,N/A,matched,100.0,NO,2821.1,0.000585,EXITOSO
run_20260726_084433_08a1a2bb,2,adriana_48,adriana,MEDIO,RELEVANTE,False,446.82,8.47,0.000607,100.0,18.18,ANOTE SEIS CAJAS DE IBUPROFENO Y UNAS QUINCE CINTAS DE SELLAMIENTO,anoté 6 cajas de ibuprofeno y unas 15 cintas de sellamiento,5513.4,EXACT_CONSENSUS,100.0,0.0,0.0,0.0,113,50,4.7e-05,2.54,IBUPROFENO,N/A,matched,100.0,NO,5962.96,0.000654,EXITOSO
run_20260726_084433_08a1a2bb,2,adriana_49,adriana,MEDIO,RELEVANTE,False,363.31,6.26,0.000449,100.0,25.0,AQUI QUEDARON DIEZ CAZUELAS Y OCHO PLATOS BLANCOS,aquí quedaron 10 cazuelas y 8 platos blancos,3577.74,EXACT_CONSENSUS,100.0,0.0,0.0,0.0,104,50,4.6e-05,2.15,CAZUELAS,N/A,matched,100.0,NO,3943.36,0.000495,EXITOSO
run_20260726_084433_08a1a2bb,2,adriana_50,adriana,MEDIO,RELEVANTE,False,279.63,6.36,0.000456,100.0,33.33,REGISTRA CUATRO CALDEROS Y VEINTE PLATOS,registra 4 calderos y 20 platos,5562.52,EXACT_CONSENSUS,100.0,0.0,0.0,0.0,100,50,4.5e-05,2.41,CALDERO,N/A,matched,100.0,NO,5844.73,0.000501,EXITOSO
run_20260726_084433_08a1a2bb,2,adriana_51,adriana,MEDIO,RELEVANTE,False,237.86,7.32,0.000525,100.0,18.18,POR ESTE LADO HAY NUEVE CAJAS DE IBUPROFENO Y TRES CINTAS,por este lado hay 9 cajas de ibuprofeno y 3 cintas,2450.96,EXACT_CONSENSUS,100.0,0.0,0.0,0.0,113,50,4.7e-05,2.54,IBUPROFENO,N/A,matched,100.0,NO,2691.54,0.000572,EXITOSO
run_20260726_084433_08a1a2bb,2,adriana_52,adriana,MEDIO,RELEVANTE,False,211.04,7.6,0.000545,100.0,33.33,APUNTA QUINCE PLATOS CUADRADOS SEIS CAZUELAS Y DOS CALDEROS,apunta 15 platos cuadrados 6 cazuelas y 2 calderos,4920.97,EXACT_CONSENSUS,100.0,0.0,0.0,0.0,107,65,5.5e-05,2.27,PLATOS CUADRADOS,N/A,matched,100.0,NO,5134.48,0.0006,EXITOSO
run_20260726_084433_08a1a2bb,2,adriana_53,adriana,MEDIO,RELEVANTE,False,389.57,7.32,0.000525,100.0,20.0,YA TERMINE ESTE ESTANTE QUEDARON OCHO CINTAS Y ONCE PLATOS,ya terminé este estante quedaron 8 cintas y 11 platos,2366.25,EXACT_CONSENSUS,100.0,0.0,0.0,0.0,110,50,4.6e-05,2.91,CINTAS,N/A,matched,100.0,NO,2758.96,0.000571,EXITOSO
run_20260726_084433_08a1a2bb,2,adriana_54,adriana,MEDIO,RELEVANTE,False,182.4,7.22,0.000517,100.0,20.0,AQUI SOLAMENTE VEO TRES CALDEROS Y SIETE CAJAS DE IBUPROFENO,aquí solamente veo 3 calderos y 7 cajas de ibuprofeno,2770.16,EXACT_CONSENSUS,100.0,0.0,0.0,0.0,110,50,4.6e-05,2.3,CALDEROS,N/A,matched,100.0,NO,2955.03,0.000563,EXITOSO
run_20260726_084433_08a1a2bb,2,adriana_55,adriana,MEDIO,RELEVANTE,False,232.94,5.97,0.000428,100.0,33.33,REGISTRA DOCE PLATOS Y CINCO CINTAS,registra 12 platos y 5 cintas,6588.34,EXACT_CONSENSUS,100.0,0.0,0.0,0.0,100,50,4.5e-05,2.81,PLATOS,N/A,matched,100.0,NO,6824.24,0.000473,EXITOSO
run_20260726_084433_08a1a2bb,2,adriana_56,adriana,MEDIO,RELEVANTE,False,261.72,7.22,0.000517,100.0,25.0,BUENO ACA ENCONTRAMOS CUATRO CAZUELAS Y NUEVE PLATOS,bueno acá encontramos 4 cazuelas y 9 platos,4494.3,EXACT_CONSENSUS,100.0,0.0,0.0,0.0,104,50,4.6e-05,2.01,CAZUELAS,N/A,matched,100.0,NO,4758.25,0.000563,EXITOSO
run_20260726_084433_08a1a2bb,2,adriana_57,adriana,MEDIO,RELEVANTE,False,299.11,8.95,0.000641,100.0,20.0,POR FAVOR ANOTA DIEZ CAJAS DE IBUPROFENO Y SEIS PLATOS,por favor anota 10 cajas de ibuprofeno y 6 platos,5556.62,EXACT_CONSENSUS,100.0,0.0,0.0,0.0,110,50,4.6e-05,2.28,IBUPROFENO,N/A,matched,100.0,NO,5858.19,0.000687,EXITOSO
run_20260726_084433_08a1a2bb,2,adriana_58,adriana,MEDIO,RELEVANTE,False,421.75,8.95,0.000641,100.0,36.36,EN ESTE ESTANTE HAY DOS CALDEROS OCHO CINTAS Y QUINCE PLATOS,en este estante hay 2 calderos y 8 cintas y 15 platos,2549.12,EXACT_CONSENSUS,100.0,0.0,0.0,0.0,116,65,5.6e-05,2.54,CALDERO,N/A,matched,100.0,NO,2973.6,0.000697,EXITOSO
run_20260726_084433_08a1a2bb,2,adriana_59,adriana,MEDIO,RELEVANTE,False,402.23,5.88,0.000421,100.0,28.57,SIGUE CON CINCO CAZUELAS Y DOCE PLATOS,sigue con 5 cazuelas y 12 platos,4058.95,EXACT_CONSENSUS,100.0,0.0,0.0,0.0,101,50,4.5e-05,2.67,CAZUELAS,N/A,matched,100.0,NO,4464.02,0.000466,EXITOSO
run_20260726_084433_08a1a2bb,2,adriana_60,adriana,MEDIO,RELEVANTE,False,232.87,7.7,0.000552,100.0,22.22,AQUI QUEDARON SIETE CAJAS DE IBUPROFENO Y CUATRO CINTAS,aquí quedaron 7 cajas de ibuprofeno y 4 cintas,3136.99,EXACT_CONSENSUS,100.0,0.0,0.0,0.0,107,50,4.6e-05,2.31,IBUPROFENO,N/A,matched,100.0,NO,3372.39,0.000598,EXITOSO
run_20260726_084433_08a1a2bb,2,adriana_61,adriana,MEDIO,RELEVANTE,False,406.85,6.26,0.000449,100.0,33.33,REGISTRA NUEVE PLATOS Y TRES CALDEROS,registra 9 platos y 3 calderos,6375.62,EXACT_CONSENSUS,100.0,0.0,0.0,0.0,100,50,4.5e-05,3.66,PLATOS,N/A,matched,100.0,NO,6786.31,0.000494,EXITOSO
run_20260726_084433_08a1a2bb,2,adriana_62,adriana,MEDIO,RELEVANTE,False,6262.88,7.89,0.000565,100.0,20.0,EN ESTA FILA VEO DIEZ CINTAS Y SEIS PLATOS CUADRADOS,en esta fila veo 10 cintas y 6 platos cuadrados,4218.2,EXACT_CONSENSUS,100.0,0.0,0.0,0.0,110,50,4.6e-05,2.69,CINTAS,N/A,matched,100.0,NO,10484.04,0.000611,EXITOSO
run_20260726_084433_08a1a2bb,2,adriana_63,adriana,MEDIO,RELEVANTE,False,469.14,7.99,0.000573,100.0,18.18,YA REVISE TODO SON OCHO CAJAS DE IBUPROFENO Y CINCO CAZUELAS,ya revisé todo son 8 cajas de ibuprofeno y 5 cazuelas,6959.46,EXACT_CONSENSUS,100.0,0.0,0.0,0.0,113,50,4.7e-05,268.72,IBUPROFENO,N/A,matched,100.0,NO,7697.52,0.00062,EXITOSO
run_20260726_084433_08a1a2bb,2,adriana_64,adriana,MEDIO,RELEVANTE,False,281.46,7.12,0.00051,100.0,37.5,ANOTA CUATRO PLATOS SIETE CINTAS Y DOS CALDEROS,anota 4 platos 7 cintas y 2 calderos,7050.4,EXACT_CONSENSUS,100.0,0.0,0.0,0.0,104,65,5.5e-05,3.5,PLATOS,N/A,matched,100.0,NO,7335.56,0.000565,EXITOSO
run_20260726_084433_08a1a2bb,2,adriana_65,adriana,MEDIO,RELEVANTE,False,263.34,6.84,0.00049,100.0,22.22,AQUI QUEDARON ONCE PLATOS Y TRES CAJAS DE IBUPROFENO,aquí quedaron 11 platos y 3 cajas de ibuprofeno,7835.3,PARTIAL_CONSENSUS,70.0,0.0,0.0,0.0,107,50,4.6e-05,2.56,PLATOS,N/A,matched,100.0,NO,8101.39,0.000536,EXITOSO
run_20260726_084433_08a1a2bb,2,adriana_66,adriana,MEDIO,RELEVANTE,False,793.77,7.8,0.000559,100.0,33.33,REGISTRA CINCO CALDEROS Y DIEZ PLATOS,registra 5 calderos y 10 platos,2272.29,EXACT_CONSENSUS,100.0,0.0,0.0,0.0,100,50,4.5e-05,2.69,CALDEROS,N/A,matched,100.0,NO,3068.92,0.000604,EXITOSO
run_20260726_084433_08a1a2bb,2,adriana_67,adriana,MEDIO,RELEVANTE,False,226.94,9.81,0.000703,100.0,18.18,ESPERA UN MOMENTO LISTO CONTINUA HAY OCHO PLATOS Y CUATRO CINTAS,espera un momento listo continúa hay 8 platos y 4 cintas,8298.55,EXACT_CONSENSUS,100.0,0.0,0.0,0.0,113,50,4.7e-05,2.04,PLATOS,N/A,matched,100.0,NO,8527.73,0.00075,EXITOSO
run_20260726_084433_08a1a2bb,2,adriana_68,adriana,MEDIO,RELEVANTE,False,271.57,8.18,0.000586,100.0,18.18,EN ESTE LADO ENCONTRAMOS DOCE CAJAS DE IBUPROFENO Y SEIS PLATOS,en este lado encontramos 12 cajas de ibuprofeno y 6 platos,4318.26,EXACT_CONSENSUS,100.0,0.0,0.0,0.0,113,50,4.7e-05,3.26,IBUPROFENO,N/A,matched,100.0,NO,4593.29,0.000633,EXITOSO
run_20260726_084433_08a1a2bb,2,adriana_69,adriana,MEDIO,RELEVANTE,False,453.08,7.22,0.000517,100.0,37.5,ANOTA CINCO CAZUELAS OCHO PLATOS Y DOS CALDEROS,anota 5 cazuelas 8 platos y 2 calderos,6929.67,EXACT_CONSENSUS,100.0,0.0,0.0,0.0,104,65,5.5e-05,2.04,CAZUELA,N/A,matched,100.0,NO,7385.01,0.000572,EXITOSO
run_20260726_084433_08a1a2bb,2,adriana_70,adriana,MEDIO,RELEVANTE,False,794.04,7.12,0.00051,100.0,22.22,YA CASI TERMINAMOS QUEDARON SIETE CINTAS Y NUEVE PLATOS,ya casi terminamos quedaron 7 cintas y 9 platos,7101.94,PARTIAL_CONSENSUS,70.0,0.0,0.0,0.0,107,50,4.6e-05,2.36,CINTAS,N/A,matched,100.0,NO,7898.6,0.000556,EXITOSO
run_20260726_084433_08a1a2bb,2,adriana_71,adriana,MEDIO,RELEVANTE,False,460.88,7.03,0.000504,100.0,20.0,AQUI SOLAMENTE HAY TRES CAJAS DE IBUPROFENO Y CUATRO PLATOS,aquí solamente hay 3 cajas de ibuprofeno y 4 platos,4389.19,EXACT_CONSENSUS,100.0,0.0,0.0,0.0,110,50,4.6e-05,2.43,IBUPROFENO,N/A,matched,100.0,NO,4852.71,0.00055,EXITOSO
run_20260726_084433_08a1a2bb,2,adriana_72,adriana,MEDIO,RELEVANTE,False,279.33,7.12,0.00051,100.0,25.0,REGISTRA UN CALDERO DIEZ PLATOS Y SEIS CINTAS,registra un caldero 10 platos y 6 cintas,4072.84,PARTIAL_CONSENSUS,80.0,0.0,0.0,0.0,104,65,5.5e-05,2.42,CALDERO,N/A,matched,100.0,NO,4354.75,0.000565,EXITOSO
run_20260726_084433_08a1a2bb,2,adriana_73,adriana,MEDIO,RELEVANTE,False,380.54,7.12,0.00051,100.0,18.18,EN LA REPISA DE ARRIBA VEO OCHO CAZUELAS Y CINCO PLATOS,en la repisa de arriba veo 8 cazuelas y 5 platos,3598.58,EXACT_CONSENSUS,100.0,0.0,0.0,0.0,113,50,4.7e-05,2.16,CAZUELAS,N/A,matched,100.0,NO,3981.47,0.000557,EXITOSO
run_20260726_084433_08a1a2bb,2,adriana_74,adriana,MEDIO,RELEVANTE,False,257.47,5.49,0.000393,100.0,33.33,APUNTA DOS CALDEROS Y DOCE PLATOS,apunta 2 calderos y 12 platos,5461.3,EXACT_CONSENSUS,100.0,0.0,0.0,0.0,100,50,4.5e-05,2.64,CALDEROS,N/A,matched,100.0,NO,5721.59,0.000438,EXITOSO
run_20260726_084433_08a1a2bb,2,adriana_75,adriana,MEDIO,RELEVANTE,False,442.24,6.45,0.000462,100.0,25.0,HAY NUEVE CAJAS DE IBUPROFENO Y SIETE CINTAS,hay 9 cajas de ibuprofeno y 7 cintas,3203.49,EXACT_CONSENSUS,100.0,0.0,0.0,0.0,104,50,4.6e-05,3.38,IBUPROFENO,N/A,matched,100.0,NO,3649.32,0.000508,EXITOSO
run_20260726_084433_08a1a2bb,2,adriana_76,adriana,MEDIO,RELEVANTE,False,445.42,6.16,0.000441,100.0,33.33,REGISTRA QUINCE PLATOS Y CUATRO CAZUELAS,registra 15 platos y 4 cazuelas,5438.53,EXACT_CONSENSUS,100.0,0.0,0.0,0.0,100,50,4.5e-05,2.22,PLATOS,N/A,matched,100.0,NO,5886.36,0.000486,EXITOSO
run_20260726_084433_08a1a2bb,2,adriana_77,adriana,MEDIO,RELEVANTE,False,495.0,7.51,0.000538,100.0,22.22,BUENO SEGUIMOS AQUI HAY SEIS PLATOS Y TRES CALDEROS,bueno seguimos aquí hay 6 platos y 3 calderos,6211.62,EXACT_CONSENSUS,100.0,0.0,0.0,0.0,107,50,4.6e-05,2.5,PLATOS,N/A,matched,100.0,NO,6709.3,0.000584,EXITOSO
run_20260726_084433_08a1a2bb,2,adriana_78,adriana,MEDIO,RELEVANTE,False,429.64,6.93,0.000497,100.0,25.0,ANOTA OCHO CINTAS Y CINCO CAJAS DE IBUPROFENO,anota 8 cintas y 5 cajas de ibuprofeno,3260.3,EXACT_CONSENSUS,100.0,0.0,0.0,0.0,104,50,4.6e-05,2.67,CINTAS,N/A,matched,100.0,NO,3692.74,0.000543,EXITOSO
run_20260726_084433_08a1a2bb,2,adriana_79,adriana,MEDIO,RELEVANTE,False,552.26,6.36,0.000456,100.0,22.22,EN ESTA PARTE VEO ONCE PLATOS Y CUATRO CINTAS,en esta parte veo 11 platos y 4 cintas,5019.36,EXACT_CONSENSUS,100.0,0.0,0.0,0.0,107,50,4.6e-05,2.62,PLATOS,N/A,matched,100.0,NO,5574.54,0.000502,EXITOSO
run_20260726_084433_08a1a2bb,2,adriana_80,adriana,MEDIO,RELEVANTE,False,355.38,5.59,0.000401,100.0,33.33,REGISTRA SIETE CAZUELAS Y OCHO PLATOS,registra 7 cazuelas y 8 platos,5751.1,EXACT_CONSENSUS,100.0,0.0,0.0,0.0,100,50,4.5e-05,2.24,CAZUELAS,N/A,matched,100.0,NO,6108.88,0.000446,EXITOSO
run_20260726_084433_08a1a2bb,2,adriana_81,adriana,MEDIO,RELEVANTE,False,378.12,6.93,0.000497,100.0,20.0,YA TERMINE ESTE PASILLO HAY TRES CALDEROS Y SEIS PLATOS,ya terminé este pasillo hay 3 calderos y 6 platos,3967.63,EXACT_CONSENSUS,100.0,0.0,0.0,0.0,110,50,4.6e-05,2.17,CALDERO,N/A,matched,100.0,NO,4348.13,0.000543,EXITOSO
run_20260726_084433_08a1a2bb,2,adriana_82,adriana,MEDIO,RELEVANTE,False,397.05,5.78,0.000414,100.0,22.22,AQUI QUEDARON DIEZ CAJAS DE IBUPROFENO Y NUEVE PLATOS,aquí quedaron 10 cajas de ibuprofeno y 9 platos,6621.5,EXACT_CONSENSUS,100.0,0.0,0.0,0.0,107,50,4.6e-05,2.27,IBUPROFENO,N/A,matched,100.0,NO,7021.03,0.00046,EXITOSO
run_20260726_084433_08a1a2bb,2,adriana_83,adriana,MEDIO,RELEVANTE,False,223.64,6.84,0.00049,100.0,50.0,ANOTA CINCO CINTAS CUATRO PLATOS Y DOS CAZUELAS,anotas 5 cintas 4 platos y 2 cazuelas,6958.44,EXACT_CONSENSUS,100.0,0.0,0.0,0.0,104,65,5.5e-05,3.12,CINTAS,N/A,matched,100.0,NO,7185.37,0.000545,EXITOSO
run_20260726_084433_08a1a2bb,2,adriana_84,adriana,MEDIO,RELEVANTE,False,242.83,6.07,0.000435,100.0,28.57,POR ACA SOLAMENTE VEO OCHO PLATOS CUADRADOS,por acá solo veo 8 platos cuadrados,5450.41,EXACT_CONSENSUS,100.0,0.0,0.0,0.0,101,35,3.6e-05,2.17,PLATOS CUADRADOS,N/A,matched,100.0,NO,5695.73,0.000471,EXITOSO
run_20260726_084433_08a1a2bb,2,adriana_85,adriana,MEDIO,RELEVANTE,False,229.17,6.36,0.000456,100.0,25.0,REGISTRA CUATRO CAJAS DE IBUPROFENO Y SIETE CINTAS,registra 4 cajas de ibuprofeno y 7 cintas,2197.2,EXACT_CONSENSUS,100.0,0.0,0.0,0.0,104,50,4.6e-05,2.83,IBUPROFENO,N/A,matched,100.0,NO,2429.39,0.000502,EXITOSO
run_20260726_084433_08a1a2bb,2,adriana_86,adriana,MEDIO,RELEVANTE,False,243.98,5.01,0.000359,100.0,33.33,HAY SEIS CALDEROS Y NUEVE PLATOS,hay 6 calderos y 9 platos,6007.82,EXACT_CONSENSUS,100.0,0.0,0.0,0.0,100,50,4.5e-05,2.47,CALDEROS,N/A,matched,100.0,NO,6254.49,0.000404,EXITOSO
run_20260726_084433_08a1a2bb,2,adriana_87,adriana,MEDIO,RELEVANTE,False,476.31,6.55,0.000469,100.0,22.22,EN ESTA ESQUINA ENCONTRAMOS CINCO PLATOS Y TRES CINTAS,en esta esquina encontramos 5 platos y 3 cintas,8546.73,EXACT_CONSENSUS,100.0,0.0,0.0,0.0,107,50,4.6e-05,2.63,PLATOS,N/A,matched,100.0,NO,9025.96,0.000515,EXITOSO
run_20260726_084433_08a1a2bb,2,adriana_88,adriana,MEDIO,RELEVANTE,False,492.41,5.88,0.000421,100.0,25.0,REGISTRA OCHO CAJAS DE IBUPROFENO Y DOS CALDEROS,registra 8 cajas de ibuprofeno y 2 calderos,6046.43,EXACT_CONSENSUS,100.0,0.0,0.0,0.0,104,50,4.6e-05,2.19,IBUPROFENO,N/A,matched,100.0,NO,6541.28,0.000467,EXITOSO
run_20260726_084433_08a1a2bb,2,adriana_89,adriana,MEDIO,RELEVANTE,False,236.83,5.49,0.000393,100.0,28.57,AQUI QUEDARON NUEVE PLATOS Y CINCO CAZUELAS,aquí quedaron 9 platos y 5 cazuelas,5426.54,EXACT_CONSENSUS,100.0,0.0,0.0,0.0,101,50,4.5e-05,2.32,PLATOS,N/A,matched,100.0,NO,5665.84,0.000438,EXITOSO
run_20260726_084433_08a1a2bb,2,adriana_90,adriana,MEDIO,RELEVANTE,False,414.09,5.3,0.00038,100.0,33.33,ANOTE DOCE CINTAS Y CUATRO PLATOS,anoté 12 cintas y 4 platos,7296.35,PARTIAL_CONSENSUS,70.0,0.0,0.0,0.0,100,50,4.5e-05,2.6,CINTAS,N/A,matched,100.0,NO,7713.29,0.000425,EXITOSO
run_20260726_084433_08a1a2bb,2,adriana_91,adriana,MEDIO,RELEVANTE,False,3608.15,7.6,0.000545,100.0,15.38,YA REVISE TODO ESTE LADO HAY SIETE PLATOS Y TRES CAJAS DE IBUPROFENO,ya revisé todo este lado hay 7 platos y 3 cajas de ibuprofeno,3373.17,PARTIAL_CONSENSUS,70.0,0.0,0.0,0.0,119,50,4.8e-05,2.35,PLATOS,N/A,matched,100.0,NO,6983.86,0.000593,EXITOSO
run_20260726_084433_08a1a2bb,2,adriana_92,adriana,MEDIO,RELEVANTE,False,441.44,5.2,0.000373,100.0,33.33,REGISTRA SEIS CALDEROS Y DIEZ PLATOS,registra 6 calderos y 10 platos,2963.82,EXACT_CONSENSUS,100.0,0.0,0.0,0.0,100,50,4.5e-05,2.85,CALDEROS,N/A,matched,100.0,NO,3408.29,0.000418,EXITOSO
run_20260726_084433_08a1a2bb,2,adriana_93,adriana,MEDIO,RELEVANTE,False,427.42,5.78,0.000414,100.0,25.0,AQUI SOLAMENTE HAY CINCO CINTAS Y OCHO PLATOS,aquí solamente hay 5 cintas y 8 platos,7539.33,PARTIAL_CONSENSUS,70.0,0.0,0.0,0.0,104,50,4.6e-05,3.2,CINTAS,N/A,matched,100.0,NO,7970.14,0.00046,EXITOSO
run_20260726_084433_08a1a2bb,2,adriana_94,adriana,MEDIO,RELEVANTE,False,294.19,6.26,0.000449,100.0,25.0,ANOTE NUEVE CAZUELAS Y CUATRO CAJAS DE IBUPROFENO,anoté 9 cazuelas y 4 cajas de ibuprofeno,5995.9,EXACT_CONSENSUS,100.0,0.0,0.0,0.0,104,50,4.6e-05,2.72,CAZUELA,N/A,matched,100.0,NO,6292.97,0.000495,EXITOSO
run_20260726_084433_08a1a2bb,2,adriana_95,adriana,MEDIO,RELEVANTE,False,258.63,7.03,0.000504,100.0,33.33,AQUI VEO DOS CALDEROS SIETE PLATOS Y TRES CINTAS,aquí veo 2 calderos 7 platos y 3 cintas,3289.6,EXACT_CONSENSUS,100.0,0.0,0.0,0.0,107,65,5.5e-05,2.67,CALDERO,N/A,matched,100.0,NO,3551.13,0.000559,EXITOSO
run_20260726_084433_08a1a2bb,2,adriana_96,adriana,MEDIO,RELEVANTE,False,453.21,7.03,0.000504,100.0,22.22,REGISTRA DIEZ PLATOS CUADRADOS Y CINCO CAJAS DE IBUPROFENO,registra 10 platos cuadrados y 5 cajas de ibuprofeno,2494.1,EXACT_CONSENSUS,100.0,0.0,0.0,0.0,107,50,4.6e-05,2.35,PLATOS CUADRADOS,N/A,matched,100.0,NO,2949.86,0.00055,EXITOSO
run_20260726_084433_08a1a2bb,2,adriana_97,adriana,MEDIO,RELEVANTE,False,462.51,6.84,0.00049,100.0,20.0,BUENO YA CASI ACABAMOS HAY OCHO PLATOS Y CUATRO CALDEROS,bueno ya casi acabamos hay 8 platos y 4 calderos,4041.54,EXACT_CONSENSUS,100.0,0.0,0.0,0.0,110,50,4.6e-05,2.66,PLATO,N/A,matched,100.0,NO,4506.98,0.000536,EXITOSO
run_20260726_084433_08a1a2bb,2,adriana_98,adriana,MEDIO,RELEVANTE,False,241.04,7.7,0.000552,100.0,25.0,ANOTE SEIS CINTAS DE SELLAMIENTO Y NUEVE PLATOS,anoté 6 cintas de sellamiento y 9 platos,2548.48,EXACT_CONSENSUS,100.0,0.0,0.0,0.0,104,50,4.6e-05,2.75,CINTAS DE SELLAMIENTO,N/A,matched,100.0,NO,2792.48,0.000598,EXITOSO
run_20260726_084433_08a1a2bb,2,adriana_99,adriana,MEDIO,RELEVANTE,False,287.37,6.84,0.00049,100.0,77.78,AQUI QUEDARON CINCO CAJAS DE IBUPROFENO Y DOS CAZUELAS,aquí quedaron 11 platos y 3 cajas de ibuprofeno,8555.76,PARTIAL_CONSENSUS,70.0,0.0,0.0,0.0,107,50,4.6e-05,2.87,PLATOS,N/A,matched,100.0,NO,8846.24,0.000536,EXITOSO
run_20260726_084433_08a1a2bb,2,adriana_100,adriana,MEDIO,RELEVANTE,False,268.7,5.2,0.000373,100.0,33.33,REGISTRA DOCE PLATOS Y CUATRO CINTAS,registra 12 platos y 4 cintas,2565.42,EXACT_CONSENSUS,100.0,0.0,0.0,0.0,100,50,4.5e-05,3.15,PLATOS,N/A,matched,100.0,NO,2837.49,0.000418,EXITOSO
run_20260726_084433_08a1a2bb,2,adriana_101,adriana,MEDIO,RELEVANTE,False,234.37,6.36,0.000456,100.0,50.0,EN ESTA PARTE SOLAMENTE VEO TRES CALDEROS Y DIEZ PLATOS,en esta parte veo 11 platos y 4 cintas,5250.52,EXACT_CONSENSUS,100.0,0.0,0.0,0.0,107,50,4.6e-05,2.87,PLATOS,N/A,matched,100.0,NO,5487.96,0.000502,EXITOSO
run_20260726_084433_08a1a2bb,2,adriana_102,adriana,MEDIO,RELEVANTE,False,1024.45,6.16,0.000441,100.0,25.0,ANOTA OCHO CAJAS DE IBUPROFENO Y CINCO PLATOS,anota 8 cajas de ibuprofeno y 5 platos,6145.25,EXACT_CONSENSUS,100.0,0.0,0.0,0.0,104,50,4.6e-05,2.84,IBUPROFENO,N/A,matched,100.0,NO,7172.72,0.000487,EXITOSO
run_20260726_084433_08a1a2bb,2,adriana_103,adriana,MEDIO,RELEVANTE,False,595.46,7.6,0.000545,100.0,22.22,AQUI ENCONTRAMOS SIETE CINTAS SEIS PLATOS Y UNA CAZUELA,aquí encontramos 7 cintas 6 platos y una cazuela,5063.38,EXACT_CONSENSUS,100.0,0.0,0.0,0.0,107,65,5.5e-05,2.96,CINTAS,N/A,matched,100.0,NO,5662.04,0.0006,EXITOSO
run_20260726_084433_08a1a2bb,2,adriana_104,adriana,MEDIO,RELEVANTE,False,422.81,5.78,0.000414,100.0,33.33,REGISTRA CUATRO CALDEROS Y ONCE PLATOS,registra 4 calderos y 11 platos,3213.46,EXACT_CONSENSUS,100.0,0.0,0.0,0.0,100,50,4.5e-05,2.21,CALDERO,N/A,matched,100.0,NO,3638.76,0.000459,EXITOSO
run_20260726_084433_08a1a2bb,2,adriana_105,adriana,MEDIO,RELEVANTE,False,816.43,7.6,0.000545,100.0,16.67,YA TERMINAMOS ESTA FILA HAY NUEVE CAJAS DE IBUPROFENO Y SEIS PLATOS,ya terminamos esta fila hay 9 cajas de ibuprofeno y 6 platos,4437.31,EXACT_CONSENSUS,100.0,0.0,0.0,0.0,116,50,4.7e-05,3.05,IBUPROFENO,N/A,matched,100.0,NO,5257.05,0.000592,EXITOSO
run_20260726_084433_08a1a2bb,2,adriana_106,adriana,MEDIO,RELEVANTE,False,433.03,7.8,0.000559,100.0,33.33,FINALMENTE ANOTA CINCO PLATOS CUATRO CINTAS Y DOS CALDEROS,finalmente anota 5 platos 4 cintas y 2 calderos,2872.44,EXACT_CONSENSUS,100.0,0.0,0.0,0.0,107,65,5.5e-05,2.38,PLATOS,N/A,matched,100.0,NO,3308.04,0.000614,EXITOSO
run_20260726_084433_08a1a2bb,2,adriana_107,adriana,DIFICIL,RELEVANTE,False,493.47,17.59,0.001261,100.0,0.0,PENSE QUE YA HABIAMOS TERMINADO EL CONTEO PERO FALTABA AHI HAY 28 CAJAS DE SERVILLETAS 15 BOTELLAS DE SALSA DE TOMATE Y 32 PAQUETES DE CUBIERTOS DESECHABLES,pensé que ya habíamos terminado el conteo pero faltaba ahí hay 28 cajas de servilletas 15 botellas de salsa de tomate y 32 paquetes de cubiertos desechables,6525.34,EXACT_CONSENSUS,100.0,0.0,0.0,0.0,161,65,6.3e-05,2.55,SERVILLETAS,N/A,matched,100.0,NO,7021.72,0.001324,EXITOSO
run_20260726_084433_08a1a2bb,2,adriana_108,adriana,DIFICIL,RELEVANTE,False,325.89,15.48,0.001109,100.0,0.0,MARIA MANANA LLEGAN TEMPRANO LOS PROVEEDORES ANOTA 85 GASEOSAS 60 CHOCOLATES Y 45 PAQUETES DE GALLETAS,maría mañana llegan temprano los proveedores anota 85 gaseosas 60 chocolates y 45 paquetes de galletas,7035.42,EXACT_CONSENSUS,100.0,0.0,0.0,0.0,128,65,5.8e-05,2.49,GASEOSA,N/A,matched,100.0,NO,7364.11,0.001167,EXITOSO
run_20260726_084433_08a1a2bb,2,adriana_109,adriana,DIFICIL,RELEVANTE,False,293.03,13.56,0.000972,100.0,0.0,NO OLVIDES CERRAR LA PUERTA CUANDO SALGAS AH Y REGISTRA 40 KILOS DE ARROZ 12 KILOS DE SAL Y 30 LITROS DE ACEITE,no olvides cerrar la puerta cuando salgas ah y registra 40 kilos de arroz 12 kilos de sal y 30 litros de aceite,5720.84,EXACT_CONSENSUS,100.0,0.0,0.0,0.0,149,65,6.1e-05,2.69,ARROZ,N/A,matched,100.0,NO,6016.91,0.001033,EXITOSO
run_20260726_084433_08a1a2bb,2,adriana_110,adriana,DIFICIL,RELEVANTE,False,253.41,18.16,0.001301,100.0,0.0,ESPERA UN MOMENTO QUE ME ESTA LLAMANDO EL SUPERVISOR LISTO CONTINUEMOS HAY 22 PAQUETES DE AZUCAR 35 BOLSAS DE CAFE Y 16 CAJAS DE VASOS DESECHABLES,espera un momento que me está llamando el supervisor listo continuemos hay 22 paquetes de azúcar 35 bolsas de café y 16 cajas de vasos desechables,9465.75,EXACT_CONSENSUS,100.0,0.0,0.0,0.0,158,65,6.3e-05,2.73,AZÚCAR,N/A,matched,100.0,NO,9722.19,0.001364,EXITOSO
run_20260726_084433_08a1a2bb,2,adriana_111,adriana,DIFICIL,RELEVANTE,False,309.49,14.61,0.001047,100.0,0.0,BUENOS DIAS YA TERMINE LA REVISION DEL PARQUEADERO AHORA SI ENCONTRAMOS 18 CAJAS DE GALLETAS 9 PAQUETES DE CAFE Y 14 BOTELLAS DE AGUA,buenos días ya terminé la revisión del parqueadero ahora sí encontramos 18 cajas de galletas 9 paquetes de café y 14 botellas de agua,3697.32,EXACT_CONSENSUS,100.0,0.0,0.0,0.0,152,65,6.2e-05,3.09,GALLETAS,N/A,matched,100.0,NO,4010.28,0.001109,EXITOSO
run_20260726_084433_08a1a2bb,2,adriana_112,adriana,DIFICIL,RELEVANTE,False,508.04,11.83,0.000848,100.0,28.57,HAY OCHO CAJAS DE IBUPROFENO CUATRO CALDEROS RECORD Y DIECIOCHO CAZUELAS DE DIECISEIS ONZAS,hay 8 cajas de ibuprofeno 4 calderos récord y 18 cazuelas de 16 onzas,3301.22,EXACT_CONSENSUS,100.0,0.0,0.0,0.0,122,65,5.7e-05,2.48,IBUPROFENO,N/A,matched,100.0,NO,3812.09,0.000905,EXITOSO
run_20260726_084433_08a1a2bb,2,adriana_113,adriana,DIFICIL,RELEVANTE,False,404.77,10.87,0.000779,100.0,30.77,REGISTRA DOCE PLATOS BLANCOS CUADRADOS SIETE CINTAS DE SELLAMIENTO Y DOS CALDEROS RECORD,registra 12 platos blancos cuadrados 7 cintas de sellamiento y 2 calderos,2974.54,EXACT_CONSENSUS,100.0,0.0,0.0,0.0,116,65,5.6e-05,2.22,PLATOS BLANCOS CUADRADOS,N/A,matched,100.0,NO,3381.8,0.000835,EXITOSO
run_20260726_084433_08a1a2bb,2,adriana_114,adriana,DIFICIL,RELEVANTE,False,278.39,11.83,0.000848,100.0,23.08,TENEMOS CUATRO CALDEROS RECORD DIECISEIS CINTAS DE SELLAMIENTO Y ONCE PLATOS BLANCOS CUADRADOS,tenemos 4 calderos récord 16 cintas de sellamiento y 11 platos blancos cuadrados,3561.3,EXACT_CONSENSUS,100.0,0.0,0.0,0.0,119,65,5.7e-05,2.49,CALDEROS,N/A,matched,100.0,NO,3842.45,0.000905,EXITOSO
run_20260726_084433_08a1a2bb,2,adriana_115,adriana,DIFICIL,RELEVANTE,False,321.78,14.52,0.001041,100.0,28.57,REGISTRA SEIS CALDEROS RECORD DIEZ CAZUELAS DE DIECISEIS ONZAS Y CATORCE PLATOS BLANCOS CUADRADOS,registra 6 calderos récord 10 cazuelas de 16 onzas y 14 platos blancos cuadrados,3887.83,EXACT_CONSENSUS,100.0,0.0,0.0,0.0,122,65,5.7e-05,2.7,CALDERO,N/A,matched,100.0,NO,4212.52,0.001098,EXITOSO
run_20260726_084433_08a1a2bb,2,adriana_116,adriana,DIFICIL,RELEVANTE,False,650.21,12.4,0.000889,100.0,21.43,HAY QUINCE CINTAS DE SELLAMIENTO TRES CAJAS DE IBUPROFENO Y OCHO PLATOS BLANCOS CUADRADOS,hay 15 cintas de sellamiento 3 cajas de ibuprofeno y 8 platos blancos cuadrados,3099.18,EXACT_CONSENSUS,100.0,0.0,0.0,0.0,122,65,5.7e-05,2.46,CINTAS DE SELLAMIENTO,N/A,matched,100.0,NO,3752.07,0.000946,EXITOSO
run_20260726_084433_08a1a2bb,2,adriana_117,adriana,DIFICIL,RELEVANTE,False,265.25,13.17,0.000944,100.0,28.57,ANOTA SIETE CALDEROS RECORD DOCE PLATOS BLANCOS CUADRADOS Y CUATRO CAZUELAS DE DIECISEIS ONZAS,anota 7 calderos récord 12 platos blancos cuadrados y 4 cazuelas de 16 onzas,2766.5,EXACT_CONSENSUS,100.0,0.0,0.0,0.0,122,65,5.7e-05,3.39,CALDEROS,N/A,matched,100.0,NO,3035.37,0.001001,EXITOSO
run_20260726_084433_08a1a2bb,2,adriana_118,adriana,DIFICIL,RELEVANTE,False,310.4,13.08,0.000937,100.0,21.43,REGISTRA ONCE CAJAS DE IBUPROFENO NUEVE CINTAS DE SELLAMIENTO Y CINCO PLATOS BLANCOS CUADRADOS,registra 11 cajas de ibuprofeno 9 cintas de sellamiento y 5 platos blancos cuadrados,3021.93,EXACT_CONSENSUS,100.0,0.0,0.0,0.0,122,65,5.7e-05,2.58,IBUPROFENO,N/A,matched,100.0,NO,3335.17,0.000994,EXITOSO
run_20260726_084433_08a1a2bb,2,adriana_119,adriana,DIFICIL,RELEVANTE,False,354.5,10.96,0.000785,100.0,30.77,TENEMOS DIECIOCHO PLATOS BLANCOS CUADRADOS TRES CALDEROS RECORD Y SEIS CINTAS DE SELLAMIENTO,tenemos 18 platos blancos cuadrados 3 calderos récord y 6 cintas de,5245.1,EXACT_CONSENSUS,100.0,0.0,0.0,0.0,116,65,5.6e-05,2.29,PLATOS BLANCOS CUADRADOS,N/A,matched,100.0,NO,5602.15,0.000841,EXITOSO
run_20260726_084433_08a1a2bb,2,adriana_120,adriana,DIFICIL,RELEVANTE,False,277.69,14.13,0.001013,100.0,26.67,ANOTA CINCO CAJAS DE IBUPROFENO VEINTE CAZUELAS DE DIECISEIS ONZAS Y OCHO PLATOS BLANCOS CUADRADOS,anota 5 cajas de ibuprofeno 20 cazuelas de 16 onzas y 8 platos blancos cuadrados,2805.61,EXACT_CONSENSUS,100.0,0.0,0.0,0.0,125,65,5.8e-05,2.6,IBUPROFENO,N/A,matched,100.0,NO,3086.11,0.001071,EXITOSO
run_20260726_084433_08a1a2bb,2,adriana_121,adriana,DIFICIL,RELEVANTE,False,489.45,12.21,0.000875,100.0,23.08,REGISTRA DOS CALDEROS RECORD QUINCE PLATOS BLANCOS CUADRADOS Y DIEZ CINTAS DE SELLAMIENTO,registra 2 calderos récord 15 platos blancos cuadrados y 10 cintas de sellamiento,3088.15,EXACT_CONSENSUS,100.0,0.0,0.0,0.0,119,65,5.7e-05,2.79,CALDEROS,N/A,matched,100.0,NO,3580.61,0.000932,EXITOSO
run_20260726_084433_08a1a2bb,2,adriana_122,adriana,DIFICIL,RELEVANTE,False,8995.56,12.69,0.000909,100.0,40.0,HAY NUEVE CAZUELAS DE DIECISEIS ONZAS SIETE CAJAS DE IBUPROFENO Y DOCE PLATOS BLANCOS CUADRADOS,este rompecabezas hay 9 cazuelas de 16 onzas 7 cajas de ibuprofeno y 12 platos blancos cuadrados,6966.69,EXACT_CONSENSUS,100.0,0.0,0.0,0.0,131,65,5.9e-05,2.62,CAZUELAS DE 16 ONZAS,N/A,matched,100.0,NO,15965.16,0.000968,EXITOSO
run_20260726_084433_08a1a2bb,2,adriana_123,adriana,DIFICIL,RELEVANTE,False,289.33,10.39,0.000745,100.0,23.08,ANOTA CUATRO PLATOS BLANCOS CUADRADOS CUATRO CALDEROS RECORD Y CATORCE CINTAS DE SELLAMIENTO,anota 4 platos blancos cuadrados 4 calderos récord y 14 cintas de sellamiento,5800.21,EXACT_CONSENSUS,100.0,0.0,0.0,0.0,119,65,5.7e-05,3.74,PLATOS BLANCOS CUADRADOS,N/A,matched,100.0,NO,6093.54,0.000802,EXITOSO
run_20260726_084433_08a1a2bb,2,adriana_124,adriana,DIFICIL,RELEVANTE,False,230.31,10.87,0.000779,100.0,26.67,REGISTRA OCHO CAJAS DE IBUPROFENO DIEZ PLATOS BLANCOS CUADRADOS Y TRES CAZUELAS DE DIECISEIS ONZAS,registra 8 cajas de ibuprofeno 10 platos blancos cuadrados y 3 cazuelas de 16 onzas,2892.3,EXACT_CONSENSUS,100.0,0.0,0.0,0.0,125,65,5.8e-05,1.95,IBUPROFENO,N/A,matched,100.0,NO,3124.76,0.000837,EXITOSO
run_20260726_084433_08a1a2bb,2,adriana_125,adriana,DIFICIL,RELEVANTE,False,479.47,11.16,0.0008,100.0,23.08,TENEMOS SEIS CALDEROS RECORD DIECIOCHO PLATOS BLANCOS CUADRADOS Y CINCO CINTAS DE SELLAMIENTO,tenemos 6 calderos récord 18 platos blancos cuadrados y 5 cintas de sellamiento,4526.5,EXACT_CONSENSUS,100.0,0.0,0.0,0.0,119,65,5.7e-05,2.23,CALDEROS RÉCORD,N/A,matched,100.0,NO,5008.39,0.000857,EXITOSO
run_20260726_084433_08a1a2bb,2,adriana_126,adriana,DIFICIL,RELEVANTE,False,500.64,13.46,0.000965,100.0,33.33,HAY DIEZ CAJAS DE IBUPROFENO CUATRO PLATOS BLANCOS CUADRADOS Y SEIS CAZUELAS DE DIECISEIS ONZAS,hay 10 cajas ibuprofeno 4 platos blancos cuadrados y 6 cazuelas de 16 onzas,3468.58,EXACT_CONSENSUS,100.0,0.0,0.0,0.0,122,65,5.7e-05,3.4,IBUPROFENO,N/A,matched,100.0,NO,3972.9,0.001022,EXITOSO
run_20260726_084433_08a1a2bb,2,adriana_127,adriana,DIFICIL,RELEVANTE,False,695.43,10.29,0.000737,100.0,23.08,ANOTA OCHO CALDEROS RECORD QUINCE CINTAS DE SELLAMIENTO Y TRECE PLATOS BLANCOS CUADRADOS,anota 8 calderos récord 15 cintas de sellamiento y 13 platos blancos cuadrados,3133.15,EXACT_CONSENSUS,100.0,0.0,0.0,0.0,119,65,5.7e-05,2.25,CALDEROS RÉCORD,N/A,matched,100.0,NO,3831.1,0.000794,EXITOSO
run_20260726_084433_08a1a2bb,2,adriana_128,adriana,DIFICIL,RELEVANTE,False,417.23,12.02,0.000861,100.0,26.67,REGISTRA CINCO CAJAS DE IBUPROFENO DOCE PLATOS BLANCOS CUADRADOS Y SIETE CAZUELAS DE DIECISEIS ONZAS,registra 5 cajas de ibuprofeno 12 platos blancos cuadrados y 7 cazuelas de 16 onzas,5636.27,EXACT_CONSENSUS,100.0,0.0,0.0,0.0,125,65,5.8e-05,3.58,IBUPROFENO,N/A,matched,100.0,NO,6057.31,0.000919,EXITOSO
run_20260726_084433_08a1a2bb,2,adriana_129,adriana,DIFICIL,RELEVANTE,False,545.19,13.56,0.000972,100.0,40.0,ANOTA SEIS CAJAS DE IBUPROFENO CINCO CAZUELAS DE DIECISEIS ONZAS Y VEINTE PLATOS BLANCOS CUADRADOS,aprovechen casera anota 6 cajas de ibuprofeno 5 cazuelas de 16 onzas y 20 platos blancos cuadrados,5417.84,EXACT_CONSENSUS,100.0,0.0,0.0,0.0,131,65,5.9e-05,2.73,IBUPROFENO,N/A,matched,100.0,NO,5966.03,0.001031,EXITOSO
run_20260726_084433_08a1a2bb,2,adriana_130,adriana,DIFICIL,RELEVANTE,False,201.78,19.6,0.001405,100.0,10.34,QUE CALOR HACE HOY SUBELE UN POQUITO AL VOLUMEN PORQUE CASI NO ESCUCHO BUENO REGISTRA 15 CAJAS DE TONER PARA IMPRESORA 8 PAQUETES DE HOJAS A4 Y 12 CALCULADORAS,qué calor hace hoy súbele un poquito el volumen porque casi no escucho bueno registra 15 cajas de tóner para impresora 8 paquetes de hojas a 4 y 12 calculadoras,6052.18,EXACT_CONSENSUS,100.0,0.0,0.0,0.0,170,65,6.4e-05,2.54,TÓNER PARA IMPRESORA,N/A,matched,100.0,NO,6256.9,0.001469,EXITOSO
run_20260726_084433_08a1a2bb,2,adriana_131,adriana,DIFICIL,RELEVANTE,False,594.62,22.48,0.001611,100.0,3.12,OIGA SI VIO EL PARTIDO ANOCHE ESPERE QUE ESTA PASANDO MUCHA GENTE BUENO CONTINUE NO ESPERE SI SON 42 CAJAS DE MARCADORES 16 RESMAS DE PAPEL OFICIO Y 8 CAJAS DE ARCHIVADORES,oiga sí vio el partido anoche espere que está pasando mucha gente bueno continúe no espere sí son 42 cajas de marcadores 16 reglas de papel oficio y 8 cajas de archivadores,3937.01,EXACT_CONSENSUS,100.0,0.0,0.0,0.0,176,65,6.5e-05,3.91,MARCADORES,N/A,matched,100.0,NO,4536.05,0.001676,EXITOSO
run_20260726_084433_08a1a2bb,2,adriana_132,adriana,DIFICIL,RELEVANTE,False,509.94,25.08,0.001797,100.0,0.0,AYER ME DIJERON QUE YA HABIAN CONTADO ESTA BODEGA PERO MEJOR CONFIRMEMOS EN COCINA PRINCIPAL SUMINISTROS ENCONTRAMOS 55 KILOS DE ARROZ NO PERDON 65 KILOS DE ARROZ ADEMAS 20 LITROS DE ACEITE Y 18 KILOS DE AZUCAR,ayer me dijeron que ya habían contado esta bodega pero mejor confirmemos en cocina principal suministros encontramos 55 kilos de arroz no perdón 65 kilos de arroz además 20 litros de aceite y 18 kilos de azúcar,7072.73,EXACT_CONSENSUS,100.0,0.0,0.0,0.0,191,65,6.8e-05,2.1,ARROZ,N/A,matched,100.0,NO,7585.35,0.001865,EXITOSO
run_20260726_084433_08a1a2bb,2,adriana_133,adriana,DIFICIL,RELEVANTE,False,284.29,16.82,0.001205,100.0,0.0,ESPERE QUE ACABA DE PASAR UN CARRO Y NO ESCUCHE NADA LISTO HAY 20 CAJAS DE TAPABOCAS 14 LITROS DE ALCOHOL Y 35 CAJAS DE GUANTES DE NITRILO,espere que acaba de pasar un carro y no escuché nada listo hay 20 cajas de tapabocas 14 litros de alcohol y 35 cajas de guantes de nitrilo,3356.35,EXACT_CONSENSUS,100.0,0.0,0.0,0.0,164,65,6.4e-05,2.83,TAPABOCAS,N/A,matched,100.0,NO,3643.94,0.001269,EXITOSO
run_20260726_084433_08a1a2bb,2,daniel_1,daniel,FACIL,RELEVANTE,False,356.88,6.2,0.000444,100.0,0.0,350 KILOS DE ACELGA,350 kilos de acelga,2962.33,EXACT_CONSENSUS,100.0,0.0,0.0,0.0,100,35,3.6e-05,2.29,ACELGA,N/A,matched,100.0,NO,3321.72,0.00048,EXITOSO
run_20260726_084433_08a1a2bb,2,daniel_2,daniel,FACIL,RELEVANTE,False,379.86,4.38,0.000314,100.0,0.0,600 KILOS DE CALABACIN,600 kilos de calabacín,5333.47,EXACT_CONSENSUS,100.0,0.0,0.0,0.0,100,35,3.6e-05,2.56,CALABACÍN,N/A,matched,100.0,NO,5716.07,0.00035,EXITOSO
run_20260726_084433_08a1a2bb,2,daniel_3,daniel,FACIL,RELEVANTE,False,395.82,5.35,0.000383,100.0,0.0,400 KILOS DE KIWI,400 kilos de kiwi,1832.3,EXACT_CONSENSUS,100.0,0.0,0.0,0.0,100,35,3.6e-05,2.18,KIWI,N/A,matched,100.0,NO,2230.43,0.000419,EXITOSO
run_20260726_084433_08a1a2bb,2,daniel_4,daniel,FACIL,RELEVANTE,False,324.56,8.25,0.000591,100.0,0.0,ALMOHADILLA PARA SELLO 600 UNIDADES,almohadilla para sello 600 unidades,3073.64,EXACT_CONSENSUS,100.0,0.0,0.0,0.0,100,35,3.6e-05,2.25,ALMOHADILLA PARA SELLO,N/A,matched,100.0,NO,3400.62,0.000627,EXITOSO
run_20260726_084433_08a1a2bb,2,daniel_5,daniel,FACIL,RELEVANTE,False,375.29,11.63,0.000833,100.0,0.0,AMBIENTADOR EN AEROSOL MARCA AROMA POR 600 UNIDADES,ambientador en aerosol marca aroma por 600 unidades,5416.72,EXACT_CONSENSUS,100.0,0.0,0.0,0.0,104,35,3.7e-05,2.72,AMBIENTADOR EN AEROSOL MARCA AROMA,N/A,matched,100.0,NO,5794.91,0.00087,EXITOSO
run_20260726_084433_08a1a2bb,2,daniel_6,daniel,FACIL,RELEVANTE,False,233.49,11.87,0.000851,100.0,0.0,BANDEJA PLASTICA POR 9320 UNIDADES,bandeja plástica por 9320 unidades,5272.79,EXACT_CONSENSUS,100.0,0.0,0.0,0.0,100,35,3.6e-05,2.71,BANDEJA PLÁSTICA,N/A,matched,100.0,NO,5509.17,0.000887,EXITOSO
run_20260726_084433_08a1a2bb,2,daniel_7,daniel,FACIL,RELEVANTE,False,455.64,9.21,0.00066,100.0,16.67,CAJA PARA PIZZA CARTON 4500 UNIDADES,caja para pizza de cartón 4500 unidades,2719.32,EXACT_CONSENSUS,100.0,0.0,0.0,0.0,101,35,3.6e-05,2.35,CAJA PARA PIZZA DE CARTÓN,N/A,matched,100.0,NO,3177.48,0.000696,EXITOSO
run_20260726_084433_08a1a2bb,2,daniel_8,daniel,FACIL,RELEVANTE,False,300.29,9.09,0.000651,100.0,14.29,CALDERO RECORD CON TAPA POR 800 UNIDADES,caldero ricor con tapa por 800 unidades,3593.71,EXACT_CONSENSUS,100.0,0.0,0.0,0.0,101,35,3.6e-05,2.49,CALDERO RICOR CON TAPA,N/A,matched,100.0,NO,3896.65,0.000687,EXITOSO
run_20260726_084433_08a1a2bb,2,daniel_9,daniel,FACIL,RELEVANTE,False,378.74,13.56,0.000972,100.0,0.0,BOWL POR 500 UNIDADES Y 7 CALCULADORAS MANUALES DE 12 DIGITOS,bowl por 500 unidades y 7 calculadoras manuales de 12 dígitos,4826.07,EXACT_CONSENSUS,100.0,0.0,0.0,0.0,113,50,4.7e-05,2.11,BOWL,N/A,matched,100.0,NO,5207.1,0.001019,EXITOSO
run_20260726_084433_08a1a2bb,2,daniel_10,daniel,FACIL,RELEVANTE,False,494.42,11.15,0.000799,100.0,0.0,AREPA PAISA POR 500 UNIDADES Y 750 KILOS DE ARANDANOS,arepa paisa por 500 unidades y 750 kilos de arándanos,7627.41,EXACT_CONSENSUS,100.0,0.0,0.0,0.0,110,50,4.6e-05,1.99,AREPA PAISA,N/A,matched,100.0,NO,8124.03,0.000845,EXITOSO
run_20260726_084433_08a1a2bb,2,daniel_11,daniel,MEDIO,RELEVANTE,False,503.95,20.93,0.0015,100.0,5.0,DON JAIME ENCONTRAMOS 750 KILOS DE ARVEJA AMARILLA TAMBIEN ENCONTRAMOS EN LA BODEGA 1 DOS KILOS DE CEBADA DE PERLA,don jaime encontramos 750 kilos de arveja amarilla también encontramos en la bodega 1 2 kilos de cebada de perla,3847.54,EXACT_CONSENSUS,100.0,0.0,0.0,0.0,140,50,5.1e-05,3.44,ARVEJA AMARILLA,N/A,matched,100.0,NO,4355.21,0.001551,EXITOSO
run_20260726_084433_08a1a2bb,2,daniel_12,daniel,MEDIO,RELEVANTE,False,292.73,13.68,0.00098,100.0,6.67,BUENOS DIAS SENORA ISABEL SON 4 UNIDADES DE SODA BRETANA Y 8 UNIDADES DE BONYURT,buenos días señora isabel son 4 unidades de soda bretaña y 8 unidades de bonjour,3032.56,EXACT_CONSENSUS,100.0,0.0,0.0,0.0,125,50,4.9e-05,2.65,SODA BRETAÑA,N/A,matched,100.0,NO,3328.2,0.001029,EXITOSO
run_20260726_084433_08a1a2bb,2,daniel_13,daniel,MEDIO,RELEVANTE,False,392.51,13.68,0.00098,100.0,6.67,KAROL ANOTE AHI QUE SON 60 KILOS DE CEBOLLA ROJA Y 50000 UNIDADES DE STEVIA,carol anote ahí que son 60 kilos de cebolla roja y 50000 unidades de stevia,4370.55,EXACT_CONSENSUS,100.0,0.0,0.0,0.0,125,50,4.9e-05,2.13,CEBOLLA ROJA,N/A,matched,100.0,NO,4765.36,0.001029,EXITOSO
run_20260726_084433_08a1a2bb,2,daniel_14,daniel,MEDIO,RELEVANTE,False,239.76,19.84,0.001422,100.0,6.25,UFF VI LA MORCILLA Y ME ANTOJE SON 700 KILOS DE MORCILLA Y 400 DE CHORIZO,uf vi la morcilla y me antojé son 700 kilos de morcilla y 400 de chorizo,3252.34,EXACT_CONSENSUS,100.0,0.0,0.0,0.0,128,50,4.9e-05,2.26,MORCILLA,N/A,matched,100.0,NO,3494.58,0.001471,EXITOSO
run_20260726_084433_08a1a2bb,2,daniel_15,daniel,MEDIO,RELEVANTE,False,584.03,23.34,0.001673,100.0,9.52,QUE MAN TAN SALADO NACHOS NATURALES POR 200 UNIDADES 400 UNIDADES DE NATUCHIPS Y 150 KILOS DE PAPA A LA FRANCESA,qué mantan salado nachos naturales por 200 unidades 400 unidades de natuchips y 150 kilos de papa a la francesa,4867.14,EXACT_CONSENSUS,100.0,0.0,0.0,0.0,140,65,6e-05,2.23,NACHOS NATURALES,N/A,matched,100.0,NO,5453.67,0.001733,EXITOSO
run_20260726_084433_08a1a2bb,2,daniel_16,daniel,DIFICIL,RELEVANTE,False,384.8,30.95,0.002218,100.0,32.0,PARCE IMAGINESE QUE VI ESTO NATUCHIPS Y ME ACORDE DE ANOCHE AUDIO INAUDIBLE 400 UNIDADES DE NATUCHIP 400 UNIDADES DE PAPAS MARGARITAS Y 200 COCACOLAS,parce imagínese que vi esos natuchips y me acordé 400 unidades de natuchips 400 unidades de papas margaritas y 200 coca-colas,3526.12,EXACT_CONSENSUS,100.0,0.0,0.0,0.0,143,65,6e-05,2.38,NATUCHIPS,N/A,matched,100.0,NO,3913.6,0.002278,EXITOSO
run_20260726_084433_08a1a2bb,2,daniel_17,daniel,DIFICIL,RELEVANTE,False,299.08,36.99,0.002651,100.0,0.0,AY AQUI ESTOY YO EN EL MISMO LUGAR QUE TE CONOCI SIGO PENSANDO EN TU BOCA PARCE NO SE PONGA A CANTAR QUE ESTAMOS HACIENDO EL INVENTARIO DICTE AHI 800 KILOS DE AZUCAR MORENA 700 KILOS DE CAFE Y 80 UNIDADES DE HAMBURGUESA MIXTA,ay aquí estoy yo en el mismo lugar que te conocí sigo pensando en tu boca parce no se ponga a cantar que estamos haciendo el inventario dicte ahí 800 kilos de azúcar morena 700 kilos de café y 80 unidades de hamburguesa mixta,4192.92,EXACT_CONSENSUS,100.0,0.0,0.0,0.0,212,65,7.1e-05,2.92,AZÚCAR MORENA,N/A,matched,100.0,NO,4495.36,0.002722,EXITOSO
run_20260726_084433_08a1a2bb,2,daniel_18,daniel,DIFICIL,RELEVANTE,False,434.81,30.35,0.002175,100.0,0.0,Y SU MAMA COMO SIGUE TENEMOS RATO SIN HABLAR ESPERA YA LE RESPONDO VOY A REGISTRAR UNOS PRODUCTOS EN LA HERRAMIENTA 19 KILOS DE BERENJENA 190 KILOS DE CHORIZO Y 700 LITROS DE AGUARDIENTE NECTAR,y su mamá cómo sigue tenemos rato sin hablar espera ya le respondo voy a registrar unos productos en la herramienta 19 kilos de berenjena 190 kilos de chorizo y 700 litros de aguardiente néctar,3903.97,EXACT_CONSENSUS,100.0,0.0,0.0,0.0,185,65,6.7e-05,3.18,BERENJENA,N/A,matched,100.0,NO,4342.31,0.002242,EXITOSO
run_20260726_084433_08a1a2bb,2,daniel_19,daniel,DIFICIL,RELEVANTE,False,611.02,40.13,0.002876,100.0,9.76,ESTO DE HACER EL INVENTARIO ES MUY TEDIOSO QUE HAGO AQUI CONTANDO UNAS ALCACHOFAS BUENO PERO SIGAMOS QUE SI NO NO TERMINAMOS HOY ALCACHOFAS 500 KILOS 400 UNIDADES DE BOTELLONES DE AGUA 19 KILOS DE ACELGA Y 60 KILOS DE AJO,esto al ser el inventario es muy tedioso qué hago aquí contando unas alcachofas bueno pero sigamos que sino no terminamos hoy alcachofas 500 kilos 400 unidades de botellones de agua 19 kilos de acelga y 60 kilos de ajo,3021.11,EXACT_CONSENSUS,100.0,0.0,0.0,0.0,200,80,7.8e-05,2.73,ALCACHOFAS,N/A,matched,100.0,NO,3635.31,0.002954,EXITOSO
run_20260726_084433_08a1a2bb,2,daniel_20,daniel,FACIL,RELEVANTE,False,272.71,5.95,0.000426,100.0,0.0,50 KILOS DE PAPA PASTUSA,50 kilos de papa pastusa,3202.12,EXACT_CONSENSUS,100.0,0.0,0.0,0.0,100,35,3.6e-05,2.54,PAPA PASTUSA,N/A,matched,100.0,NO,3477.53,0.000462,EXITOSO
run_20260726_084433_08a1a2bb,2,daniel_21,daniel,FACIL,RELEVANTE,False,387.84,4.75,0.00034,100.0,0.0,120 LITROS DE ACEITE DE GIRASOL,120 litros de aceite de girasol,3078.06,EXACT_CONSENSUS,100.0,0.0,0.0,0.0,100,35,3.6e-05,2.33,ACEITE DE GIRASOL,N/A,matched,100.0,NO,3468.38,0.000376,EXITOSO
run_20260726_084433_08a1a2bb,2,daniel_22,daniel,FACIL,RELEVANTE,False,424.08,5.23,0.000375,100.0,0.0,30 PORCIONES DE CARNE DE RES,30 porciones de carne de res,2882.04,EXACT_CONSENSUS,100.0,0.0,0.0,0.0,100,35,3.6e-05,2.15,CARNE DE RES,N/A,matched,100.0,NO,3308.44,0.000411,EXITOSO
run_20260726_084433_08a1a2bb,2,daniel_23,daniel,FACIL,RELEVANTE,False,665.9,5.83,0.000418,100.0,40.0,200 UNIDADES DE HUEVOS FRESCOS,200 unidades de huevo fresco,2999.3,EXACT_CONSENSUS,100.0,0.0,0.0,0.0,100,35,3.6e-05,2.85,HUEVO FRESCO,N/A,matched,100.0,NO,3668.19,0.000454,EXITOSO
run_20260726_084433_08a1a2bb,2,daniel_24,daniel,FACIL,RELEVANTE,False,434.7,5.47,0.000392,100.0,0.0,80 KILOS DE MANZANA ROJA,80 kilos de manzana roja,2522.03,EXACT_CONSENSUS,100.0,0.0,0.0,0.0,100,35,3.6e-05,3.11,MANZANA ROJA,N/A,matched,100.0,NO,2959.97,0.000428,EXITOSO
run_20260726_084433_08a1a2bb,2,daniel_25,daniel,FACIL,RELEVANTE,False,275.62,5.83,0.000418,100.0,20.0,15 LITROS DE LECHE ENTERA,15 litros de lechuga entera,5539.48,EXACT_CONSENSUS,100.0,0.0,0.0,0.0,100,35,3.6e-05,2.74,LECHUGA ENTERA,N/A,matched,100.0,NO,5818.04,0.000454,EXITOSO
run_20260726_084433_08a1a2bb,2,daniel_26,daniel,FACIL,RELEVANTE,False,438.53,5.71,0.000409,100.0,25.0,40 KILOS DE ZANAHORIA,400 kilos de zanahoria,3128.05,EXACT_CONSENSUS,100.0,0.0,0.0,0.0,100,35,3.6e-05,2.19,ZANAHORIA,N/A,matched,100.0,NO,3568.94,0.000445,EXITOSO
run_20260726_084433_08a1a2bb,2,daniel_27,daniel,FACIL,RELEVANTE,False,253.75,6.32,0.000453,100.0,0.0,500 UNIDADES DE VASOS DESECHABLES,500 unidades de vasos desechables,2498.66,EXACT_CONSENSUS,100.0,0.0,0.0,0.0,100,35,3.6e-05,2.4,VASOS DESECHABLES,N/A,matched,100.0,NO,2754.96,0.000489,EXITOSO
run_20260726_084433_08a1a2bb,2,daniel_28,daniel,FACIL,RELEVANTE,False,739.17,6.92,0.000496,100.0,20.0,90 KILOS DE LIMON TAITI,90 kilos de limón tahití,3053.05,EXACT_CONSENSUS,100.0,0.0,0.0,0.0,100,35,3.6e-05,2.79,LIMÓN TAHITÍ,N/A,matched,100.0,NO,3795.18,0.000532,EXITOSO
run_20260726_084433_08a1a2bb,2,daniel_29,daniel,FACIL,RELEVANTE,False,252.34,6.56,0.00047,100.0,0.0,25 PORCIONES DE POLLO ASADO,25 porciones de pollo asado,2257.05,EXACT_CONSENSUS,100.0,0.0,0.0,0.0,100,35,3.6e-05,2.32,POLLO ASADO,N/A,matched,100.0,NO,2511.9,0.000506,EXITOSO
run_20260726_084433_08a1a2bb,2,daniel_30,daniel,FACIL,RELEVANTE,False,297.64,5.47,0.000392,100.0,0.0,300 KILOS DE ARROZ BLANCO,300 kilos de arroz blanco,2494.12,EXACT_CONSENSUS,100.0,0.0,0.0,0.0,100,35,3.6e-05,2.74,ARROZ BLANCO,N/A,matched,100.0,NO,2794.65,0.000428,EXITOSO
run_20260726_084433_08a1a2bb,2,daniel_31,daniel,FACIL,RELEVANTE,False,243.41,6.44,0.000462,100.0,0.0,150 LITROS DE JUGO DE NARANJA,150 litros de jugo de naranja,2802.18,EXACT_CONSENSUS,100.0,0.0,0.0,0.0,100,35,3.6e-05,2.21,JUGO DE NARANJA,N/A,matched,100.0,NO,3047.94,0.000498,EXITOSO
run_20260726_084433_08a1a2bb,2,daniel_32,daniel,FACIL,RELEVANTE,False,449.97,6.92,0.000496,100.0,20.0,60 UNIDADES DE PAN HAMBURGUESA,60 unidades de pan de hamburguesa,2730.38,EXACT_CONSENSUS,100.0,0.0,0.0,0.0,100,35,3.6e-05,2.92,PAN DE HAMBURGUESA,N/A,matched,100.0,NO,3183.47,0.000532,EXITOSO
run_20260726_084433_08a1a2bb,2,daniel_33,daniel,FACIL,RELEVANTE,False,308.55,5.23,0.000375,100.0,0.0,75 KILOS DE CEBOLLA CABEZONA,75 kilos de cebolla cabezona,2593.41,EXACT_CONSENSUS,100.0,0.0,0.0,0.0,100,35,3.6e-05,2.39,CEBOLLA CABEZONA,N/A,matched,100.0,NO,2904.5,0.000411,EXITOSO
run_20260726_084433_08a1a2bb,2,daniel_34,daniel,FACIL,RELEVANTE,False,274.68,7.4,0.00053,100.0,0.0,50 PORCIONES DE LASANA DE CARNE,50 porciones de lasaña de carne,2214.09,EXACT_CONSENSUS,100.0,0.0,0.0,0.0,100,35,3.6e-05,3.15,LASAÑA DE CARNE,N/A,matched,100.0,NO,2492.13,0.000566,EXITOSO
run_20260726_084433_08a1a2bb,2,daniel_35,daniel,FACIL,RELEVANTE,False,297.12,9.09,0.000651,100.0,0.0,100 KILOS DE TOMATE DE ARBOL,100 kilos de tomate de árbol,2585.18,EXACT_CONSENSUS,100.0,0.0,0.0,0.0,100,35,3.6e-05,2.51,TOMATE DE ÁRBOL,N/A,matched,100.0,NO,2885.02,0.000687,EXITOSO
run_20260726_084433_08a1a2bb,2,daniel_36,daniel,FACIL,RELEVANTE,False,441.18,6.56,0.00047,100.0,0.0,400 LITROS DE DETERGENTE LIQUIDO,400 litros de detergente líquido,3789.73,EXACT_CONSENSUS,100.0,0.0,0.0,0.0,100,35,3.6e-05,2.01,DETERGENTE LÍQUIDO,N/A,matched,100.0,NO,4233.06,0.000506,EXITOSO
run_20260726_084433_08a1a2bb,2,daniel_37,daniel,FACIL,RELEVANTE,False,288.24,6.68,0.000479,100.0,0.0,800 UNIDADES DE SERVILLETA DE PAPEL,800 unidades de servilleta de papel,2855.54,EXACT_CONSENSUS,100.0,0.0,0.0,0.0,100,35,3.6e-05,2.49,SERVILLETA DE PAPEL,N/A,matched,100.0,NO,3146.52,0.000515,EXITOSO
run_20260726_084433_08a1a2bb,2,daniel_38,daniel,FACIL,RELEVANTE,False,466.57,7.28,0.000522,100.0,0.0,35 KILOS DE QUESO CAMPESINO,35 kilos de queso campesino,4706.07,EXACT_CONSENSUS,100.0,0.0,0.0,0.0,100,35,3.6e-05,2.76,QUESO CAMPESINO,N/A,matched,100.0,NO,5175.57,0.000558,EXITOSO
run_20260726_084433_08a1a2bb,2,daniel_39,daniel,FACIL,RELEVANTE,False,452.37,5.95,0.000426,100.0,0.0,12 PORCIONES DE SALMON FRESCO,12 porciones de salmón fresco,2529.5,EXACT_CONSENSUS,100.0,0.0,0.0,0.0,100,35,3.6e-05,2.75,SALMÓN FRESCO,N/A,matched,100.0,NO,2984.82,0.000462,EXITOSO
run_20260726_084433_08a1a2bb,2,daniel_40,daniel,FACIL,RELEVANTE,False,301.4,8.37,0.0006,100.0,0.0,45 KILOS DE PAPAYA MARADOL,45 kilos de papaya maradol,2473.29,EXACT_CONSENSUS,100.0,0.0,0.0,0.0,100,35,3.6e-05,2.21,PAPAYA MARADOL,N/A,matched,100.0,NO,2777.07,0.000636,EXITOSO
run_20260726_084433_08a1a2bb,2,daniel_41,daniel,FACIL,RELEVANTE,False,596.03,6.92,0.000496,100.0,0.0,600 UNIDADES DE TENEDOR PLASTICO,600 unidades de tenedor plástico,2120.82,EXACT_CONSENSUS,100.0,0.0,0.0,0.0,100,35,3.6e-05,3.06,TENEDOR PLÁSTICO,N/A,matched,100.0,NO,2720.08,0.000532,EXITOSO
run_20260726_084433_08a1a2bb,2,daniel_42,daniel,FACIL,RELEVANTE,False,189.32,5.83,0.000418,100.0,0.0,200 KILOS DE HARINA DE TRIGO,200 kilos de harina de trigo,2834.08,EXACT_CONSENSUS,100.0,0.0,0.0,0.0,100,35,3.6e-05,3.96,HARINA DE TRIGO,N/A,matched,100.0,NO,3027.64,0.000454,EXITOSO
run_20260726_084433_08a1a2bb,2,daniel_43,daniel,FACIL,RELEVANTE,False,308.16,6.8,0.000487,100.0,0.0,85 LITROS DE AGUA EMBOTELLADA,85 litros de agua embotellada,3654.59,EXACT_CONSENSUS,100.0,0.0,0.0,0.0,100,35,3.6e-05,2.34,AGUA EMBOTELLADA,N/A,matched,100.0,NO,3965.27,0.000523,EXITOSO
run_20260726_084433_08a1a2bb,2,daniel_44,daniel,FACIL,RELEVANTE,False,634.84,6.32,0.000453,100.0,20.0,110 KILOS DE PLATANO VERDE,110 litros de plátano verde,3942.21,EXACT_CONSENSUS,100.0,0.0,0.0,0.0,100,35,3.6e-05,2.93,PLÁTANO VERDE,N/A,matched,100.0,NO,4580.17,0.000489,EXITOSO
run_20260726_084433_08a1a2bb,2,daniel_45,daniel,FACIL,RELEVANTE,False,270.89,6.68,0.000479,100.0,16.67,40 PORCIONES DE PUDIN DE CHOCOLATE,40 porciones de budín de chocolate,2287.26,EXACT_CONSENSUS,100.0,0.0,0.0,0.0,100,35,3.6e-05,3.37,BUDÍN DE CHOCOLATE,N/A,matched,100.0,NO,2561.7,0.000515,EXITOSO
run_20260726_084433_08a1a2bb,2,daniel_46,daniel,FACIL,RELEVANTE,False,302.39,6.92,0.000496,100.0,0.0,350 UNIDADES DE PLATOS DESECHABLES,350 unidades de platos desechables,2601.07,EXACT_CONSENSUS,100.0,0.0,0.0,0.0,100,35,3.6e-05,2.48,PLATOS DESECHABLES,N/A,matched,100.0,NO,2906.11,0.000532,EXITOSO
run_20260726_084433_08a1a2bb,2,daniel_47,daniel,FACIL,RELEVANTE,False,467.4,9.58,0.000687,100.0,0.0,800 KILOS DE GUAYABA Y 15 PORCIONES DE LOMO DE CERDO,800 kilos de guayaba y 15 porciones de lomo de cerdo,3141.11,EXACT_CONSENSUS,100.0,0.0,0.0,0.0,113,50,4.7e-05,2.61,GUAYABA,N/A,matched,100.0,NO,3611.31,0.000734,EXITOSO
run_20260726_084433_08a1a2bb,2,daniel_48,daniel,FACIL,RELEVANTE,False,425.95,6.8,0.000487,100.0,20.0,50 LITROS DE DESINFECTANTE MULTIUSOS,50 litros de desinfectante multiuso,2787.98,EXACT_CONSENSUS,100.0,0.0,0.0,0.0,100,35,3.6e-05,2.44,DESINFECTANTE MULTIUSO,N/A,matched,100.0,NO,3216.5,0.000523,EXITOSO
run_20260726_084433_08a1a2bb,2,daniel_49,daniel,FACIL,RELEVANTE,False,276.25,6.68,0.000479,100.0,0.0,18 PORCIONES DE PECHUGA A LA PLANCHA,18 porciones de pechuga a la plancha,3285.51,EXACT_CONSENSUS,100.0,0.0,0.0,0.0,101,35,3.6e-05,2.81,PECHUGA A LA PLANCHA,N/A,matched,100.0,NO,3564.78,0.000515,EXITOSO
run_20260726_084433_08a1a2bb,2,daniel_50,daniel,FACIL,RELEVANTE,False,265.61,11.27,0.000808,100.0,0.0,120 KILOS DE YUCA BLANCA Y 45 KILOS DE MARACUYA,120 kilos de yuca blanca y 45 kilos de maracuyá,2401.32,EXACT_CONSENSUS,100.0,0.0,0.0,0.0,110,50,4.6e-05,3.51,YUCA BLANCA,N/A,matched,100.0,NO,2670.66,0.000854,EXITOSO
run_20260726_084433_08a1a2bb,2,daniel_51,daniel,FACIL,RELEVANTE,False,251.88,8.37,0.0006,100.0,0.0,300 UNIDADES DE BOLSA PLASTICA Y 20 LITROS DE JABON LIQUIDO,300 unidades de bolsa plástica y 20 litros de jabón líquido,2403.66,EXACT_CONSENSUS,100.0,0.0,0.0,0.0,113,50,4.7e-05,2.19,BOLSA PLÁSTICA,N/A,matched,100.0,NO,2657.95,0.000647,EXITOSO
run_20260726_084433_08a1a2bb,2,daniel_52,daniel,FACIL,RELEVANTE,False,380.11,9.21,0.00066,100.0,0.0,80 KILOS DE GUAYABA Y 15 PORCIONES DE LOMO DE CERDO,80 kilos de guayaba y 15 porciones de lomo de cerdo,2070.47,EXACT_CONSENSUS,100.0,0.0,0.0,0.0,113,50,4.7e-05,3.32,GUAYABA,N/A,matched,100.0,NO,2454.16,0.000707,EXITOSO
run_20260726_084433_08a1a2bb,2,daniel_53,daniel,FACIL,RELEVANTE,False,283.69,11.03,0.00079,100.0,0.0,150 UNIDADES DE EMPAQUE PARA SUBSIDIO Y 90 KILOS DE MANGO,150 unidades de empaque para subsidio y 90 kilos de mango,2404.5,EXACT_CONSENSUS,100.0,0.0,0.0,0.0,113,50,4.7e-05,2.81,EMPAQUE PARA SUBSIDIO,N/A,matched,100.0,NO,2691.17,0.000837,EXITOSO
run_20260726_084433_08a1a2bb,2,daniel_54,daniel,FACIL,RELEVANTE,False,582.18,11.51,0.000825,100.0,0.0,400 UNIDADES DE CUCHILLO PLASTICO Y 60 LITROS DE LECHE DE SOYA,400 unidades de cuchillo plástico y 60 litros de leche de soya,2620.6,EXACT_CONSENSUS,100.0,0.0,0.0,0.0,116,50,4.7e-05,3.04,CUCHILLO PLÁSTICO,N/A,matched,100.0,NO,3206.11,0.000872,EXITOSO
run_20260726_084433_08a1a2bb,2,daniel_55,daniel,FACIL,RELEVANTE,False,373.07,13.44,0.000963,100.0,16.67,70 KILOS DE PINA ORO MIEL Y 250 UNIDADES DE GORRO DESECHABLE,70 kilos de pina oromiel y 250 unidades de gorro desechable,5350.42,EXACT_CONSENSUS,100.0,0.0,0.0,0.0,113,50,4.7e-05,2.68,PINA OROMIEL,N/A,matched,100.0,NO,5726.41,0.00101,EXITOSO
run_20260726_084433_08a1a2bb,2,daniel_56,daniel,FACIL,RELEVANTE,False,255.5,9.94,0.000712,100.0,0.0,95 KILOS DE BROCOLI Y 35 PORCIONES DE SOPA DE VERDURAS,95 kilos de brócoli y 35 porciones de sopa de verduras,2529.95,EXACT_CONSENSUS,100.0,0.0,0.0,0.0,113,50,4.7e-05,2.59,BRÓCOLI,N/A,matched,100.0,NO,2788.21,0.000759,EXITOSO
run_20260726_084433_08a1a2bb,2,daniel_57,daniel,FACIL,RELEVANTE,False,463.77,9.46,0.000678,100.0,0.0,500 UNIDADES DE TAPA PLASTICA Y 130 LITROS DE CLORO,500 unidades de tapa plástica y 130 litros de cloro,2411.8,EXACT_CONSENSUS,100.0,0.0,0.0,0.0,110,50,4.6e-05,2.08,TAPA PLÁSTICA,N/A,matched,100.0,NO,2877.86,0.000724,EXITOSO
run_20260726_084433_08a1a2bb,2,daniel_58,daniel,FACIL,RELEVANTE,False,431.58,8.85,0.000634,100.0,0.0,85 KILOS DE PERA VERDE Y 40 LITROS DE ACEITE DE OLIVA,85 kilos de pera verde y 40 litros de aceite de oliva,2621.78,EXACT_CONSENSUS,100.0,0.0,0.0,0.0,116,50,4.7e-05,2.92,PERA VERDE,N/A,matched,100.0,NO,3056.49,0.000681,EXITOSO
run_20260726_084433_08a1a2bb,2,daniel_59,daniel,FACIL,RELEVANTE,False,403.24,9.21,0.00066,100.0,0.0,220 UNIDADES DE CAJA DE CARTON Y 15 KILOS DE MANTEQUILLA,220 unidades de caja de cartón y 15 kilos de mantequilla,2463.45,EXACT_CONSENSUS,100.0,0.0,0.0,0.0,113,50,4.7e-05,3.16,CAJA DE CARTÓN,N/A,matched,100.0,NO,2870.06,0.000707,EXITOSO
run_20260726_084433_08a1a2bb,2,daniel_60,daniel,FACIL,RELEVANTE,False,229.65,6.8,0.000487,100.0,0.0,150 KILOS DE PAPA CRIOLLA,150 kilos de papa criolla,2787.5,EXACT_CONSENSUS,100.0,0.0,0.0,0.0,100,35,3.6e-05,2.31,PAPA CRIOLLA,N/A,matched,100.0,NO,3019.6,0.000523,EXITOSO
run_20260726_084433_08a1a2bb,2,daniel_61,daniel,FACIL,RELEVANTE,False,433.41,5.71,0.000409,100.0,0.0,80 LITROS DE VINAGRE BLANCO,80 litros de vinagre blanco,2183.1,EXACT_CONSENSUS,100.0,0.0,0.0,0.0,100,35,3.6e-05,2.53,VINAGRE BLANCO,N/A,matched,100.0,NO,2619.19,0.000445,EXITOSO
run_20260726_084433_08a1a2bb,2,daniel_62,daniel,FACIL,RELEVANTE,False,249.31,6.07,0.000435,100.0,0.0,400 UNIDADES DE MECHERO PARA VELA,400 unidades de mechero para vela,2924.88,EXACT_CONSENSUS,100.0,0.0,0.0,0.0,100,35,3.6e-05,3.85,MECHERO PARA VELA,N/A,matched,100.0,NO,3178.22,0.000471,EXITOSO
run_20260726_084433_08a1a2bb,2,daniel_63,daniel,FACIL,RELEVANTE,False,486.48,8.13,0.000583,100.0,0.0,90 KILOS DE DURAZNO EN ALMIBAR,90 kilos de durazno en almíbar,5631.62,EXACT_CONSENSUS,100.0,0.0,0.0,0.0,100,35,3.6e-05,2.66,DURAZNO EN ALMÍBAR,N/A,matched,100.0,NO,6120.92,0.000619,EXITOSO
run_20260726_084433_08a1a2bb,2,daniel_64,daniel,FACIL,RELEVANTE,False,344.42,5.47,0.000392,100.0,0.0,35 PORCIONES DE FILETE DE POLLO,35 porciones de filete de pollo,2433.63,EXACT_CONSENSUS,100.0,0.0,0.0,0.0,100,35,3.6e-05,2.02,FILETE DE POLLO,N/A,matched,100.0,NO,2780.37,0.000428,EXITOSO
run_20260726_084433_08a1a2bb,2,daniel_65,daniel,FACIL,RELEVANTE,False,427.02,8.01,0.000574,100.0,0.0,600 UNIDADES DE CAPUCHON DE PAPEL,600 unidades de capuchón de papel,2823.41,EXACT_CONSENSUS,100.0,0.0,0.0,0.0,100,35,3.6e-05,2.44,CAPUCHÓN DE PAPEL,N/A,matched,100.0,NO,3253.04,0.00061,EXITOSO
run_20260726_084433_08a1a2bb,2,daniel_66,daniel,FACIL,RELEVANTE,False,345.67,6.56,0.00047,100.0,0.0,110 KILOS DE AJO EN POLVO,110 kilos de ajo en polvo,2912.75,EXACT_CONSENSUS,100.0,0.0,0.0,0.0,100,35,3.6e-05,2.52,AJO EN POLVO,N/A,matched,100.0,NO,3261.09,0.000506,EXITOSO
run_20260726_084433_08a1a2bb,2,daniel_67,daniel,FACIL,RELEVANTE,False,225.74,6.8,0.000487,100.0,0.0,75 LITROS DE JUGO DE MARACUYA,75 litros de jugo de maracuyá,4935.01,EXACT_CONSENSUS,100.0,0.0,0.0,0.0,100,35,3.6e-05,2.38,JUGO DE MARACUYÁ,N/A,matched,100.0,NO,5163.33,0.000523,EXITOSO
run_20260726_084433_08a1a2bb,2,daniel_68,daniel,FACIL,RELEVANTE,False,232.08,6.32,0.000453,100.0,0.0,50 PORCIONES DE CARNE MOLIDA,50 porciones de carne molida,2940.64,EXACT_CONSENSUS,100.0,0.0,0.0,0.0,100,35,3.6e-05,2.23,CARNE MOLIDA,N/A,matched,100.0,NO,3175.14,0.000489,EXITOSO
run_20260726_084433_08a1a2bb,2,daniel_70,daniel,MEDIO,RELEVANTE,False,339.34,16.82,0.001205,100.0,4.55,HOLA BUENAS TARDES PARA INFORMAR QUE EN EL ESTANTE TRES TENEMOS 45 KILOS DE AVENA EN HOJUELAS Y 20 LITROS DE MIEL,hola buenas tardes para informar que en el estante 3 tenemos 45 kilos de avena en hojuelas y 20 litros de miel,4383.08,EXACT_CONSENSUS,100.0,0.0,0.0,0.0,146,50,5.2e-05,2.65,AVENA EN HOJUELAS,N/A,matched,100.0,NO,4725.32,0.001257,EXITOSO
run_20260726_084433_08a1a2bb,2,daniel_71,daniel,MEDIO,RELEVANTE,False,642.99,13.32,0.000955,100.0,0.0,DON MARIO REVISANDO EL CONGELADOR HAY 80 PORCIONES DE PESCADO Y 120 KILOS DE ESPINACA,don mario revisando el congelador hay 80 porciones de pescado y 120 kilos de espinaca,4154.3,EXACT_CONSENSUS,100.0,0.0,0.0,0.0,125,50,4.9e-05,3.27,PESCADO,N/A,matched,100.0,NO,4800.87,0.001004,EXITOSO
run_20260726_084433_08a1a2bb,2,daniel_72,daniel,MEDIO,RELEVANTE,False,282.87,17.3,0.00124,100.0,6.25,OIGA MARGARITA ANOTE POR FAVOR SON 300 UNIDADES DE EMPAQUE TERMOFORMADO Y 15 KILOS DE CANELA,oiga margarita anote por favor son 300 unidades de empaque terraformado y 15 kilos de canela,5277.93,EXACT_CONSENSUS,100.0,0.0,0.0,0.0,128,50,4.9e-05,2.2,EMPAQUE TERRAFORMADO,N/A,matched,100.0,NO,5563.25,0.001289,EXITOSO
run_20260726_084433_08a1a2bb,2,daniel_73,daniel,MEDIO,RELEVANTE,False,302.84,17.06,0.001223,100.0,0.0,HOLA CARLOS COMO VAS MIRA AQUI REVISANDO LA BODEGA PRINCIPAL HAY 90 KILOS DE LENTEJA Y 200 LITROS DE VINAGRE,hola carlos cómo vas mira aquí revisando la bodega principal hay 90 kilos de lenteja y 200 litros de vinagre,5443.69,EXACT_CONSENSUS,100.0,0.0,0.0,0.0,140,50,5.1e-05,2.35,LENTEJA,N/A,matched,100.0,NO,5749.11,0.001274,EXITOSO
run_20260726_084433_08a1a2bb,2,daniel_74,daniel,MEDIO,RELEVANTE,False,293.85,14.41,0.001033,100.0,6.25,BUENAS NOCHES EQUIPO CONFIRMO RECEPCION DE 150 UNIDADES DE BANDEJA ICOPOR Y 60 KILOS DE GUISANTES,buenas noches equipo confirmo recepción de 150 unidades de bandeja de icopor y 60 kilos de guisantes,4363.64,EXACT_CONSENSUS,100.0,0.0,0.0,0.0,131,50,5e-05,1.61,BANDEJA DE ICOPOR,N/A,matched,100.0,NO,4659.37,0.001083,EXITOSO
run_20260726_084433_08a1a2bb,2,daniel_75,daniel,MEDIO,RELEVANTE,False,308.16,14.16,0.001015,100.0,0.0,HOLA JEFE YA LLEGARON LOS INSUMOS SON 500 UNIDADES DE PALILLOS DE DIENTES Y 30 LITROS DE SALSA DE TOMATE,hola jefe ya llegaron los insumos son 500 unidades de palillos de dientes y 30 litros de salsa de tomate,3968.56,EXACT_CONSENSUS,100.0,0.0,0.0,0.0,140,50,5.1e-05,2.37,PALILLOS DE DIENTES,N/A,matched,100.0,NO,4279.33,0.001066,EXITOSO
run_20260726_084433_08a1a2bb,2,daniel_76,daniel,MEDIO,RELEVANTE,False,541.08,16.34,0.001171,100.0,0.0,DON ALBERTO REVISE EL SECTOR B Y TENEMOS 70 PORCIONES DE PECHUGA Y 40 KILOS DE LIMA,don alberto revisé el sector b y tenemos 70 porciones de pechuga y 40 kilos de lima,5057.09,EXACT_CONSENSUS,100.0,0.0,0.0,0.0,131,50,5e-05,2.19,PECHUGA,N/A,matched,100.0,NO,5600.66,0.001221,EXITOSO
run_20260726_084433_08a1a2bb,2,daniel_77,daniel,MEDIO,RELEVANTE,False,307.57,23.46,0.001681,100.0,10.0,QUE MAS PUES HERMANO AQUI REPORTANDO EN LA LISTA VAN 250 UNIDADES DE CAPUCHON PLASTICO Y 85 KILOS DE GARBANZO,qué más puede ser hermano aquí reportando en la lista van 250 unidades de capuchón plástico y 85 kilos de garbanzo,4636.26,EXACT_CONSENSUS,100.0,0.0,0.0,0.0,143,50,5.1e-05,3.02,CAPUCHÓN PLÁSTICO,N/A,matched,100.0,NO,4947.13,0.001732,EXITOSO
run_20260726_084433_08a1a2bb,2,daniel_78,daniel,MEDIO,RELEVANTE,False,315.33,12.23,0.000876,100.0,0.0,NIDIA CONFIRMA SI LLEGARON 100 LITROS DE CREMA DE LECHE Y 40 KILOS DE MANI SALADO,nidia confirma si llegaron 100 litros de crema de leche y 40 kilos de maní salado,4041.74,EXACT_CONSENSUS,100.0,0.0,0.0,0.0,128,50,4.9e-05,2.32,CREMA DE LECHE,N/A,matched,100.0,NO,4359.68,0.000925,EXITOSO
run_20260726_084433_08a1a2bb,2,daniel_79,daniel,MEDIO,RELEVANTE,False,327.91,16.94,0.001214,100.0,0.0,BUENOS DIAS ALMACEN DICTO CONTEO RAPIDO 60 PORCIONES DE ARROZ CON POLLO Y 18 KILOS DE OREGANO,buenos días almacén dicto conteo rápido 60 porciones de arroz con pollo y 18 kilos de orégano,5281.85,EXACT_CONSENSUS,100.0,0.0,0.0,0.0,131,50,5e-05,2.25,ARROZ CON POLLO,N/A,matched,100.0,NO,5612.26,0.001264,EXITOSO
run_20260726_084433_08a1a2bb,2,daniel_80,daniel,MEDIO,RELEVANTE,False,315.22,21.29,0.001526,100.0,0.0,HOLA A TODOS ESPERO ESTEN BIEN REVISANDO HOY SE INGRESAN 500 UNIDADES DE POPOTE BIO Y 75 LITROS DE DESINFECTANTE,hola a todos espero estén bien revisando hoy se ingresan 500 unidades de popote bio y 75 litros de desinfectante,3073.05,EXACT_CONSENSUS,100.0,0.0,0.0,0.0,140,50,5.1e-05,2.49,POPOTE BIO,N/A,matched,100.0,NO,3391.07,0.001577,EXITOSO
run_20260726_084433_08a1a2bb,2,daniel_81,daniel,MEDIO,RELEVANTE,False,468.52,17.18,0.001231,100.0,5.88,SENOR LUCHO ME DICE SI COPIO 35 KILOS DE UVA PASA Y 120 PORCIONES DE PASTA BOLOGNESA,señor lucho me dice si copió 35 kilos de uva pasa y 120 porciones de pasta boloñesa,4219.56,EXACT_CONSENSUS,100.0,0.0,0.0,0.0,131,50,5e-05,2.0,UVA PASA,N/A,matched,100.0,NO,4690.39,0.001281,EXITOSO
run_20260726_084433_08a1a2bb,2,daniel_82,daniel,MEDIO,RELEVANTE,False,501.08,16.94,0.001214,100.0,0.0,CHICOS REVISEN LA SECCION DE ASEO HAY 90 LITROS DE JABON MULTIUSOS Y 400 UNIDADES DE ESPONJA,chicos revisen la sección de aseo hay 90 litros de jabón multiusos y 400 unidades de esponja,5021.65,EXACT_CONSENSUS,100.0,0.0,0.0,0.0,131,50,5e-05,3.05,JABÓN MULTIUSOS,N/A,matched,100.0,NO,5526.05,0.001264,EXITOSO
run_20260726_084433_08a1a2bb,2,daniel_83,daniel,MEDIO,RELEVANTE,False,1254.08,17.43,0.001249,100.0,6.25,HOLA LINA DICTO INVENTARIO DE REFRIGERADOR 65 KILOS DE QUESO MOZZARELLA Y 25 LITROS DE YOGURT,hola lina dicto inventario de refrigerador 65 kilos de queso mozzarella y 25 litros de yogur,3982.94,EXACT_CONSENSUS,100.0,0.0,0.0,0.0,128,50,4.9e-05,2.74,QUESO MOZZARELLA,N/A,matched,100.0,NO,5239.98,0.001298,EXITOSO
run_20260726_084433_08a1a2bb,2,daniel_84,daniel,MEDIO,RELEVANTE,False,292.3,17.55,0.001258,100.0,0.0,DON ROBERTO BUENAS TARDES TENEMOS EN STOCK 180 UNIDADES DE ENVASE ALUMINIO Y 50 KILOS DE AVENA,don roberto buenas tardes tenemos en stock 180 unidades de envase aluminio y 50 kilos de avena,5264.63,EXACT_CONSENSUS,100.0,0.0,0.0,0.0,131,50,5e-05,1.96,ENVASE ALUMINIO,N/A,matched,100.0,NO,5559.09,0.001308,EXITOSO
run_20260726_084433_08a1a2bb,2,daniel_85,daniel,MEDIO,OMITIR,True,513.11,13.08,0.000937,0.0,0.0,HOLA AMIGOS COMO ESTAN HACE MUCHO CALOR HOY PERO SEGUIMOS CON EL CONTEO,hola amigos cómo están hace mucho calor hoy pero seguimos con el conteo,6679.1,EXACT_CONSENSUS,100.0,100.0,100.0,100.0,119,30,3.6e-05,0.0,N/A,N/A,OMITIDO,0.0,NO,7192.29,0.000973,EXITOSO
run_20260726_084433_08a1a2bb,2,daniel_86,daniel,MEDIO,OMITIR,True,419.55,12.72,0.000912,0.0,0.0,DON PEDRO ME ESCUCHA BUENOS DIAS SOLO QUERIA SALUDAR Y SABER A QUE HORA LLEGA EL CAMION,don pedro me escucha buenos días solo quería saludar y saber a qué hora llega el camión,7030.92,EXACT_CONSENSUS,100.0,100.0,100.0,100.0,131,30,3.8e-05,0.0,N/A,N/A,OMITIDO,0.0,NO,7450.56,0.00095,EXITOSO
run_20260726_084433_08a1a2bb,2,daniel_88,daniel,MEDIO,RELEVANTE,False,409.13,16.22,0.001162,100.0,5.88,HOLA MARIA CONFIRMO QUE LLEGARON 300 UNIDADES DE BOLSA PAPEL KRAFT Y 40 KILOS DE COCO RALLADO,hola maría confirmo que llegaron 300 unidades de bolsa papel craft y 40 kilos de coco rallado,4401.92,EXACT_CONSENSUS,100.0,0.0,0.0,0.0,131,50,5e-05,2.86,BOLSA PAPEL CRAFT,N/A,matched,100.0,NO,4814.16,0.001212,EXITOSO
run_20260726_084433_08a1a2bb,2,daniel_89,daniel,MEDIO,RELEVANTE,False,281.19,13.44,0.000963,100.0,0.0,SALUDOS A TODOS REGISTRO 95 LITROS DE JUGO DE MORA Y 50 PORCIONES DE CARNE DESMECHADA,saludos a todos registro 95 litros de jugo de mora y 50 porciones de carne desmechada,3374.58,EXACT_CONSENSUS,100.0,0.0,0.0,0.0,128,50,4.9e-05,1.98,JUGO DE MORA,N/A,matched,100.0,NO,3657.95,0.001012,EXITOSO
run_20260726_084433_08a1a2bb,2,daniel_90,daniel,MEDIO,RELEVANTE,False,874.66,15.86,0.001137,100.0,5.56,OIGA ANDRES REVISE EL ESTANTE CUATRO HAY 40 KILOS DE AJONJOLI Y 12 LITROS DE ESENCIA DE VAINILLA,oiga andrés revise el estante 4 hay 40 kilos de ajonjolí y 12 litros de esencia de vainilla,3948.65,EXACT_CONSENSUS,100.0,0.0,0.0,0.0,134,50,5e-05,2.2,AJONJOLÍ,N/A,matched,100.0,NO,4825.77,0.001187,EXITOSO
run_20260726_084433_08a1a2bb,2,daniel_91,daniel,MEDIO,RELEVANTE,False,262.32,13.68,0.00098,100.0,6.67,BUENAS DIAS CONFIRMO QUE TENEMOS 220 UNIDADES DE VASO CARTON Y 70 KILOS DE CAMOTE,buenos días confirmo que tenemos 220 unidades de vaso cartón y 70 kilos de camote,3971.14,EXACT_CONSENSUS,100.0,0.0,0.0,0.0,125,50,4.9e-05,2.21,VASO CARTÓN,N/A,matched,100.0,NO,4235.97,0.001029,EXITOSO
run_20260726_084433_08a1a2bb,2,daniel_92,daniel,MEDIO,RELEVANTE,False,308.81,15.01,0.001076,100.0,0.0,DON FELIPE LE INFORMO QUE SE CONTARON 85 PORCIONES DE EMBUTIDO Y 30 LITROS DE SIROPE,don felipe le informo que se contaron 85 porciones de embutido y 30 litros de sirope,4303.95,EXACT_CONSENSUS,100.0,0.0,0.0,0.0,128,50,4.9e-05,2.82,EMBUTIDO,N/A,matched,100.0,NO,4615.75,0.001125,EXITOSO
run_20260726_084433_08a1a2bb,2,daniel_93,daniel,MEDIO,OMITIR,True,238.45,12.84,0.00092,0.0,0.0,CHICOS NO OLVIDEN QUE HOY HAY REUNION A LAS CUATRO DE LA TARDE EN LA SALA PRINCIPAL,chicos no olviden que hoy hay reunión a las 4 de la tarde en la sala principal,6889.02,EXACT_CONSENSUS,100.0,100.0,100.0,100.0,131,30,3.8e-05,0.0,N/A,N/A,OMITIDO,0.0,NO,7127.55,0.000958,EXITOSO
run_20260726_084433_08a1a2bb,2,daniel_94,daniel,MEDIO,RELEVANTE,False,306.53,17.79,0.001275,100.0,0.0,HOLA DIANA POR FAVOR ANOTA 400 UNIDADES DE MECHA PARA TRAPEADOR Y 50 LITROS DE CERA,hola diana por favor anota 400 unidades de mecha para trapeador y 50 litros de cera,3194.01,EXACT_CONSENSUS,100.0,0.0,0.0,0.0,128,50,4.9e-05,2.34,MECHA PARA TRAPEADOR,N/A,matched,100.0,NO,3503.14,0.001324,EXITOSO
run_20260726_084433_08a1a2bb,2,daniel_95,daniel,DIFICIL,RELEVANTE,False,593.76,24.19,0.001734,100.0,0.0,PARCE SE CAYO UNA CAJA ESPERA REVISO BUENO DICTE AHI 50 KILOS DE ATUN Y 300 UNIDADES DE LATA,parce se cayó una caja espera reviso bueno dicte ahí 50 kilos de atún y 300 unidades de lata,24925.78,EXACT_CONSENSUS,100.0,0.0,0.0,0.0,137,50,5.1e-05,256.7,ATÚN,N/A,matched,100.0,NO,25776.58,0.001785,EXITOSO
run_20260726_084433_08a1a2bb,2,daniel_96,daniel,DIFICIL,RELEVANTE,False,251.98,32.16,0.002305,100.0,5.26,QUE DIJO NO SE LE ESCUCHA BIEN AH YA DIJO 150 LITROS DE ACEITE Y 80 KILOS DE MAIZ,qué dijo que no se le escucha bien ah ya dijo 150 litros de aceite y 80 kilos de maíz,6762.41,EXACT_CONSENSUS,100.0,0.0,0.0,0.0,140,50,5.1e-05,2.35,ACEITE,N/A,matched,100.0,NO,7017.06,0.002356,EXITOSO
run_20260726_084433_08a1a2bb,2,daniel_98,daniel,DIFICIL,RELEVANTE,False,288.83,44.47,0.003187,100.0,0.0,ESPERA ESPERA QUE PASE EL CAMION BUENO 600 UNIDADES DE VASO TERMICO Y 20 KILOS DE CHOCOLATE,espera espera que pase el camión bueno 600 unidades de vaso térmico y 20 kilos de chocolate,3865.22,EXACT_CONSENSUS,100.0,0.0,0.0,0.0,131,50,5e-05,2.32,VASO TÉRMICO,N/A,matched,100.0,NO,4156.69,0.003237,EXITOSO
run_20260726_084433_08a1a2bb,2,daniel_99,daniel,DIFICIL,RELEVANTE,False,2966.54,22.98,0.001647,100.0,4.35,PARCE TENGO UN HAMBRE TERRIBLE VAMOS A ALMORZAR YA CASI PERO PRIMERO DICTE 40 KILOS DE CAMARON Y 100 PORCIONES DE ARROZ CHAUFA,parce tengo un hambre terrible vamos a almorzar ya casi pero 1º dicte 40 kilos de camarón y 100 porciones de arroz chaufa,2827.64,EXACT_CONSENSUS,100.0,0.0,0.0,0.0,149,50,5.2e-05,2.25,CAMARÓN,N/A,matched,100.0,NO,5796.72,0.001699,EXITOSO
run_20260726_084433_08a1a2bb,2,daniel_100,daniel,DIFICIL,RELEVANTE,False,316.21,19.12,0.00137,100.0,0.0,OIGA APAGUE ESO NO SE OYE NADA A VER 35 LITROS DE SALSA DE SOYA Y 500 UNIDADES DE CAJAS,oiga apagué eso no se oye nada a ver 35 litros de salsa de soya y 500 unidades de cajas,4432.55,EXACT_CONSENSUS,100.0,0.0,0.0,0.0,140,50,5.1e-05,2.03,SALSA DE SOYA,N/A,matched,100.0,NO,4751.06,0.001421,EXITOSO
run_20260726_084433_08a1a2bb,2,daniel_101,daniel,DIFICIL,RELEVANTE,False,259.9,23.1,0.001656,100.0,3.57,CHISME DE PASILLO Y ENTONCES LE DIJO QUE NO Y ELLA SE FUE AJA BUENO ESPERA QUE ESTOY GRABANDO 120 KILOS DE YUCA Y 40 PORCIONES DE SANCOCHO,chisme de pasillo y entonces le dije que no y ella se fue ajá bueno espera que estoy grabando 120 kilos de yuca y 40 porciones de sancocho,3918.01,EXACT_CONSENSUS,100.0,0.0,0.0,0.0,164,50,5.5e-05,2.48,YUCA,N/A,matched,100.0,NO,4180.8,0.001711,EXITOSO
run_20260726_084433_08a1a2bb,2,daniel_102,daniel,DIFICIL,RELEVANTE,False,302.8,28.65,0.002053,100.0,6.25,ESPERA QUE PASE LA SIRENA LISTO ANOTA 70 KILOS DE MANGO Y 200 UNIDADES DE ETIQUETA,espera a que pase la sirena listo anota 70 kilos de mango y 200 unidades de etiqueta,3779.82,EXACT_CONSENSUS,100.0,0.0,0.0,0.0,131,50,5e-05,4.0,MANGO,N/A,matched,100.0,NO,4086.86,0.002103,EXITOSO
run_20260726_084433_08a1a2bb,2,daniel_104,daniel,DIFICIL,RELEVANTE,False,625.71,24.91,0.001785,100.0,0.0,OIGA DON JOSE SE LE OLVIDO EL CASCO ESPERA SE LO LLEVO YA VUELVO BUENO ANOTE AHI 450 UNIDADES DE PITILLO Y 60 KILOS DE LENTEJA,oiga don josé se le olvidó el casco espera se lo llevo ya vuelvo bueno anote ahí 450 unidades de pitillo y 60 kilos de lenteja,4342.17,EXACT_CONSENSUS,100.0,0.0,0.0,0.0,158,50,5.4e-05,2.05,PITILLO,N/A,matched,100.0,NO,4970.16,0.001839,EXITOSO
run_20260726_084433_08a1a2bb,2,daniel_105,daniel,DIFICIL,RELEVANTE,False,501.64,31.91,0.002287,100.0,56.52,RUIDO DE VENTILADOR FUERTE Y SUSURROS AL FONDO NO SE ENTIENDE CASI A VER 110 KILOS DE FRITO Y 30 PORCIONES DE ENSALADA,a ver 110 kilos de frito y 70 porciones de ensalada,2396.67,EXACT_CONSENSUS,100.0,0.0,0.0,0.0,113,50,4.7e-05,2.49,FRITO,N/A,matched,100.0,NO,2901.07,0.002334,EXITOSO
run_20260726_084433_08a1a2bb,2,daniel_108,daniel,DIFICIL,OMITIR,True,543.17,13.44,0.000963,0.0,0.0,PARCE ME DA UN CAFE POR FAVOR GRACIAS OIGA ESTOY HABLANDO CON EL MESERO NO CON LA GRABADORA,parce me da un café por favor gracias oiga estoy hablando con el mesero no con la grabadora,11388.49,EXACT_CONSENSUS,100.0,0.0,0.0,0.0,134,35,4.1e-05,266.53,CAFÉ,N/A,OMITIDO,0.0,NO,12198.29,0.001004,EXITOSO
run_20260726_084433_08a1a2bb,2,daniel_110,daniel,DIFICIL,OMITIR,True,1109.52,14.04,0.001006,0.0,0.0,,,0.0,EXACT_CONSENSUS,100.0,100.0,100.0,100.0,100,30,3.3e-05,0.0,N/A,N/A,OMITIDO,0.0,NO,1109.59,0.001039,EXITOSO
run_20260726_084433_08a1a2bb,2,daniel_111,daniel,DIFICIL,OMITIR,True,236.97,16.94,0.001214,0.0,0.0,QUE PASO AHI SE CAYO EL ESTANTE PARCE QUE DESASTRE,qué pasó ahí se cayó el estante parce qué desastre,6246.65,EXACT_CONSENSUS,100.0,100.0,100.0,100.0,110,30,3.4e-05,0.0,N/A,N/A,OMITIDO,0.0,NO,6483.73,0.001248,EXITOSO
run_20260726_084433_08a1a2bb,2,daniel_112,daniel,DIFICIL,OMITIR,True,226.39,18.39,0.001318,0.0,0.0,CUIDADO CON EL MONTACARGAS ESPERA FRENEN ESO,cuidado con el montacargas espera frena eso,6438.86,EXACT_CONSENSUS,100.0,100.0,100.0,100.0,101,30,3.3e-05,0.0,N/A,N/A,OMITIDO,0.0,NO,6665.32,0.001351,EXITOSO
run_20260726_084433_08a1a2bb,3,adriana_1,adriana,FACIL,RELEVANTE,False,1284.83,6.74,0.000483,100.0,0.0,150 KILOS DE ARROZ,150 kilos de arroz,3973.57,EXACT_CONSENSUS,100.0,0.0,0.0,0.0,100,35,3.6e-05,3.56,ARROZ,N/A,matched,100.0,NO,5262.15,0.000519,EXITOSO
run_20260726_084433_08a1a2bb,3,adriana_2,adriana,FACIL,RELEVANTE,False,1164.21,7.8,0.000559,100.0,0.0,220 KILOS DE AZUCAR RUBIA,220 kilos de azúcar rubia,3911.04,EXACT_CONSENSUS,100.0,0.0,0.0,0.0,100,35,3.6e-05,2.8,AZÚCAR RUBIA,N/A,matched,100.0,NO,5078.17,0.000595,EXITOSO
run_20260726_084433_08a1a2bb,3,adriana_3,adriana,FACIL,RELEVANTE,False,1185.84,6.07,0.000435,100.0,0.0,75 LITROS DE ACEITE,75 litros de aceite,3066.38,EXACT_CONSENSUS,100.0,0.0,0.0,0.0,100,35,3.6e-05,2.3,ACEITE,N/A,matched,100.0,NO,4254.61,0.000471,EXITOSO
run_20260726_084433_08a1a2bb,3,adriana_4,adriana,FACIL,RELEVANTE,False,1029.52,6.84,0.00049,100.0,0.0,12 LITROS DE ACEITE DE AJONJOLI,12 litros de aceite de ajonjolí,3475.21,EXACT_CONSENSUS,100.0,0.0,0.0,0.0,100,35,3.6e-05,2.72,ACEITE DE AJONJOLÍ,N/A,matched,100.0,NO,4507.67,0.000526,EXITOSO
run_20260726_084433_08a1a2bb,3,adriana_5,adriana,FACIL,RELEVANTE,False,1060.86,6.07,0.000435,100.0,0.0,18 LITROS DE ACEITE DE OLIVA,18 litros de aceite de oliva,3595.74,EXACT_CONSENSUS,100.0,0.0,0.0,0.0,100,35,3.6e-05,2.8,ACEITE DE OLIVA,N/A,matched,100.0,NO,4659.61,0.000471,EXITOSO
run_20260726_084433_08a1a2bb,3,adriana_6,adriana,FACIL,RELEVANTE,False,1093.16,6.55,0.000469,100.0,0.0,35 UNIDADES DE ACEITE DE OLIVA EN SOBRES,35 unidades de aceite de oliva en sobres,3040.47,EXACT_CONSENSUS,100.0,0.0,0.0,0.0,104,35,3.7e-05,2.67,ACEITE DE OLIVA,N/A,matched,100.0,NO,4136.4,0.000506,EXITOSO
run_20260726_084433_08a1a2bb,3,adriana_7,adriana,FACIL,RELEVANTE,False,1226.93,5.59,0.000401,100.0,0.0,22 KILOS DE ACHIOTE MOLIDO,22 kilos de achiote molido,3837.62,EXACT_CONSENSUS,100.0,0.0,0.0,0.0,100,35,3.6e-05,3.58,ACHIOTE MOLIDO,N/A,matched,100.0,NO,5068.28,0.000437,EXITOSO
run_20260726_084433_08a1a2bb,3,adriana_8,adriana,FACIL,RELEVANTE,False,1138.16,6.36,0.000456,100.0,0.0,16 LITROS DE ADEREZO DE QUESO CHEDDAR,16 litros de aderezo de queso cheddar,3189.61,EXACT_CONSENSUS,100.0,0.0,0.0,0.0,101,35,3.6e-05,2.2,ADEREZO DE QUESO CHEDDAR,N/A,matched,100.0,NO,4330.09,0.000492,EXITOSO
run_20260726_084433_08a1a2bb,3,adriana_9,adriana,FACIL,RELEVANTE,False,273.68,7.41,0.000531,100.0,0.0,240 UNIDADES DE AGUA DE 280 MILILITROS,240 unidades de agua de 280 mililitros,2806.75,EXACT_CONSENSUS,100.0,0.0,0.0,0.0,101,35,3.6e-05,2.82,AGUA,N/A,matched,100.0,NO,3083.4,0.000567,EXITOSO
run_20260726_084433_08a1a2bb,3,adriana_10,adriana,FACIL,RELEVANTE,False,425.01,7.51,0.000538,100.0,0.0,520 UNIDADES DE AGUA EN BOTELLA,520 unidades de agua en botella,2809.36,EXACT_CONSENSUS,100.0,0.0,0.0,0.0,100,35,3.6e-05,2.81,AGUA EN BOTELLA,N/A,matched,100.0,NO,3237.37,0.000574,EXITOSO
run_20260726_084433_08a1a2bb,3,adriana_11,adriana,FACIL,RELEVANTE,False,605.85,8.37,0.0006,100.0,50.0,430 UNIDADES DE AGUA SABORIZADA H2O,430 unidades de agua saborizada h 2 o,2568.4,EXACT_CONSENSUS,100.0,0.0,0.0,0.0,104,35,3.7e-05,2.56,AGUA SABORIZADA H 2 O,N/A,matched,100.0,NO,3176.99,0.000637,EXITOSO
run_20260726_084433_08a1a2bb,3,adriana_12,adriana,FACIL,RELEVANTE,False,285.69,8.56,0.000613,100.0,16.67,680 UNIDADES DE AGUA WAIRA SABORIZADA,680 unidades de agua guaira saborizada,1713.36,EXACT_CONSENSUS,100.0,0.0,0.0,0.0,100,35,3.6e-05,2.29,AGUA GUAIRA SABORIZADA,N/A,matched,100.0,NO,2001.49,0.000649,EXITOSO
run_20260726_084433_08a1a2bb,3,adriana_13,adriana,FACIL,RELEVANTE,False,345.24,6.36,0.000456,100.0,0.0,15 LITROS DE AGUARDIENTE AMARILLO PIONERO,15 litros de aguardiente amarillo pionero,3014.82,EXACT_CONSENSUS,100.0,0.0,0.0,0.0,100,35,3.6e-05,2.33,AGUARDIENTE AMARILLO PIONERO,N/A,matched,100.0,NO,3362.56,0.000492,EXITOSO
run_20260726_084433_08a1a2bb,3,adriana_14,adriana,FACIL,RELEVANTE,False,218.44,5.97,0.000428,100.0,0.0,9 LITROS DE AGUARDIENTE ANTIOQUENO SIN AZUCAR,9 litros de aguardiente antioqueño sin azúcar,2912.2,EXACT_CONSENSUS,100.0,0.0,0.0,0.0,101,35,3.6e-05,2.79,AGUARDIENTE ANTIOQUEÑO SIN AZÚCAR,N/A,matched,100.0,NO,3133.63,0.000464,EXITOSO
run_20260726_084433_08a1a2bb,3,adriana_15,adriana,FACIL,RELEVANTE,False,423.41,6.74,0.000483,100.0,0.0,7 LITROS DE AGUARDIENTE ANTIOQUENO ROJO,7 litros de aguardiente antioqueño rojo,2418.13,EXACT_CONSENSUS,100.0,0.0,0.0,0.0,100,35,3.6e-05,2.17,AGUARDIENTE ANTIOQUEÑO ROJO,N/A,matched,100.0,NO,2843.96,0.000519,EXITOSO
run_20260726_084433_08a1a2bb,3,adriana_16,adriana,FACIL,RELEVANTE,False,266.26,6.45,0.000462,100.0,0.0,18 LITROS DE AGUARDIENTE NECTAR CLUB,18 litros de aguardiente néctar club,3017.35,EXACT_CONSENSUS,100.0,0.0,0.0,0.0,100,35,3.6e-05,2.78,AGUARDIENTE NÉCTAR CLUB,N/A,matched,100.0,NO,3286.52,0.000498,EXITOSO
run_20260726_084433_08a1a2bb,3,adriana_17,adriana,FACIL,RELEVANTE,False,202.12,4.82,0.000345,100.0,0.0,25 KILOS DE AJO,25 kilos de ajo,2251.34,EXACT_CONSENSUS,100.0,0.0,0.0,0.0,100,35,3.6e-05,2.61,AJO,N/A,matched,100.0,NO,2456.25,0.000381,EXITOSO
run_20260726_084433_08a1a2bb,3,adriana_18,adriana,FACIL,RELEVANTE,False,684.33,5.88,0.000421,100.0,0.0,6 KILOS DE AJO GRANULADO,6 kilos de ajo granulado,2346.6,EXACT_CONSENSUS,100.0,0.0,0.0,0.0,100,35,3.6e-05,2.25,AJO GRANULADO,N/A,matched,100.0,NO,3033.34,0.000457,EXITOSO
run_20260726_084433_08a1a2bb,3,adriana_19,adriana,FACIL,RELEVANTE,False,219.65,6.26,0.000449,100.0,0.0,14 KILOS DE AJONJOLI,14 kilos de ajonjolí,2807.14,EXACT_CONSENSUS,100.0,0.0,0.0,0.0,100,35,3.6e-05,2.49,AJONJOLÍ,N/A,matched,100.0,NO,3029.43,0.000485,EXITOSO
run_20260726_084433_08a1a2bb,3,adriana_20,adriana,FACIL,RELEVANTE,False,402.97,6.26,0.000449,100.0,0.0,45 KILOS DE ALAS DE POLLO,45 kilos de alas de pollo,2879.1,EXACT_CONSENSUS,100.0,0.0,0.0,0.0,100,35,3.6e-05,2.15,ALAS DE POLLO,N/A,matched,100.0,NO,3284.35,0.000485,EXITOSO
run_20260726_084433_08a1a2bb,3,adriana_21,adriana,FACIL,RELEVANTE,False,269.35,7.03,0.000504,100.0,0.0,28 KILOS DE ALAS DE POLLO BBQ,28 kilos de alas de pollo bbq,2944.68,EXACT_CONSENSUS,100.0,0.0,0.0,0.0,101,35,3.6e-05,2.14,ALAS DE POLLO BBQ,N/A,matched,100.0,NO,3216.32,0.00054,EXITOSO
run_20260726_084433_08a1a2bb,3,adriana_22,adriana,FACIL,RELEVANTE,False,399.6,4.63,0.000332,100.0,0.0,16 KILOS DE ALBACON,16 kilos de albacón,3083.92,EXACT_CONSENSUS,100.0,0.0,0.0,0.0,100,35,3.6e-05,2.49,ALBACÓN,N/A,matched,100.0,NO,3486.19,0.000368,EXITOSO
run_20260726_084433_08a1a2bb,3,adriana_23,adriana,FACIL,RELEVANTE,False,342.54,5.68,0.000407,100.0,0.0,12 KILOS DE ALCAPARRAS EN FRASCO,12 kilos de alcaparras en frasco,2763.49,EXACT_CONSENSUS,100.0,0.0,0.0,0.0,100,35,3.6e-05,2.4,ALCAPARRAS EN FRASCO,N/A,matched,100.0,NO,3108.59,0.000443,EXITOSO
run_20260726_084433_08a1a2bb,3,adriana_24,adriana,FACIL,RELEVANTE,False,193.42,4.53,0.000325,100.0,0.0,9 KILOS DE ALMENDRAS,9 kilos de almendras,4456.95,EXACT_CONSENSUS,100.0,0.0,0.0,0.0,100,35,3.6e-05,2.61,ALMENDRAS,N/A,matched,100.0,NO,4653.18,0.000361,EXITOSO
run_20260726_084433_08a1a2bb,3,adriana_25,adriana,FACIL,RELEVANTE,False,242.57,4.44,0.000318,100.0,0.0,18 KILOS DE APANADO,18 kilos de apanado,3267.44,EXACT_CONSENSUS,100.0,0.0,0.0,0.0,100,35,3.6e-05,2.7,APANADO,N/A,matched,100.0,NO,3512.85,0.000354,EXITOSO
run_20260726_084433_08a1a2bb,3,adriana_26,adriana,FACIL,RELEVANTE,False,228.33,7.7,0.000552,100.0,0.0,85 KILOS DE APIO,85 kilos de apio,3362.17,EXACT_CONSENSUS,100.0,0.0,0.0,0.0,100,35,3.6e-05,4.29,APIO,N/A,matched,100.0,NO,3594.99,0.000588,EXITOSO
run_20260726_084433_08a1a2bb,3,adriana_27,adriana,FACIL,RELEVANTE,False,219.39,4.34,0.000311,100.0,25.0,24 KILOS DE ARANDANOS,24 kilos de arándano,2665.91,EXACT_CONSENSUS,100.0,0.0,0.0,0.0,100,35,3.6e-05,2.17,ARÁNDANO,N/A,matched,100.0,NO,2887.63,0.000347,EXITOSO
run_20260726_084433_08a1a2bb,3,adriana_28,adriana,FACIL,RELEVANTE,False,381.16,5.68,0.000407,100.0,0.0,450 UNIDADES DE AREPA DE HUEVO,450 unidades de arepa de huevo,2953.63,EXACT_CONSENSUS,100.0,0.0,0.0,0.0,100,35,3.6e-05,2.85,AREPA DE HUEVO,N/A,matched,100.0,NO,3337.86,0.000443,EXITOSO
run_20260726_084433_08a1a2bb,3,adriana_29,adriana,FACIL,RELEVANTE,False,296.23,5.01,0.000359,100.0,0.0,380 UNIDADES DE AREPA DE QUESO,380 unidades de arepa de queso,2237.94,EXACT_CONSENSUS,100.0,0.0,0.0,0.0,100,35,3.6e-05,2.96,AREPA DE QUESO,N/A,matched,100.0,NO,2537.33,0.000395,EXITOSO
run_20260726_084433_08a1a2bb,3,adriana_30,adriana,FACIL,RELEVANTE,False,355.5,5.59,0.000401,100.0,0.0,650 UNIDADES DE AREPA PAISA,650 unidades de arepa paisa,2472.87,EXACT_CONSENSUS,100.0,0.0,0.0,0.0,100,35,3.6e-05,2.09,AREPA PAISA,N/A,matched,100.0,NO,2830.63,0.000437,EXITOSO
run_20260726_084433_08a1a2bb,3,adriana_31,adriana,FACIL,RELEVANTE,False,182.01,6.16,0.000441,100.0,0.0,120 UNIDADES DE AROMATICAS EN SOBRES,120 unidades de aromáticas en sobres,2971.01,EXACT_CONSENSUS,100.0,0.0,0.0,0.0,100,35,3.6e-05,2.61,AROMÁTICAS EN SOBRES,N/A,matched,100.0,NO,3155.78,0.000477,EXITOSO
run_20260726_084433_08a1a2bb,3,adriana_32,adriana,FACIL,RELEVANTE,False,257.42,4.82,0.000345,100.0,0.0,260 KILOS DE ARROZ,260 kilos de arroz,5869.75,EXACT_CONSENSUS,100.0,0.0,0.0,0.0,100,35,3.6e-05,2.66,ARROZ,N/A,matched,100.0,NO,6130.02,0.000381,EXITOSO
run_20260726_084433_08a1a2bb,3,adriana_33,adriana,FACIL,RELEVANTE,False,2306.94,5.88,0.000421,100.0,0.0,18 KILOS DE ARROZ BASMATI,18 kilos de arroz basmatí,3034.09,EXACT_CONSENSUS,100.0,0.0,0.0,0.0,100,35,3.6e-05,2.73,ARROZ BASMATÍ,N/A,matched,100.0,NO,5343.95,0.000457,EXITOSO
run_20260726_084433_08a1a2bb,3,adriana_34,adriana,FACIL,RELEVANTE,False,414.72,5.4,0.000387,100.0,0.0,420 KILOS DE ARROZ FEDERAL,420 kilos de arroz federal,2546.82,EXACT_CONSENSUS,100.0,0.0,0.0,0.0,100,35,3.6e-05,2.06,ARROZ FEDERAL,N/A,matched,100.0,NO,2963.74,0.000423,EXITOSO
run_20260726_084433_08a1a2bb,3,adriana_35,adriana,FACIL,RELEVANTE,False,902.35,5.97,0.000428,100.0,0.0,38 KILOS DE ARVEJA AMARILLA,38 kilos de arveja amarilla,2949.47,EXACT_CONSENSUS,100.0,0.0,0.0,0.0,100,35,3.6e-05,2.39,ARVEJA AMARILLA,N/A,matched,100.0,NO,3854.36,0.000464,EXITOSO
run_20260726_084433_08a1a2bb,3,adriana_36,adriana,MEDIO,RELEVANTE,False,414.93,11.64,0.000834,100.0,23.08,ANOTA TRES CALDEROS RECORD QUINCE PLATOS BLANCOS CUADRADOS Y OCHO CINTAS DE SELLAMIENTO,anota 3 calderos récord 15 platos blancos cuadrados y 8 cintas de sellamiento,3322.61,EXACT_CONSENSUS,100.0,0.0,0.0,0.0,119,65,5.7e-05,2.26,CALDEROS RÉCORD,N/A,matched,100.0,NO,3740.12,0.000891,EXITOSO
run_20260726_084433_08a1a2bb,3,adriana_37,adriana,MEDIO,RELEVANTE,False,1377.7,15.28,0.001095,100.0,27.78,REGISTRA DIEZ CAJAS DE IBUPROFENO DE OCHOCIENTOS MILIGRAMOS DOCE CAZUELAS DE DIECISEIS ONZAS Y VEINTE PLATOS BLANCOS CUADRADOS,registra 10 cajas de ibuprofeno de 800 miligramos 12 cazuelas de 16 onzas y 20 platos blancos cuadrados,7133.97,EXACT_CONSENSUS,100.0,0.0,0.0,0.0,134,65,5.9e-05,2.31,IBUPROFENO DE 800 MILIGRAMOS,N/A,matched,100.0,NO,8514.21,0.001154,EXITOSO
run_20260726_084433_08a1a2bb,3,adriana_38,adriana,MEDIO,RELEVANTE,False,938.07,13.46,0.000965,100.0,23.08,TENEMOS CINCO CALDEROS RECORD TREINTA CINTAS DE SELLAMIENTO Y NUEVE PLATOS BLANCOS CUADRADOS,tenemos 5 calderos récord 30 cintas de sellamiento y 9 platos blancos cuadrados,3011.73,EXACT_CONSENSUS,100.0,0.0,0.0,0.0,119,65,5.7e-05,2.53,CALDEROS RÉCORD,N/A,matched,100.0,NO,3952.55,0.001022,EXITOSO
run_20260726_084433_08a1a2bb,3,adriana_39,adriana,MEDIO,RELEVANTE,False,318.68,11.44,0.00082,100.0,26.67,ENCONTRAMOS VEINTE CAZUELAS DE DIECISEIS ONZAS SEIS CAJAS DE IBUPROFENO Y QUINCE PLATOS BLANCOS CUADRADOS,encontramos 20 cazuelas de 16 onzas 6 cajas de ibuprofeno y 15 platos blancos cuadrados,5797.55,EXACT_CONSENSUS,100.0,0.0,0.0,0.0,125,65,5.8e-05,2.07,CAZUELAS,N/A,matched,100.0,NO,6118.5,0.000878,EXITOSO
run_20260726_084433_08a1a2bb,3,adriana_40,adriana,MEDIO,RELEVANTE,False,349.46,10.39,0.000745,100.0,15.38,ANOTA UN CALDERO RECORD DIEZ CINTAS DE SELLAMIENTO Y TREINTA PLATOS BLANCOS CUADRADOS,anota un caldero récord 10 cintas de sellamiento y 30 platos blancos cuadrados,2773.73,EXACT_CONSENSUS,100.0,0.0,0.0,0.0,119,65,5.7e-05,2.42,CALDERO,N/A,matched,100.0,NO,3125.86,0.000802,EXITOSO
run_20260726_084433_08a1a2bb,3,adriana_41,adriana,MEDIO,RELEVANTE,False,281.0,11.44,0.00082,100.0,26.67,REGISTRA NUEVE CAJAS DE IBUPROFENO OCHO PLATOS BLANCOS CUADRADOS Y CINCO CAZUELAS DE DIECISEIS ONZAS,registra 9 cajas de ibuprofeno 8 platos blancos cuadrados y 5 cazuelas de 16 onzas,6714.13,EXACT_CONSENSUS,100.0,0.0,0.0,0.0,125,65,5.8e-05,2.6,IBUPROFENO,N/A,matched,100.0,NO,6997.94,0.000878,EXITOSO
run_20260726_084433_08a1a2bb,3,adriana_42,adriana,MEDIO,RELEVANTE,False,259.02,13.56,0.000972,100.0,21.43,ANOTA VEINTICINCO PLATOS BLANCOS CUADRADOS CINCO CAJAS DE IBUPROFENO Y DOS CINTAS DE SELLAMIENTO,anota 25 platos blancos cuadrados 5 cajas de ibuprofeno y 2 cintas de sellamiento,3142.82,EXACT_CONSENSUS,100.0,0.0,0.0,0.0,122,65,5.7e-05,2.67,PLATOS BLANCOS CUADRADOS,N/A,matched,100.0,NO,3404.7,0.001029,EXITOSO
run_20260726_084433_08a1a2bb,3,adriana_43,adriana,MEDIO,RELEVANTE,False,233.92,13.17,0.000944,100.0,26.67,ANOTA DOCE CAJAS DE IBUPROFENO OCHO CAZUELAS DE DIECISEIS ONZAS Y VEINTIDOS PLATOS BLANCOS CUADRADOS,anota 12 cajas de ibuprofeno 8 cazuelas de 16 onzas y 22 platos blancos cuadrados,2897.72,EXACT_CONSENSUS,100.0,0.0,0.0,0.0,125,65,5.8e-05,2.21,IBUPROFENO,N/A,matched,100.0,NO,3134.05,0.001002,EXITOSO
run_20260726_084433_08a1a2bb,3,adriana_44,adriana,MEDIO,RELEVANTE,False,252.37,10.77,0.000772,100.0,23.08,REGISTRA SIETE PLATOS BLANCOS CUADRADOS NUEVE CINTAS DE SELLAMIENTO Y DOS CALDEROS RECORD,registra 7 platos blancos cuadrados 9 cintas de sellamiento y 2 calderos récord,3137.96,EXACT_CONSENSUS,100.0,0.0,0.0,0.0,119,65,5.7e-05,2.52,PLATOS BLANCOS CUADRADOS,N/A,matched,100.0,NO,3393.16,0.000829,EXITOSO
run_20260726_084433_08a1a2bb,3,adriana_45,adriana,MEDIO,RELEVANTE,False,510.35,10.68,0.000765,100.0,23.08,TENEMOS TRES CALDEROS RECORD ONCE PLATOS BLANCOS CUADRADOS Y NUEVE CINTAS DE SELLAMIENTO,tenemos 3 calderos récord 11 platos blancos cuadrados y 9 cintas de sellamiento,5923.95,EXACT_CONSENSUS,100.0,0.0,0.0,0.0,119,65,5.7e-05,2.52,CALDEROS RÉCORD,N/A,matched,100.0,NO,6437.09,0.000822,EXITOSO
run_20260726_084433_08a1a2bb,3,adriana_46,adriana,MEDIO,RELEVANTE,False,253.79,10.2,0.000731,100.0,38.46,REGISTRA NUEVE CALDEROS RECORD DIEZ PLATOS BLANCOS CUADRADOS Y CUATRO CINTAS DE SELLAMIENTO,registra 9 calderos récord 10 platos blancos cuadrados y 4 cintas de 6 a,3121.06,EXACT_CONSENSUS,100.0,0.0,0.0,0.0,122,65,5.7e-05,3.9,CALDEROS,N/A,matched,100.0,NO,3379.17,0.000788,EXITOSO
run_20260726_084433_08a1a2bb,3,adriana_47,adriana,MEDIO,RELEVANTE,False,298.7,7.51,0.000538,100.0,18.18,BUENO POR AQUI VEO CINCO CALDEROS RECORD Y DOCE PLATOS CUADRADOS,bueno por aquí veo 5 calderos récord y 12 platos cuadrados,4418.4,EXACT_CONSENSUS,100.0,0.0,0.0,0.0,113,50,4.7e-05,2.21,CALDEROS RÉCORD,N/A,matched,100.0,NO,4719.5,0.000585,EXITOSO
run_20260726_084433_08a1a2bb,3,adriana_48,adriana,MEDIO,RELEVANTE,False,470.13,8.47,0.000607,100.0,18.18,ANOTE SEIS CAJAS DE IBUPROFENO Y UNAS QUINCE CINTAS DE SELLAMIENTO,anoté 6 cajas de ibuprofeno y unas 15 cintas de sellamiento,5849.05,EXACT_CONSENSUS,100.0,0.0,0.0,0.0,113,50,4.7e-05,3.26,IBUPROFENO,N/A,matched,100.0,NO,6322.62,0.000654,EXITOSO
run_20260726_084433_08a1a2bb,3,adriana_49,adriana,MEDIO,RELEVANTE,False,228.79,6.26,0.000449,100.0,25.0,AQUI QUEDARON DIEZ CAZUELAS Y OCHO PLATOS BLANCOS,aquí quedaron 10 cazuelas y 8 platos blancos,4766.12,EXACT_CONSENSUS,100.0,0.0,0.0,0.0,104,50,4.6e-05,2.81,CAZUELAS,N/A,matched,100.0,NO,4997.91,0.000495,EXITOSO
run_20260726_084433_08a1a2bb,3,adriana_50,adriana,MEDIO,RELEVANTE,False,392.78,6.36,0.000456,100.0,33.33,REGISTRA CUATRO CALDEROS Y VEINTE PLATOS,registra 4 calderos y 20 platos,6249.74,EXACT_CONSENSUS,100.0,0.0,0.0,0.0,100,50,4.5e-05,2.16,CALDERO,N/A,matched,100.0,NO,6644.82,0.000501,EXITOSO
run_20260726_084433_08a1a2bb,3,adriana_51,adriana,MEDIO,RELEVANTE,False,452.29,7.32,0.000525,100.0,18.18,POR ESTE LADO HAY NUEVE CAJAS DE IBUPROFENO Y TRES CINTAS,por este lado hay 9 cajas de ibuprofeno y 3 cintas,3650.33,EXACT_CONSENSUS,100.0,0.0,0.0,0.0,113,50,4.7e-05,1.98,IBUPROFENO,N/A,matched,100.0,NO,4104.8,0.000572,EXITOSO
run_20260726_084433_08a1a2bb,3,adriana_52,adriana,MEDIO,RELEVANTE,False,304.48,7.6,0.000545,100.0,33.33,APUNTA QUINCE PLATOS CUADRADOS SEIS CAZUELAS Y DOS CALDEROS,apunta 15 platos cuadrados 6 cazuelas y 2 calderos,5037.52,EXACT_CONSENSUS,100.0,0.0,0.0,0.0,107,65,5.5e-05,2.06,PLATOS CUADRADOS,N/A,matched,100.0,NO,5344.31,0.0006,EXITOSO
run_20260726_084433_08a1a2bb,3,adriana_53,adriana,MEDIO,RELEVANTE,False,301.22,7.32,0.000525,100.0,20.0,YA TERMINE ESTE ESTANTE QUEDARON OCHO CINTAS Y ONCE PLATOS,ya terminé este estante quedaron 8 cintas y 11 platos,3209.08,EXACT_CONSENSUS,100.0,0.0,0.0,0.0,110,50,4.6e-05,2.18,CINTAS,N/A,matched,100.0,NO,3512.67,0.000571,EXITOSO
run_20260726_084433_08a1a2bb,3,adriana_54,adriana,MEDIO,RELEVANTE,False,234.17,7.22,0.000517,100.0,20.0,AQUI SOLAMENTE VEO TRES CALDEROS Y SIETE CAJAS DE IBUPROFENO,aquí solamente veo 3 calderos y 7 cajas de ibuprofeno,4629.08,EXACT_CONSENSUS,100.0,0.0,0.0,0.0,110,50,4.6e-05,2.04,CALDEROS,N/A,matched,100.0,NO,4865.44,0.000563,EXITOSO
run_20260726_084433_08a1a2bb,3,adriana_55,adriana,MEDIO,RELEVANTE,False,699.92,5.97,0.000428,100.0,33.33,REGISTRA DOCE PLATOS Y CINCO CINTAS,registra 12 platos y 5 cintas,5743.35,EXACT_CONSENSUS,100.0,0.0,0.0,0.0,100,50,4.5e-05,2.97,PLATOS,N/A,matched,100.0,NO,6446.47,0.000473,EXITOSO
run_20260726_084433_08a1a2bb,3,adriana_56,adriana,MEDIO,RELEVANTE,False,444.07,7.22,0.000517,100.0,25.0,BUENO ACA ENCONTRAMOS CUATRO CAZUELAS Y NUEVE PLATOS,bueno acá encontramos 4 cazuelas y 9 platos,5892.38,EXACT_CONSENSUS,100.0,0.0,0.0,0.0,104,50,4.6e-05,2.54,CAZUELAS,N/A,matched,100.0,NO,6339.2,0.000563,EXITOSO
run_20260726_084433_08a1a2bb,3,adriana_57,adriana,MEDIO,RELEVANTE,False,355.26,8.95,0.000641,100.0,20.0,POR FAVOR ANOTA DIEZ CAJAS DE IBUPROFENO Y SEIS PLATOS,por favor anota 10 cajas de ibuprofeno y 6 platos,2213.6,EXACT_CONSENSUS,100.0,0.0,0.0,0.0,110,50,4.6e-05,2.11,IBUPROFENO,N/A,matched,100.0,NO,2571.18,0.000687,EXITOSO
run_20260726_084433_08a1a2bb,3,adriana_58,adriana,MEDIO,RELEVANTE,False,720.54,8.95,0.000641,100.0,36.36,EN ESTE ESTANTE HAY DOS CALDEROS OCHO CINTAS Y QUINCE PLATOS,en este estante hay 2 calderos y 8 cintas y 15 platos,3163.82,EXACT_CONSENSUS,100.0,0.0,0.0,0.0,116,65,5.6e-05,2.22,CALDERO,N/A,matched,100.0,NO,3886.76,0.000697,EXITOSO
run_20260726_084433_08a1a2bb,3,adriana_59,adriana,MEDIO,RELEVANTE,False,205.45,5.88,0.000421,100.0,28.57,SIGUE CON CINCO CAZUELAS Y DOCE PLATOS,sigue con 5 cazuelas y 12 platos,5082.64,EXACT_CONSENSUS,100.0,0.0,0.0,0.0,101,50,4.5e-05,2.09,CAZUELAS,N/A,matched,100.0,NO,5290.34,0.000466,EXITOSO
run_20260726_084433_08a1a2bb,3,adriana_60,adriana,MEDIO,RELEVANTE,False,905.29,7.7,0.000552,100.0,22.22,AQUI QUEDARON SIETE CAJAS DE IBUPROFENO Y CUATRO CINTAS,aquí quedaron 7 cajas de ibuprofeno y 4 cintas,2998.38,EXACT_CONSENSUS,100.0,0.0,0.0,0.0,107,50,4.6e-05,2.48,IBUPROFENO,N/A,matched,100.0,NO,3906.3,0.000598,EXITOSO
run_20260726_084433_08a1a2bb,3,adriana_61,adriana,MEDIO,RELEVANTE,False,605.79,6.26,0.000449,100.0,33.33,REGISTRA NUEVE PLATOS Y TRES CALDEROS,registra 9 platos y 3 calderos,7085.63,EXACT_CONSENSUS,100.0,0.0,0.0,0.0,100,50,4.5e-05,2.32,PLATOS,N/A,matched,100.0,NO,7693.91,0.000494,EXITOSO
run_20260726_084433_08a1a2bb,3,adriana_62,adriana,MEDIO,RELEVANTE,False,253.69,7.89,0.000565,100.0,20.0,EN ESTA FILA VEO DIEZ CINTAS Y SEIS PLATOS CUADRADOS,en esta fila veo 10 cintas y 6 platos cuadrados,3077.65,EXACT_CONSENSUS,100.0,0.0,0.0,0.0,110,50,4.6e-05,2.3,CINTAS,N/A,matched,100.0,NO,3333.83,0.000611,EXITOSO
run_20260726_084433_08a1a2bb,3,adriana_63,adriana,MEDIO,RELEVANTE,False,257.32,7.99,0.000573,100.0,18.18,YA REVISE TODO SON OCHO CAJAS DE IBUPROFENO Y CINCO CAZUELAS,ya revisé todo son 8 cajas de ibuprofeno y 5 cazuelas,5141.11,EXACT_CONSENSUS,100.0,0.0,0.0,0.0,113,50,4.7e-05,2.41,IBUPROFENO,N/A,matched,100.0,NO,5401.05,0.00062,EXITOSO
run_20260726_084433_08a1a2bb,3,adriana_64,adriana,MEDIO,RELEVANTE,False,179.54,7.12,0.00051,100.0,37.5,ANOTA CUATRO PLATOS SIETE CINTAS Y DOS CALDEROS,anota 4 platos 7 cintas y 2 calderos,6992.38,EXACT_CONSENSUS,100.0,0.0,0.0,0.0,104,65,5.5e-05,2.66,PLATOS,N/A,matched,100.0,NO,7174.76,0.000565,EXITOSO
run_20260726_084433_08a1a2bb,3,adriana_65,adriana,MEDIO,RELEVANTE,False,247.26,6.84,0.00049,100.0,22.22,AQUI QUEDARON ONCE PLATOS Y TRES CAJAS DE IBUPROFENO,aquí quedaron 11 platos y 3 cajas de ibuprofeno,8508.18,PARTIAL_CONSENSUS,70.0,0.0,0.0,0.0,107,50,4.6e-05,2.13,PLATOS,N/A,matched,100.0,NO,8757.77,0.000536,EXITOSO
run_20260726_084433_08a1a2bb,3,adriana_66,adriana,MEDIO,RELEVANTE,False,849.09,7.8,0.000559,100.0,33.33,REGISTRA CINCO CALDEROS Y DIEZ PLATOS,registra 5 calderos y 10 platos,6952.29,EXACT_CONSENSUS,100.0,0.0,0.0,0.0,100,50,4.5e-05,2.19,CALDEROS,N/A,matched,100.0,NO,7803.7,0.000604,EXITOSO
run_20260726_084433_08a1a2bb,3,adriana_67,adriana,MEDIO,RELEVANTE,False,390.51,9.81,0.000703,100.0,18.18,ESPERA UN MOMENTO LISTO CONTINUA HAY OCHO PLATOS Y CUATRO CINTAS,espera un momento listo continúa hay 8 platos y 4 cintas,7847.55,EXACT_CONSENSUS,100.0,0.0,0.0,0.0,113,50,4.7e-05,2.92,PLATOS,N/A,matched,100.0,NO,8241.2,0.00075,EXITOSO
run_20260726_084433_08a1a2bb,3,adriana_68,adriana,MEDIO,RELEVANTE,False,2771.08,8.18,0.000586,100.0,18.18,EN ESTE LADO ENCONTRAMOS DOCE CAJAS DE IBUPROFENO Y SEIS PLATOS,en este lado encontramos 12 cajas de ibuprofeno y 6 platos,4709.53,EXACT_CONSENSUS,100.0,0.0,0.0,0.0,113,50,4.7e-05,3.02,IBUPROFENO,N/A,matched,100.0,NO,7483.83,0.000633,EXITOSO
run_20260726_084433_08a1a2bb,3,adriana_69,adriana,MEDIO,RELEVANTE,False,497.52,7.22,0.000517,100.0,37.5,ANOTA CINCO CAZUELAS OCHO PLATOS Y DOS CALDEROS,anota 5 cazuelas 8 platos y 2 calderos,5346.68,EXACT_CONSENSUS,100.0,0.0,0.0,0.0,104,65,5.5e-05,1.93,CAZUELA,N/A,matched,100.0,NO,5846.33,0.000572,EXITOSO
run_20260726_084433_08a1a2bb,3,adriana_70,adriana,MEDIO,RELEVANTE,False,519.46,7.12,0.00051,100.0,22.22,YA CASI TERMINAMOS QUEDARON SIETE CINTAS Y NUEVE PLATOS,ya casi terminamos quedaron 7 cintas y 9 platos,8104.54,EXACT_CONSENSUS,100.0,0.0,0.0,0.0,107,50,4.6e-05,2.7,CINTAS,N/A,matched,100.0,NO,8626.88,0.000556,EXITOSO
run_20260726_084433_08a1a2bb,3,adriana_71,adriana,MEDIO,RELEVANTE,False,518.37,7.03,0.000504,100.0,20.0,AQUI SOLAMENTE HAY TRES CAJAS DE IBUPROFENO Y CUATRO PLATOS,aquí solamente hay 3 cajas de ibuprofeno y 4 platos,11178.17,EXACT_CONSENSUS,100.0,0.0,0.0,0.0,110,50,4.6e-05,3.23,IBUPROFENO,N/A,matched,100.0,NO,11699.96,0.00055,EXITOSO
run_20260726_084433_08a1a2bb,3,adriana_72,adriana,MEDIO,RELEVANTE,False,296.62,7.12,0.00051,100.0,25.0,REGISTRA UN CALDERO DIEZ PLATOS Y SEIS CINTAS,registra un caldero 10 platos y 6 cintas,5441.62,EXACT_CONSENSUS,100.0,0.0,0.0,0.0,104,65,5.5e-05,3.11,CALDERO,N/A,matched,100.0,NO,5741.57,0.000565,EXITOSO
run_20260726_084433_08a1a2bb,3,adriana_73,adriana,MEDIO,RELEVANTE,False,477.36,7.12,0.00051,100.0,18.18,EN LA REPISA DE ARRIBA VEO OCHO CAZUELAS Y CINCO PLATOS,en la repisa de arriba veo 8 cazuelas y 5 platos,4095.94,EXACT_CONSENSUS,100.0,0.0,0.0,0.0,113,50,4.7e-05,2.55,CAZUELAS,N/A,matched,100.0,NO,4576.16,0.000557,EXITOSO
run_20260726_084433_08a1a2bb,3,adriana_74,adriana,MEDIO,RELEVANTE,False,261.01,5.49,0.000393,100.0,33.33,APUNTA DOS CALDEROS Y DOCE PLATOS,apunta 2 calderos y 12 platos,3195.7,EXACT_CONSENSUS,100.0,0.0,0.0,0.0,100,50,4.5e-05,3.0,CALDEROS,N/A,matched,100.0,NO,3459.91,0.000438,EXITOSO
run_20260726_084433_08a1a2bb,3,adriana_75,adriana,MEDIO,RELEVANTE,False,201.75,6.45,0.000462,100.0,25.0,HAY NUEVE CAJAS DE IBUPROFENO Y SIETE CINTAS,hay 9 cajas de ibuprofeno y 7 cintas,3805.83,EXACT_CONSENSUS,100.0,0.0,0.0,0.0,104,50,4.6e-05,2.15,IBUPROFENO,N/A,matched,100.0,NO,4009.92,0.000508,EXITOSO
run_20260726_084433_08a1a2bb,3,adriana_76,adriana,MEDIO,RELEVANTE,False,213.16,6.16,0.000441,100.0,33.33,REGISTRA QUINCE PLATOS Y CUATRO CAZUELAS,registra 15 platos y 4 cazuelas,6032.44,EXACT_CONSENSUS,100.0,0.0,0.0,0.0,100,50,4.5e-05,3.71,PLATOS,N/A,matched,100.0,NO,6249.49,0.000486,EXITOSO
run_20260726_084433_08a1a2bb,3,adriana_77,adriana,MEDIO,RELEVANTE,False,429.62,7.51,0.000538,100.0,22.22,BUENO SEGUIMOS AQUI HAY SEIS PLATOS Y TRES CALDEROS,bueno seguimos aquí hay 6 platos y 3 calderos,3423.65,EXACT_CONSENSUS,100.0,0.0,0.0,0.0,107,50,4.6e-05,2.73,PLATOS,N/A,matched,100.0,NO,3856.33,0.000584,EXITOSO
run_20260726_084433_08a1a2bb,3,adriana_78,adriana,MEDIO,RELEVANTE,False,307.91,6.93,0.000497,100.0,25.0,ANOTA OCHO CINTAS Y CINCO CAJAS DE IBUPROFENO,anota 8 cintas y 5 cajas de ibuprofeno,3347.72,EXACT_CONSENSUS,100.0,0.0,0.0,0.0,104,50,4.6e-05,3.03,CINTAS,N/A,matched,100.0,NO,3658.93,0.000543,EXITOSO
run_20260726_084433_08a1a2bb,3,adriana_79,adriana,MEDIO,RELEVANTE,False,795.47,6.36,0.000456,100.0,22.22,EN ESTA PARTE VEO ONCE PLATOS Y CUATRO CINTAS,en esta parte veo 11 platos y 4 cintas,5354.89,EXACT_CONSENSUS,100.0,0.0,0.0,0.0,107,50,4.6e-05,2.7,PLATOS,N/A,matched,100.0,NO,6153.36,0.000502,EXITOSO
run_20260726_084433_08a1a2bb,3,adriana_80,adriana,MEDIO,RELEVANTE,False,196.65,5.59,0.000401,100.0,33.33,REGISTRA SIETE CAZUELAS Y OCHO PLATOS,registra 7 cazuelas y 8 platos,2670.32,EXACT_CONSENSUS,100.0,0.0,0.0,0.0,100,50,4.5e-05,2.75,CAZUELAS,N/A,matched,100.0,NO,2869.94,0.000446,EXITOSO
run_20260726_084433_08a1a2bb,3,adriana_81,adriana,MEDIO,RELEVANTE,False,698.97,6.93,0.000497,100.0,20.0,YA TERMINE ESTE PASILLO HAY TRES CALDEROS Y SEIS PLATOS,ya terminé este pasillo hay 3 calderos y 6 platos,3558.38,EXACT_CONSENSUS,100.0,0.0,0.0,0.0,110,50,4.6e-05,2.56,CALDERO,N/A,matched,100.0,NO,4260.1,0.000543,EXITOSO
run_20260726_084433_08a1a2bb,3,adriana_82,adriana,MEDIO,RELEVANTE,False,209.49,5.78,0.000414,100.0,22.22,AQUI QUEDARON DIEZ CAJAS DE IBUPROFENO Y NUEVE PLATOS,aquí quedaron 10 cajas de ibuprofeno y 9 platos,13954.37,EXACT_CONSENSUS,100.0,0.0,0.0,0.0,107,50,4.6e-05,2.11,IBUPROFENO,N/A,matched,100.0,NO,14166.16,0.00046,EXITOSO
run_20260726_084433_08a1a2bb,3,adriana_83,adriana,MEDIO,RELEVANTE,False,296.19,6.84,0.00049,100.0,50.0,ANOTA CINCO CINTAS CUATRO PLATOS Y DOS CAZUELAS,anotas 5 cintas 4 platos y 2 cazuelas,5392.32,EXACT_CONSENSUS,100.0,0.0,0.0,0.0,104,65,5.5e-05,2.84,CINTAS,N/A,matched,100.0,NO,5691.56,0.000545,EXITOSO
run_20260726_084433_08a1a2bb,3,adriana_84,adriana,MEDIO,RELEVANTE,False,417.11,6.07,0.000435,100.0,28.57,POR ACA SOLAMENTE VEO OCHO PLATOS CUADRADOS,por acá solo veo 8 platos cuadrados,2600.47,EXACT_CONSENSUS,100.0,0.0,0.0,0.0,101,35,3.6e-05,2.85,PLATOS CUADRADOS,N/A,matched,100.0,NO,3020.63,0.000471,EXITOSO
run_20260726_084433_08a1a2bb,3,adriana_85,adriana,MEDIO,RELEVANTE,False,1284.93,6.36,0.000456,100.0,25.0,REGISTRA CUATRO CAJAS DE IBUPROFENO Y SIETE CINTAS,registra 4 cajas de ibuprofeno y 7 cintas,4431.88,EXACT_CONSENSUS,100.0,0.0,0.0,0.0,104,50,4.6e-05,2.57,IBUPROFENO,N/A,matched,100.0,NO,5719.59,0.000502,EXITOSO
run_20260726_084433_08a1a2bb,3,adriana_86,adriana,MEDIO,RELEVANTE,False,695.88,5.01,0.000359,100.0,33.33,HAY SEIS CALDEROS Y NUEVE PLATOS,hay 6 calderos y 9 platos,6323.09,EXACT_CONSENSUS,100.0,0.0,0.0,0.0,100,50,4.5e-05,2.78,CALDEROS,N/A,matched,100.0,NO,7021.95,0.000404,EXITOSO
run_20260726_084433_08a1a2bb,3,adriana_87,adriana,MEDIO,RELEVANTE,False,482.52,6.55,0.000469,100.0,22.22,EN ESTA ESQUINA ENCONTRAMOS CINCO PLATOS Y TRES CINTAS,en esta esquina encontramos 5 platos y 3 cintas,7554.05,PARTIAL_CONSENSUS,70.0,0.0,0.0,0.0,107,50,4.6e-05,2.46,PLATOS,N/A,matched,100.0,NO,8039.25,0.000515,EXITOSO
run_20260726_084433_08a1a2bb,3,adriana_88,adriana,MEDIO,RELEVANTE,False,260.27,5.88,0.000421,100.0,25.0,REGISTRA OCHO CAJAS DE IBUPROFENO Y DOS CALDEROS,registra 8 cajas de ibuprofeno y 2 calderos,5916.45,EXACT_CONSENSUS,100.0,0.0,0.0,0.0,104,50,4.6e-05,3.39,IBUPROFENO,N/A,matched,100.0,NO,6180.28,0.000467,EXITOSO
run_20260726_084433_08a1a2bb,3,adriana_89,adriana,MEDIO,RELEVANTE,False,223.24,5.49,0.000393,100.0,28.57,AQUI QUEDARON NUEVE PLATOS Y CINCO CAZUELAS,aquí quedaron 9 platos y 5 cazuelas,4304.78,EXACT_CONSENSUS,100.0,0.0,0.0,0.0,101,50,4.5e-05,2.85,PLATOS,N/A,matched,100.0,NO,4531.15,0.000438,EXITOSO
run_20260726_084433_08a1a2bb,3,adriana_90,adriana,MEDIO,RELEVANTE,False,426.72,5.3,0.00038,100.0,33.33,ANOTE DOCE CINTAS Y CUATRO PLATOS,anoté 12 cintas y 4 platos,3955.87,PARTIAL_CONSENSUS,70.0,0.0,0.0,0.0,100,50,4.5e-05,3.39,CINTAS,N/A,matched,100.0,NO,4386.19,0.000425,EXITOSO
run_20260726_084433_08a1a2bb,3,adriana_91,adriana,MEDIO,RELEVANTE,False,399.52,7.6,0.000545,100.0,15.38,YA REVISE TODO ESTE LADO HAY SIETE PLATOS Y TRES CAJAS DE IBUPROFENO,ya revisé todo este lado hay 7 platos y 3 cajas de ibuprofeno,6098.07,PARTIAL_CONSENSUS,70.0,0.0,0.0,0.0,119,50,4.8e-05,2.5,PLATOS,N/A,matched,100.0,NO,6500.34,0.000593,EXITOSO
run_20260726_084433_08a1a2bb,3,adriana_92,adriana,MEDIO,RELEVANTE,False,450.73,5.2,0.000373,100.0,33.33,REGISTRA SEIS CALDEROS Y DIEZ PLATOS,registra 6 calderos y 10 platos,5665.17,EXACT_CONSENSUS,100.0,0.0,0.0,0.0,100,50,4.5e-05,2.88,CALDEROS,N/A,matched,100.0,NO,6118.95,0.000418,EXITOSO
run_20260726_084433_08a1a2bb,3,adriana_93,adriana,MEDIO,RELEVANTE,False,1931.06,5.78,0.000414,100.0,25.0,AQUI SOLAMENTE HAY CINCO CINTAS Y OCHO PLATOS,aquí solamente hay 5 cintas y 8 platos,1818.54,EXACT_CONSENSUS,100.0,0.0,0.0,0.0,104,50,4.6e-05,3.01,CINTAS,N/A,matched,100.0,NO,3752.93,0.00046,EXITOSO
run_20260726_084433_08a1a2bb,3,adriana_94,adriana,MEDIO,RELEVANTE,False,469.35,6.26,0.000449,100.0,25.0,ANOTE NUEVE CAZUELAS Y CUATRO CAJAS DE IBUPROFENO,anoté 9 cazuelas y 4 cajas de ibuprofeno,3979.97,EXACT_CONSENSUS,100.0,0.0,0.0,0.0,104,50,4.6e-05,2.49,CAZUELA,N/A,matched,100.0,NO,4452.1,0.000495,EXITOSO
run_20260726_084433_08a1a2bb,3,adriana_95,adriana,MEDIO,RELEVANTE,False,1236.44,7.03,0.000504,100.0,33.33,AQUI VEO DOS CALDEROS SIETE PLATOS Y TRES CINTAS,aquí veo 2 calderos 7 platos y 3 cintas,5207.4,EXACT_CONSENSUS,100.0,0.0,0.0,0.0,107,65,5.5e-05,3.25,CALDERO,N/A,matched,100.0,NO,6447.31,0.000559,EXITOSO
run_20260726_084433_08a1a2bb,3,adriana_96,adriana,MEDIO,RELEVANTE,False,3362.93,7.03,0.000504,100.0,22.22,REGISTRA DIEZ PLATOS CUADRADOS Y CINCO CAJAS DE IBUPROFENO,registra 10 platos cuadrados y 5 cajas de ibuprofeno,2590.13,EXACT_CONSENSUS,100.0,0.0,0.0,0.0,107,50,4.6e-05,2.96,PLATOS CUADRADOS,N/A,matched,100.0,NO,5956.25,0.00055,EXITOSO
run_20260726_084433_08a1a2bb,3,adriana_97,adriana,MEDIO,RELEVANTE,False,391.43,6.84,0.00049,100.0,20.0,BUENO YA CASI ACABAMOS HAY OCHO PLATOS Y CUATRO CALDEROS,bueno ya casi acabamos hay 8 platos y 4 calderos,2475.33,EXACT_CONSENSUS,100.0,0.0,0.0,0.0,110,50,4.6e-05,2.23,PLATO,N/A,matched,100.0,NO,2869.29,0.000536,EXITOSO
run_20260726_084433_08a1a2bb,3,adriana_98,adriana,MEDIO,RELEVANTE,False,549.23,7.7,0.000552,100.0,25.0,ANOTE SEIS CINTAS DE SELLAMIENTO Y NUEVE PLATOS,anoté 6 cintas de sellamiento y 9 platos,2759.55,EXACT_CONSENSUS,100.0,0.0,0.0,0.0,104,50,4.6e-05,2.85,CINTAS DE SELLAMIENTO,N/A,matched,100.0,NO,3311.9,0.000598,EXITOSO
run_20260726_084433_08a1a2bb,3,adriana_99,adriana,MEDIO,RELEVANTE,False,445.77,6.84,0.00049,100.0,77.78,AQUI QUEDARON CINCO CAJAS DE IBUPROFENO Y DOS CAZUELAS,aquí quedaron 11 platos y 3 cajas de ibuprofeno,6456.8,PARTIAL_CONSENSUS,70.0,0.0,0.0,0.0,107,50,4.6e-05,2.05,PLATOS,N/A,matched,100.0,NO,6904.83,0.000536,EXITOSO
run_20260726_084433_08a1a2bb,3,adriana_100,adriana,MEDIO,RELEVANTE,False,221.63,5.2,0.000373,100.0,33.33,REGISTRA DOCE PLATOS Y CUATRO CINTAS,registra 12 platos y 4 cintas,3455.81,EXACT_CONSENSUS,100.0,0.0,0.0,0.0,100,50,4.5e-05,2.24,PLATOS,N/A,matched,100.0,NO,3679.92,0.000418,EXITOSO
run_20260726_084433_08a1a2bb,3,adriana_101,adriana,MEDIO,RELEVANTE,False,533.06,6.36,0.000456,100.0,50.0,EN ESTA PARTE SOLAMENTE VEO TRES CALDEROS Y DIEZ PLATOS,en esta parte veo 11 platos y 4 cintas,6401.28,EXACT_CONSENSUS,100.0,0.0,0.0,0.0,107,50,4.6e-05,2.35,PLATOS,N/A,matched,100.0,NO,6936.84,0.000502,EXITOSO
run_20260726_084433_08a1a2bb,3,adriana_102,adriana,MEDIO,RELEVANTE,False,401.78,6.16,0.000441,100.0,25.0,ANOTA OCHO CAJAS DE IBUPROFENO Y CINCO PLATOS,anota 8 cajas de ibuprofeno y 5 platos,7931.88,EXACT_CONSENSUS,100.0,0.0,0.0,0.0,104,50,4.6e-05,2.21,IBUPROFENO,N/A,matched,100.0,NO,8336.06,0.000487,EXITOSO
run_20260726_084433_08a1a2bb,3,adriana_103,adriana,MEDIO,RELEVANTE,False,392.37,7.6,0.000545,100.0,22.22,AQUI ENCONTRAMOS SIETE CINTAS SEIS PLATOS Y UNA CAZUELA,aquí encontramos 7 cintas 6 platos y una cazuela,4793.53,EXACT_CONSENSUS,100.0,0.0,0.0,0.0,107,65,5.5e-05,3.04,CINTAS,N/A,matched,100.0,NO,5189.1,0.0006,EXITOSO
run_20260726_084433_08a1a2bb,3,adriana_104,adriana,MEDIO,RELEVANTE,False,248.22,5.78,0.000414,100.0,33.33,REGISTRA CUATRO CALDEROS Y ONCE PLATOS,registra 4 calderos y 11 platos,6266.47,EXACT_CONSENSUS,100.0,0.0,0.0,0.0,100,50,4.5e-05,2.38,CALDERO,N/A,matched,100.0,NO,6517.2,0.000459,EXITOSO
run_20260726_084433_08a1a2bb,3,adriana_105,adriana,MEDIO,RELEVANTE,False,422.94,7.6,0.000545,100.0,16.67,YA TERMINAMOS ESTA FILA HAY NUEVE CAJAS DE IBUPROFENO Y SEIS PLATOS,ya terminamos esta fila hay 9 cajas de ibuprofeno y 6 platos,4624.56,EXACT_CONSENSUS,100.0,0.0,0.0,0.0,116,50,4.7e-05,2.49,IBUPROFENO,N/A,matched,100.0,NO,5050.21,0.000592,EXITOSO
run_20260726_084433_08a1a2bb,3,adriana_106,adriana,MEDIO,RELEVANTE,False,396.63,7.8,0.000559,100.0,33.33,FINALMENTE ANOTA CINCO PLATOS CUATRO CINTAS Y DOS CALDEROS,finalmente anota 5 platos 4 cintas y 2 calderos,2901.26,EXACT_CONSENSUS,100.0,0.0,0.0,0.0,107,65,5.5e-05,2.64,PLATOS,N/A,matched,100.0,NO,3300.78,0.000614,EXITOSO
run_20260726_084433_08a1a2bb,3,adriana_107,adriana,DIFICIL,RELEVANTE,False,441.33,17.59,0.001261,100.0,0.0,PENSE QUE YA HABIAMOS TERMINADO EL CONTEO PERO FALTABA AHI HAY 28 CAJAS DE SERVILLETAS 15 BOTELLAS DE SALSA DE TOMATE Y 32 PAQUETES DE CUBIERTOS DESECHABLES,pensé que ya habíamos terminado el conteo pero faltaba ahí hay 28 cajas de servilletas 15 botellas de salsa de tomate y 32 paquetes de cubiertos desechables,3106.44,EXACT_CONSENSUS,100.0,0.0,0.0,0.0,161,65,6.3e-05,2.36,SERVILLETAS,N/A,matched,100.0,NO,3550.64,0.001324,EXITOSO
run_20260726_084433_08a1a2bb,3,adriana_108,adriana,DIFICIL,RELEVANTE,False,614.91,15.48,0.001109,100.0,0.0,MARIA MANANA LLEGAN TEMPRANO LOS PROVEEDORES ANOTA 85 GASEOSAS 60 CHOCOLATES Y 45 PAQUETES DE GALLETAS,maría mañana llegan temprano los proveedores anota 85 gaseosas 60 chocolates y 45 paquetes de galletas,9403.91,EXACT_CONSENSUS,100.0,0.0,0.0,0.0,128,65,5.8e-05,2.56,GASEOSA,N/A,matched,100.0,NO,10021.62,0.001167,EXITOSO
run_20260726_084433_08a1a2bb,3,adriana_109,adriana,DIFICIL,RELEVANTE,False,234.36,13.56,0.000972,100.0,0.0,NO OLVIDES CERRAR LA PUERTA CUANDO SALGAS AH Y REGISTRA 40 KILOS DE ARROZ 12 KILOS DE SAL Y 30 LITROS DE ACEITE,no olvides cerrar la puerta cuando salgas ah y registra 40 kilos de arroz 12 kilos de sal y 30 litros de aceite,4352.64,EXACT_CONSENSUS,100.0,0.0,0.0,0.0,149,65,6.1e-05,3.22,ARROZ,N/A,matched,100.0,NO,4590.48,0.001033,EXITOSO
run_20260726_084433_08a1a2bb,3,adriana_110,adriana,DIFICIL,RELEVANTE,False,1073.29,18.16,0.001301,100.0,0.0,ESPERA UN MOMENTO QUE ME ESTA LLAMANDO EL SUPERVISOR LISTO CONTINUEMOS HAY 22 PAQUETES DE AZUCAR 35 BOLSAS DE CAFE Y 16 CAJAS DE VASOS DESECHABLES,espera un momento que me está llamando el supervisor listo continuemos hay 22 paquetes de azúcar 35 bolsas de café y 16 cajas de vasos desechables,3321.58,EXACT_CONSENSUS,100.0,0.0,0.0,0.0,158,65,6.3e-05,3.2,AZÚCAR,N/A,matched,100.0,NO,4398.42,0.001364,EXITOSO
run_20260726_084433_08a1a2bb,3,adriana_111,adriana,DIFICIL,RELEVANTE,False,416.83,14.61,0.001047,100.0,0.0,BUENOS DIAS YA TERMINE LA REVISION DEL PARQUEADERO AHORA SI ENCONTRAMOS 18 CAJAS DE GALLETAS 9 PAQUETES DE CAFE Y 14 BOTELLAS DE AGUA,buenos días ya terminé la revisión del parqueadero ahora sí encontramos 18 cajas de galletas 9 paquetes de café y 14 botellas de agua,4149.1,EXACT_CONSENSUS,100.0,0.0,0.0,0.0,152,65,6.2e-05,2.28,GALLETAS,N/A,matched,100.0,NO,4568.49,0.001109,EXITOSO
run_20260726_084433_08a1a2bb,3,adriana_112,adriana,DIFICIL,RELEVANTE,False,531.08,11.83,0.000848,100.0,28.57,HAY OCHO CAJAS DE IBUPROFENO CUATRO CALDEROS RECORD Y DIECIOCHO CAZUELAS DE DIECISEIS ONZAS,hay 8 cajas de ibuprofeno 4 calderos récord y 18 cazuelas de 16 onzas,2963.8,EXACT_CONSENSUS,100.0,0.0,0.0,0.0,122,65,5.7e-05,2.75,IBUPROFENO,N/A,matched,100.0,NO,3497.96,0.000905,EXITOSO
run_20260726_084433_08a1a2bb,3,adriana_113,adriana,DIFICIL,RELEVANTE,False,1057.52,10.87,0.000779,100.0,30.77,REGISTRA DOCE PLATOS BLANCOS CUADRADOS SIETE CINTAS DE SELLAMIENTO Y DOS CALDEROS RECORD,registra 12 platos blancos cuadrados 7 cintas de sellamiento y 2 calderos,7844.55,EXACT_CONSENSUS,100.0,0.0,0.0,0.0,116,65,5.6e-05,2.16,PLATOS BLANCOS CUADRADOS,N/A,matched,100.0,NO,8904.42,0.000835,EXITOSO
run_20260726_084433_08a1a2bb,3,adriana_114,adriana,DIFICIL,RELEVANTE,False,429.64,11.83,0.000848,100.0,23.08,TENEMOS CUATRO CALDEROS RECORD DIECISEIS CINTAS DE SELLAMIENTO Y ONCE PLATOS BLANCOS CUADRADOS,tenemos 4 calderos récord 16 cintas de sellamiento y 11 platos blancos cuadrados,3570.93,EXACT_CONSENSUS,100.0,0.0,0.0,0.0,119,65,5.7e-05,2.9,CALDEROS,N/A,matched,100.0,NO,4003.83,0.000905,EXITOSO
run_20260726_084433_08a1a2bb,3,adriana_115,adriana,DIFICIL,RELEVANTE,False,781.0,14.52,0.001041,100.0,28.57,REGISTRA SEIS CALDEROS RECORD DIEZ CAZUELAS DE DIECISEIS ONZAS Y CATORCE PLATOS BLANCOS CUADRADOS,registra 6 calderos récord 10 cazuelas de 16 onzas y 14 platos blancos cuadrados,6823.63,EXACT_CONSENSUS,100.0,0.0,0.0,0.0,122,65,5.7e-05,2.26,CALDERO,N/A,matched,100.0,NO,7607.14,0.001098,EXITOSO
run_20260726_084433_08a1a2bb,3,adriana_116,adriana,DIFICIL,RELEVANTE,False,195.79,12.4,0.000889,100.0,21.43,HAY QUINCE CINTAS DE SELLAMIENTO TRES CAJAS DE IBUPROFENO Y OCHO PLATOS BLANCOS CUADRADOS,hay 15 cintas de sellamiento 3 cajas de ibuprofeno y 8 platos blancos cuadrados,3098.32,EXACT_CONSENSUS,100.0,0.0,0.0,0.0,122,65,5.7e-05,2.93,CINTAS DE SELLAMIENTO,N/A,matched,100.0,NO,3297.27,0.000946,EXITOSO
run_20260726_084433_08a1a2bb,3,adriana_117,adriana,DIFICIL,RELEVANTE,False,462.94,13.17,0.000944,100.0,28.57,ANOTA SIETE CALDEROS RECORD DOCE PLATOS BLANCOS CUADRADOS Y CUATRO CAZUELAS DE DIECISEIS ONZAS,anota 7 calderos récord 12 platos blancos cuadrados y 4 cazuelas de 16 onzas,2971.06,EXACT_CONSENSUS,100.0,0.0,0.0,0.0,122,65,5.7e-05,2.03,CALDEROS,N/A,matched,100.0,NO,3436.25,0.001001,EXITOSO
run_20260726_084433_08a1a2bb,3,adriana_118,adriana,DIFICIL,RELEVANTE,False,214.14,13.08,0.000937,100.0,21.43,REGISTRA ONCE CAJAS DE IBUPROFENO NUEVE CINTAS DE SELLAMIENTO Y CINCO PLATOS BLANCOS CUADRADOS,registra 11 cajas de ibuprofeno 9 cintas de sellamiento y 5 platos blancos cuadrados,10926.13,EXACT_CONSENSUS,100.0,0.0,0.0,0.0,122,65,5.7e-05,2.34,IBUPROFENO,N/A,matched,100.0,NO,11142.84,0.000994,EXITOSO
run_20260726_084433_08a1a2bb,3,adriana_119,adriana,DIFICIL,RELEVANTE,False,283.7,10.96,0.000785,100.0,30.77,TENEMOS DIECIOCHO PLATOS BLANCOS CUADRADOS TRES CALDEROS RECORD Y SEIS CINTAS DE SELLAMIENTO,tenemos 18 platos blancos cuadrados 3 calderos récord y 6 cintas de,5008.48,EXACT_CONSENSUS,100.0,0.0,0.0,0.0,116,65,5.6e-05,2.37,PLATOS BLANCOS CUADRADOS,N/A,matched,100.0,NO,5294.76,0.000841,EXITOSO
run_20260726_084433_08a1a2bb,3,adriana_120,adriana,DIFICIL,RELEVANTE,False,477.77,14.13,0.001013,100.0,26.67,ANOTA CINCO CAJAS DE IBUPROFENO VEINTE CAZUELAS DE DIECISEIS ONZAS Y OCHO PLATOS BLANCOS CUADRADOS,anota 5 cajas de ibuprofeno 20 cazuelas de 16 onzas y 8 platos blancos cuadrados,3057.88,EXACT_CONSENSUS,100.0,0.0,0.0,0.0,125,65,5.8e-05,4.47,IBUPROFENO,N/A,matched,100.0,NO,3540.39,0.001071,EXITOSO
run_20260726_084433_08a1a2bb,3,adriana_121,adriana,DIFICIL,RELEVANTE,False,447.6,12.21,0.000875,100.0,23.08,REGISTRA DOS CALDEROS RECORD QUINCE PLATOS BLANCOS CUADRADOS Y DIEZ CINTAS DE SELLAMIENTO,registra 2 calderos récord 15 platos blancos cuadrados y 10 cintas de sellamiento,7075.38,EXACT_CONSENSUS,100.0,0.0,0.0,0.0,119,65,5.7e-05,2.27,CALDEROS,N/A,matched,100.0,NO,7525.59,0.000932,EXITOSO
run_20260726_084433_08a1a2bb,3,adriana_122,adriana,DIFICIL,RELEVANTE,False,536.31,12.69,0.000909,100.0,40.0,HAY NUEVE CAZUELAS DE DIECISEIS ONZAS SIETE CAJAS DE IBUPROFENO Y DOCE PLATOS BLANCOS CUADRADOS,este rompecabezas hay 9 cazuelas de 16 onzas 7 cajas de ibuprofeno y 12 platos blancos cuadrados,6739.7,EXACT_CONSENSUS,100.0,0.0,0.0,0.0,131,65,5.9e-05,2.2,CAZUELAS DE 16 ONZAS,N/A,matched,100.0,NO,7278.42,0.000968,EXITOSO
run_20260726_084433_08a1a2bb,3,adriana_123,adriana,DIFICIL,RELEVANTE,False,439.05,10.39,0.000745,100.0,23.08,ANOTA CUATRO PLATOS BLANCOS CUADRADOS CUATRO CALDEROS RECORD Y CATORCE CINTAS DE SELLAMIENTO,anota 4 platos blancos cuadrados 4 calderos récord y 14 cintas de sellamiento,4857.87,EXACT_CONSENSUS,100.0,0.0,0.0,0.0,119,65,5.7e-05,2.56,PLATOS BLANCOS CUADRADOS,N/A,matched,100.0,NO,5299.73,0.000802,EXITOSO
run_20260726_084433_08a1a2bb,3,adriana_124,adriana,DIFICIL,RELEVANTE,False,1193.42,10.87,0.000779,100.0,26.67,REGISTRA OCHO CAJAS DE IBUPROFENO DIEZ PLATOS BLANCOS CUADRADOS Y TRES CAZUELAS DE DIECISEIS ONZAS,registra 8 cajas de ibuprofeno 10 platos blancos cuadrados y 3 cazuelas de 16 onzas,3152.64,EXACT_CONSENSUS,100.0,0.0,0.0,0.0,125,65,5.8e-05,2.11,IBUPROFENO,N/A,matched,100.0,NO,4348.41,0.000837,EXITOSO
run_20260726_084433_08a1a2bb,3,adriana_125,adriana,DIFICIL,RELEVANTE,False,235.95,11.16,0.0008,100.0,23.08,TENEMOS SEIS CALDEROS RECORD DIECIOCHO PLATOS BLANCOS CUADRADOS Y CINCO CINTAS DE SELLAMIENTO,tenemos 6 calderos récord 18 platos blancos cuadrados y 5 cintas de sellamiento,3591.69,EXACT_CONSENSUS,100.0,0.0,0.0,0.0,119,65,5.7e-05,2.36,CALDEROS RÉCORD,N/A,matched,100.0,NO,3830.25,0.000857,EXITOSO
run_20260726_084433_08a1a2bb,3,adriana_126,adriana,DIFICIL,RELEVANTE,False,724.57,13.46,0.000965,100.0,33.33,HAY DIEZ CAJAS DE IBUPROFENO CUATRO PLATOS BLANCOS CUADRADOS Y SEIS CAZUELAS DE DIECISEIS ONZAS,hay 10 cajas ibuprofeno 4 platos blancos cuadrados y 6 cazuelas de 16 onzas,2843.15,EXACT_CONSENSUS,100.0,0.0,0.0,0.0,122,65,5.7e-05,2.89,IBUPROFENO,N/A,matched,100.0,NO,3570.9,0.001022,EXITOSO
run_20260726_084433_08a1a2bb,3,adriana_127,adriana,DIFICIL,RELEVANTE,False,925.96,10.29,0.000737,100.0,23.08,ANOTA OCHO CALDEROS RECORD QUINCE CINTAS DE SELLAMIENTO Y TRECE PLATOS BLANCOS CUADRADOS,anota 8 calderos récord 15 cintas de sellamiento y 13 platos blancos cuadrados,7667.46,EXACT_CONSENSUS,100.0,0.0,0.0,0.0,119,65,5.7e-05,3.01,CALDEROS RÉCORD,N/A,matched,100.0,NO,8596.71,0.000794,EXITOSO
run_20260726_084433_08a1a2bb,3,adriana_128,adriana,DIFICIL,RELEVANTE,False,274.83,12.02,0.000861,100.0,26.67,REGISTRA CINCO CAJAS DE IBUPROFENO DOCE PLATOS BLANCOS CUADRADOS Y SIETE CAZUELAS DE DIECISEIS ONZAS,registra 5 cajas de ibuprofeno 12 platos blancos cuadrados y 7 cazuelas de 16 onzas,5706.07,EXACT_CONSENSUS,100.0,0.0,0.0,0.0,125,65,5.8e-05,2.51,IBUPROFENO,N/A,matched,100.0,NO,5983.62,0.000919,EXITOSO
run_20260726_084433_08a1a2bb,3,adriana_129,adriana,DIFICIL,RELEVANTE,False,268.33,13.56,0.000972,100.0,40.0,ANOTA SEIS CAJAS DE IBUPROFENO CINCO CAZUELAS DE DIECISEIS ONZAS Y VEINTE PLATOS BLANCOS CUADRADOS,aprovechen casera anota 6 cajas de ibuprofeno 5 cazuelas de 16 onzas y 20 platos blancos cuadrados,5530.31,EXACT_CONSENSUS,100.0,0.0,0.0,0.0,131,65,5.9e-05,2.31,IBUPROFENO,N/A,matched,100.0,NO,5801.14,0.001031,EXITOSO
run_20260726_084433_08a1a2bb,3,adriana_130,adriana,DIFICIL,RELEVANTE,False,652.25,19.6,0.001405,100.0,10.34,QUE CALOR HACE HOY SUBELE UN POQUITO AL VOLUMEN PORQUE CASI NO ESCUCHO BUENO REGISTRA 15 CAJAS DE TONER PARA IMPRESORA 8 PAQUETES DE HOJAS A4 Y 12 CALCULADORAS,qué calor hace hoy súbele un poquito el volumen porque casi no escucho bueno registra 15 cajas de tóner para impresora 8 paquetes de hojas a 4 y 12 calculadoras,3679.18,EXACT_CONSENSUS,100.0,0.0,0.0,0.0,170,65,6.4e-05,2.02,TÓNER PARA IMPRESORA,N/A,matched,100.0,NO,4333.81,0.001469,EXITOSO
run_20260726_084433_08a1a2bb,3,adriana_131,adriana,DIFICIL,RELEVANTE,False,497.68,22.48,0.001611,100.0,3.12,OIGA SI VIO EL PARTIDO ANOCHE ESPERE QUE ESTA PASANDO MUCHA GENTE BUENO CONTINUE NO ESPERE SI SON 42 CAJAS DE MARCADORES 16 RESMAS DE PAPEL OFICIO Y 8 CAJAS DE ARCHIVADORES,oiga sí vio el partido anoche espere que está pasando mucha gente bueno continúe no espere sí son 42 cajas de marcadores 16 reglas de papel oficio y 8 cajas de archivadores,4214.78,EXACT_CONSENSUS,100.0,0.0,0.0,0.0,176,65,6.5e-05,2.35,MARCADORES,N/A,matched,100.0,NO,4715.25,0.001676,EXITOSO
run_20260726_084433_08a1a2bb,3,adriana_132,adriana,DIFICIL,RELEVANTE,False,434.8,25.08,0.001797,100.0,0.0,AYER ME DIJERON QUE YA HABIAN CONTADO ESTA BODEGA PERO MEJOR CONFIRMEMOS EN COCINA PRINCIPAL SUMINISTROS ENCONTRAMOS 55 KILOS DE ARROZ NO PERDON 65 KILOS DE ARROZ ADEMAS 20 LITROS DE ACEITE Y 18 KILOS DE AZUCAR,ayer me dijeron que ya habían contado esta bodega pero mejor confirmemos en cocina principal suministros encontramos 55 kilos de arroz no perdón 65 kilos de arroz además 20 litros de aceite y 18 kilos de azúcar,3124.29,EXACT_CONSENSUS,100.0,0.0,0.0,0.0,191,65,6.8e-05,2.37,ARROZ,N/A,matched,100.0,NO,3561.92,0.001865,EXITOSO
run_20260726_084433_08a1a2bb,3,adriana_133,adriana,DIFICIL,RELEVANTE,False,296.77,16.82,0.001205,100.0,0.0,ESPERE QUE ACABA DE PASAR UN CARRO Y NO ESCUCHE NADA LISTO HAY 20 CAJAS DE TAPABOCAS 14 LITROS DE ALCOHOL Y 35 CAJAS DE GUANTES DE NITRILO,espere que acaba de pasar un carro y no escuché nada listo hay 20 cajas de tapabocas 14 litros de alcohol y 35 cajas de guantes de nitrilo,3707.22,EXACT_CONSENSUS,100.0,0.0,0.0,0.0,164,65,6.4e-05,2.47,TAPABOCAS,N/A,matched,100.0,NO,4006.73,0.001269,EXITOSO
run_20260726_084433_08a1a2bb,3,daniel_1,daniel,FACIL,RELEVANTE,False,256.51,6.2,0.000444,100.0,0.0,350 KILOS DE ACELGA,350 kilos de acelga,3662.42,EXACT_CONSENSUS,100.0,0.0,0.0,0.0,100,35,3.6e-05,2.33,ACELGA,N/A,matched,100.0,NO,3921.48,0.00048,EXITOSO
run_20260726_084433_08a1a2bb,3,daniel_2,daniel,FACIL,RELEVANTE,False,366.29,4.38,0.000314,100.0,0.0,600 KILOS DE CALABACIN,600 kilos de calabacín,6176.81,EXACT_CONSENSUS,100.0,0.0,0.0,0.0,100,35,3.6e-05,2.04,CALABACÍN,N/A,matched,100.0,NO,6545.33,0.00035,EXITOSO
run_20260726_084433_08a1a2bb,3,daniel_3,daniel,FACIL,RELEVANTE,False,436.89,5.35,0.000383,100.0,0.0,400 KILOS DE KIWI,400 kilos de kiwi,2975.63,EXACT_CONSENSUS,100.0,0.0,0.0,0.0,100,35,3.6e-05,2.1,KIWI,N/A,matched,100.0,NO,3414.76,0.000419,EXITOSO
run_20260726_084433_08a1a2bb,3,daniel_4,daniel,FACIL,RELEVANTE,False,398.02,8.25,0.000591,100.0,0.0,ALMOHADILLA PARA SELLO 600 UNIDADES,almohadilla para sello 600 unidades,3089.03,EXACT_CONSENSUS,100.0,0.0,0.0,0.0,100,35,3.6e-05,3.55,ALMOHADILLA PARA SELLO,N/A,matched,100.0,NO,3490.84,0.000627,EXITOSO
run_20260726_084433_08a1a2bb,3,daniel_5,daniel,FACIL,RELEVANTE,False,220.04,11.63,0.000833,100.0,0.0,AMBIENTADOR EN AEROSOL MARCA AROMA POR 600 UNIDADES,ambientador en aerosol marca aroma por 600 unidades,13645.63,EXACT_CONSENSUS,100.0,0.0,0.0,0.0,104,35,3.7e-05,2.47,AMBIENTADOR EN AEROSOL MARCA AROMA,N/A,matched,100.0,NO,13868.31,0.00087,EXITOSO
run_20260726_084433_08a1a2bb,3,daniel_6,daniel,FACIL,RELEVANTE,False,290.4,11.87,0.000851,100.0,0.0,BANDEJA PLASTICA POR 9320 UNIDADES,bandeja plástica por 9320 unidades,2810.59,EXACT_CONSENSUS,100.0,0.0,0.0,0.0,100,35,3.6e-05,2.59,BANDEJA PLÁSTICA,N/A,matched,100.0,NO,3103.83,0.000887,EXITOSO
run_20260726_084433_08a1a2bb,3,daniel_7,daniel,FACIL,RELEVANTE,False,255.8,9.21,0.00066,100.0,16.67,CAJA PARA PIZZA CARTON 4500 UNIDADES,caja para pizza de cartón 4500 unidades,2982.52,EXACT_CONSENSUS,100.0,0.0,0.0,0.0,101,35,3.6e-05,3.54,CAJA PARA PIZZA DE CARTÓN,N/A,matched,100.0,NO,3242.06,0.000696,EXITOSO
run_20260726_084433_08a1a2bb,3,daniel_8,daniel,FACIL,RELEVANTE,False,449.24,9.09,0.000651,100.0,14.29,CALDERO RECORD CON TAPA POR 800 UNIDADES,caldero ricor con tapa por 800 unidades,4191.37,EXACT_CONSENSUS,100.0,0.0,0.0,0.0,101,35,3.6e-05,2.16,CALDERO RICOR CON TAPA,N/A,matched,100.0,NO,4642.94,0.000687,EXITOSO
run_20260726_084433_08a1a2bb,3,daniel_9,daniel,FACIL,RELEVANTE,False,330.94,13.56,0.000972,100.0,0.0,BOWL POR 500 UNIDADES Y 7 CALCULADORAS MANUALES DE 12 DIGITOS,bowl por 500 unidades y 7 calculadoras manuales de 12 dígitos,3905.43,EXACT_CONSENSUS,100.0,0.0,0.0,0.0,113,50,4.7e-05,3.12,BOWL,N/A,matched,100.0,NO,4239.71,0.001019,EXITOSO
run_20260726_084433_08a1a2bb,3,daniel_10,daniel,FACIL,RELEVANTE,False,293.79,11.15,0.000799,100.0,0.0,AREPA PAISA POR 500 UNIDADES Y 750 KILOS DE ARANDANOS,arepa paisa por 500 unidades y 750 kilos de arándanos,5059.47,EXACT_CONSENSUS,100.0,0.0,0.0,0.0,110,50,4.6e-05,2.55,AREPA PAISA,N/A,matched,100.0,NO,5355.99,0.000845,EXITOSO
run_20260726_084433_08a1a2bb,3,daniel_11,daniel,MEDIO,RELEVANTE,False,254.47,20.93,0.0015,100.0,5.0,DON JAIME ENCONTRAMOS 750 KILOS DE ARVEJA AMARILLA TAMBIEN ENCONTRAMOS EN LA BODEGA 1 DOS KILOS DE CEBADA DE PERLA,don jaime encontramos 750 kilos de arveja amarilla también encontramos en la bodega 1 2 kilos de cebada de perla,4271.4,EXACT_CONSENSUS,100.0,0.0,0.0,0.0,140,50,5.1e-05,3.13,ARVEJA AMARILLA,N/A,matched,100.0,NO,4529.3,0.001551,EXITOSO
run_20260726_084433_08a1a2bb,3,daniel_12,daniel,MEDIO,RELEVANTE,False,478.38,13.68,0.00098,100.0,6.67,BUENOS DIAS SENORA ISABEL SON 4 UNIDADES DE SODA BRETANA Y 8 UNIDADES DE BONYURT,buenos días señora isabel son 4 unidades de soda bretaña y 8 unidades de bonjour,2387.5,EXACT_CONSENSUS,100.0,0.0,0.0,0.0,125,50,4.9e-05,2.95,SODA BRETAÑA,N/A,matched,100.0,NO,2869.19,0.001029,EXITOSO
run_20260726_084433_08a1a2bb,3,daniel_13,daniel,MEDIO,RELEVANTE,False,301.72,13.68,0.00098,100.0,6.67,KAROL ANOTE AHI QUE SON 60 KILOS DE CEBOLLA ROJA Y 50000 UNIDADES DE STEVIA,carol anote ahí que son 60 kilos de cebolla roja y 50000 unidades de stevia,3125.06,EXACT_CONSENSUS,100.0,0.0,0.0,0.0,125,50,4.9e-05,2.13,CEBOLLA ROJA,N/A,matched,100.0,NO,3429.11,0.001029,EXITOSO
run_20260726_084433_08a1a2bb,3,daniel_14,daniel,MEDIO,RELEVANTE,False,433.38,19.84,0.001422,100.0,6.25,UFF VI LA MORCILLA Y ME ANTOJE SON 700 KILOS DE MORCILLA Y 400 DE CHORIZO,uf vi la morcilla y me antojé son 700 kilos de morcilla y 400 de chorizo,4276.63,EXACT_CONSENSUS,100.0,0.0,0.0,0.0,128,50,4.9e-05,2.13,MORCILLA,N/A,matched,100.0,NO,4712.46,0.001471,EXITOSO
run_20260726_084433_08a1a2bb,3,daniel_15,daniel,MEDIO,RELEVANTE,False,368.0,23.34,0.001673,100.0,9.52,QUE MAN TAN SALADO NACHOS NATURALES POR 200 UNIDADES 400 UNIDADES DE NATUCHIPS Y 150 KILOS DE PAPA A LA FRANCESA,qué mantan salado nachos naturales por 200 unidades 400 unidades de natuchips y 150 kilos de papa a la francesa,4628.48,EXACT_CONSENSUS,100.0,0.0,0.0,0.0,140,65,6e-05,2.41,NACHOS NATURALES,N/A,matched,100.0,NO,4999.2,0.001733,EXITOSO
run_20260726_084433_08a1a2bb,3,daniel_16,daniel,DIFICIL,RELEVANTE,False,2233.76,30.95,0.002218,100.0,32.0,PARCE IMAGINESE QUE VI ESTO NATUCHIPS Y ME ACORDE DE ANOCHE AUDIO INAUDIBLE 400 UNIDADES DE NATUCHIP 400 UNIDADES DE PAPAS MARGARITAS Y 200 COCACOLAS,parce imagínese que vi esos natuchips y me acordé 400 unidades de natuchips 400 unidades de papas margaritas y 200 coca-colas,5363.14,EXACT_CONSENSUS,100.0,0.0,0.0,0.0,143,65,6e-05,2.16,NATUCHIPS,N/A,matched,100.0,NO,7599.34,0.002278,EXITOSO
run_20260726_084433_08a1a2bb,3,daniel_17,daniel,DIFICIL,RELEVANTE,False,298.74,36.99,0.002651,100.0,0.0,AY AQUI ESTOY YO EN EL MISMO LUGAR QUE TE CONOCI SIGO PENSANDO EN TU BOCA PARCE NO SE PONGA A CANTAR QUE ESTAMOS HACIENDO EL INVENTARIO DICTE AHI 800 KILOS DE AZUCAR MORENA 700 KILOS DE CAFE Y 80 UNIDADES DE HAMBURGUESA MIXTA,ay aquí estoy yo en el mismo lugar que te conocí sigo pensando en tu boca parce no se ponga a cantar que estamos haciendo el inventario dicte ahí 800 kilos de azúcar morena 700 kilos de café y 80 unidades de hamburguesa mixta,3926.19,EXACT_CONSENSUS,100.0,0.0,0.0,0.0,212,65,7.1e-05,2.71,AZÚCAR MORENA,N/A,matched,100.0,NO,4228.18,0.002722,EXITOSO
run_20260726_084433_08a1a2bb,3,daniel_18,daniel,DIFICIL,RELEVANTE,False,841.84,30.35,0.002175,100.0,0.0,Y SU MAMA COMO SIGUE TENEMOS RATO SIN HABLAR ESPERA YA LE RESPONDO VOY A REGISTRAR UNOS PRODUCTOS EN LA HERRAMIENTA 19 KILOS DE BERENJENA 190 KILOS DE CHORIZO Y 700 LITROS DE AGUARDIENTE NECTAR,y su mamá cómo sigue tenemos rato sin hablar espera ya le respondo voy a registrar unos productos en la herramienta 19 kilos de berenjena 190 kilos de chorizo y 700 litros de aguardiente néctar,3044.4,EXACT_CONSENSUS,100.0,0.0,0.0,0.0,185,65,6.7e-05,2.39,BERENJENA,N/A,matched,100.0,NO,3888.99,0.002242,EXITOSO
run_20260726_084433_08a1a2bb,3,daniel_19,daniel,DIFICIL,RELEVANTE,False,902.43,40.13,0.002876,100.0,9.76,ESTO DE HACER EL INVENTARIO ES MUY TEDIOSO QUE HAGO AQUI CONTANDO UNAS ALCACHOFAS BUENO PERO SIGAMOS QUE SI NO NO TERMINAMOS HOY ALCACHOFAS 500 KILOS 400 UNIDADES DE BOTELLONES DE AGUA 19 KILOS DE ACELGA Y 60 KILOS DE AJO,esto al ser el inventario es muy tedioso qué hago aquí contando unas alcachofas bueno pero sigamos que sino no terminamos hoy alcachofas 500 kilos 400 unidades de botellones de agua 19 kilos de acelga y 60 kilos de ajo,7294.16,EXACT_CONSENSUS,100.0,0.0,0.0,0.0,200,80,7.8e-05,2.85,ALCACHOFAS,N/A,matched,100.0,NO,8199.94,0.002954,EXITOSO
run_20260726_084433_08a1a2bb,3,daniel_20,daniel,FACIL,RELEVANTE,False,204.31,5.95,0.000426,100.0,0.0,50 KILOS DE PAPA PASTUSA,50 kilos de papa pastusa,3062.34,EXACT_CONSENSUS,100.0,0.0,0.0,0.0,100,35,3.6e-05,2.28,PAPA PASTUSA,N/A,matched,100.0,NO,3269.08,0.000462,EXITOSO
run_20260726_084433_08a1a2bb,3,daniel_21,daniel,FACIL,RELEVANTE,False,520.32,4.75,0.00034,100.0,0.0,120 LITROS DE ACEITE DE GIRASOL,120 litros de aceite de girasol,3112.38,EXACT_CONSENSUS,100.0,0.0,0.0,0.0,100,35,3.6e-05,2.15,ACEITE DE GIRASOL,N/A,matched,100.0,NO,3635.0,0.000376,EXITOSO
run_20260726_084433_08a1a2bb,3,daniel_22,daniel,FACIL,RELEVANTE,False,389.79,5.23,0.000375,100.0,0.0,30 PORCIONES DE CARNE DE RES,30 porciones de carne de res,2410.21,EXACT_CONSENSUS,100.0,0.0,0.0,0.0,100,35,3.6e-05,1.97,CARNE DE RES,N/A,matched,100.0,NO,2802.12,0.000411,EXITOSO
run_20260726_084433_08a1a2bb,3,daniel_23,daniel,FACIL,RELEVANTE,False,227.44,5.83,0.000418,100.0,40.0,200 UNIDADES DE HUEVOS FRESCOS,200 unidades de huevo fresco,3047.42,EXACT_CONSENSUS,100.0,0.0,0.0,0.0,100,35,3.6e-05,3.14,HUEVO FRESCO,N/A,matched,100.0,NO,3278.15,0.000454,EXITOSO
run_20260726_084433_08a1a2bb,3,daniel_24,daniel,FACIL,RELEVANTE,False,416.3,5.47,0.000392,100.0,0.0,80 KILOS DE MANZANA ROJA,80 kilos de manzana roja,2040.58,EXACT_CONSENSUS,100.0,0.0,0.0,0.0,100,35,3.6e-05,3.1,MANZANA ROJA,N/A,matched,100.0,NO,2460.2,0.000428,EXITOSO
run_20260726_084433_08a1a2bb,3,daniel_25,daniel,FACIL,RELEVANTE,False,205.38,5.83,0.000418,100.0,20.0,15 LITROS DE LECHE ENTERA,15 litros de lechuga entera,4327.06,EXACT_CONSENSUS,100.0,0.0,0.0,0.0,100,35,3.6e-05,2.45,LECHUGA ENTERA,N/A,matched,100.0,NO,4535.05,0.000454,EXITOSO
run_20260726_084433_08a1a2bb,3,daniel_26,daniel,FACIL,RELEVANTE,False,440.47,5.71,0.000409,100.0,25.0,40 KILOS DE ZANAHORIA,400 kilos de zanahoria,2908.31,EXACT_CONSENSUS,100.0,0.0,0.0,0.0,100,35,3.6e-05,2.5,ZANAHORIA,N/A,matched,100.0,NO,3351.42,0.000445,EXITOSO
run_20260726_084433_08a1a2bb,3,daniel_27,daniel,FACIL,RELEVANTE,False,248.17,6.32,0.000453,100.0,0.0,500 UNIDADES DE VASOS DESECHABLES,500 unidades de vasos desechables,1825.62,EXACT_CONSENSUS,100.0,0.0,0.0,0.0,100,35,3.6e-05,2.52,VASOS DESECHABLES,N/A,matched,100.0,NO,2076.47,0.000489,EXITOSO
run_20260726_084433_08a1a2bb,3,daniel_28,daniel,FACIL,RELEVANTE,False,488.88,6.92,0.000496,100.0,20.0,90 KILOS DE LIMON TAITI,90 kilos de limón tahití,3232.69,EXACT_CONSENSUS,100.0,0.0,0.0,0.0,100,35,3.6e-05,2.55,LIMÓN TAHITÍ,N/A,matched,100.0,NO,3724.29,0.000532,EXITOSO
run_20260726_084433_08a1a2bb,3,daniel_29,daniel,FACIL,RELEVANTE,False,473.71,6.56,0.00047,100.0,0.0,25 PORCIONES DE POLLO ASADO,25 porciones de pollo asado,2584.78,EXACT_CONSENSUS,100.0,0.0,0.0,0.0,100,35,3.6e-05,2.98,POLLO ASADO,N/A,matched,100.0,NO,3061.67,0.000506,EXITOSO
run_20260726_084433_08a1a2bb,3,daniel_30,daniel,FACIL,RELEVANTE,False,202.18,5.47,0.000392,100.0,0.0,300 KILOS DE ARROZ BLANCO,300 kilos de arroz blanco,5522.35,EXACT_CONSENSUS,100.0,0.0,0.0,0.0,100,35,3.6e-05,2.28,ARROZ BLANCO,N/A,matched,100.0,NO,5726.98,0.000428,EXITOSO
run_20260726_084433_08a1a2bb,3,daniel_31,daniel,FACIL,RELEVANTE,False,274.21,6.44,0.000462,100.0,0.0,150 LITROS DE JUGO DE NARANJA,150 litros de jugo de naranja,3522.41,EXACT_CONSENSUS,100.0,0.0,0.0,0.0,100,35,3.6e-05,3.27,JUGO DE NARANJA,N/A,matched,100.0,NO,3800.1,0.000498,EXITOSO
run_20260726_084433_08a1a2bb,3,daniel_32,daniel,FACIL,RELEVANTE,False,484.87,6.92,0.000496,100.0,20.0,60 UNIDADES DE PAN HAMBURGUESA,60 unidades de pan de hamburguesa,3565.89,EXACT_CONSENSUS,100.0,0.0,0.0,0.0,100,35,3.6e-05,2.5,PAN DE HAMBURGUESA,N/A,matched,100.0,NO,4053.46,0.000532,EXITOSO
run_20260726_084433_08a1a2bb,3,daniel_33,daniel,FACIL,RELEVANTE,False,183.17,5.23,0.000375,100.0,0.0,75 KILOS DE CEBOLLA CABEZONA,75 kilos de cebolla cabezona,3149.48,EXACT_CONSENSUS,100.0,0.0,0.0,0.0,100,35,3.6e-05,2.54,CEBOLLA CABEZONA,N/A,matched,100.0,NO,3335.41,0.000411,EXITOSO
run_20260726_084433_08a1a2bb,3,daniel_34,daniel,FACIL,RELEVANTE,False,227.82,7.4,0.00053,100.0,0.0,50 PORCIONES DE LASANA DE CARNE,50 porciones de lasaña de carne,2900.13,EXACT_CONSENSUS,100.0,0.0,0.0,0.0,100,35,3.6e-05,3.44,LASAÑA DE CARNE,N/A,matched,100.0,NO,3131.63,0.000566,EXITOSO
run_20260726_084433_08a1a2bb,3,daniel_35,daniel,FACIL,RELEVANTE,False,544.39,9.09,0.000651,100.0,0.0,100 KILOS DE TOMATE DE ARBOL,100 kilos de tomate de árbol,2886.46,EXACT_CONSENSUS,100.0,0.0,0.0,0.0,100,35,3.6e-05,2.35,TOMATE DE ÁRBOL,N/A,matched,100.0,NO,3433.36,0.000687,EXITOSO
run_20260726_084433_08a1a2bb,3,daniel_36,daniel,FACIL,RELEVANTE,False,429.69,6.56,0.00047,100.0,0.0,400 LITROS DE DETERGENTE LIQUIDO,400 litros de detergente líquido,3250.02,EXACT_CONSENSUS,100.0,0.0,0.0,0.0,100,35,3.6e-05,2.73,DETERGENTE LÍQUIDO,N/A,matched,100.0,NO,3682.59,0.000506,EXITOSO
run_20260726_084433_08a1a2bb,3,daniel_37,daniel,FACIL,RELEVANTE,False,427.09,6.68,0.000479,100.0,0.0,800 UNIDADES DE SERVILLETA DE PAPEL,800 unidades de servilleta de papel,2951.68,EXACT_CONSENSUS,100.0,0.0,0.0,0.0,100,35,3.6e-05,2.49,SERVILLETA DE PAPEL,N/A,matched,100.0,NO,3381.46,0.000515,EXITOSO
run_20260726_084433_08a1a2bb,3,daniel_38,daniel,FACIL,RELEVANTE,False,229.15,7.28,0.000522,100.0,0.0,35 KILOS DE QUESO CAMPESINO,35 kilos de queso campesino,4417.6,EXACT_CONSENSUS,100.0,0.0,0.0,0.0,100,35,3.6e-05,2.44,QUESO CAMPESINO,N/A,matched,100.0,NO,4649.38,0.000558,EXITOSO
run_20260726_084433_08a1a2bb,3,daniel_39,daniel,FACIL,RELEVANTE,False,221.41,5.95,0.000426,100.0,0.0,12 PORCIONES DE SALMON FRESCO,12 porciones de salmón fresco,2628.83,EXACT_CONSENSUS,100.0,0.0,0.0,0.0,100,35,3.6e-05,1.94,SALMÓN FRESCO,N/A,matched,100.0,NO,2852.33,0.000462,EXITOSO
run_20260726_084433_08a1a2bb,3,daniel_40,daniel,FACIL,RELEVANTE,False,270.7,8.37,0.0006,100.0,0.0,45 KILOS DE PAPAYA MARADOL,45 kilos de papaya maradol,2507.83,EXACT_CONSENSUS,100.0,0.0,0.0,0.0,100,35,3.6e-05,2.09,PAPAYA MARADOL,N/A,matched,100.0,NO,2780.75,0.000636,EXITOSO
run_20260726_084433_08a1a2bb,3,daniel_41,daniel,FACIL,RELEVANTE,False,502.57,6.92,0.000496,100.0,0.0,600 UNIDADES DE TENEDOR PLASTICO,600 unidades de tenedor plástico,3000.94,EXACT_CONSENSUS,100.0,0.0,0.0,0.0,100,35,3.6e-05,2.32,TENEDOR PLÁSTICO,N/A,matched,100.0,NO,3505.96,0.000532,EXITOSO
run_20260726_084433_08a1a2bb,3,daniel_42,daniel,FACIL,RELEVANTE,False,197.98,5.83,0.000418,100.0,0.0,200 KILOS DE HARINA DE TRIGO,200 kilos de harina de trigo,2895.82,EXACT_CONSENSUS,100.0,0.0,0.0,0.0,100,35,3.6e-05,2.16,HARINA DE TRIGO,N/A,matched,100.0,NO,3096.17,0.000454,EXITOSO
run_20260726_084433_08a1a2bb,3,daniel_43,daniel,FACIL,RELEVANTE,False,852.83,6.8,0.000487,100.0,0.0,85 LITROS DE AGUA EMBOTELLADA,85 litros de agua embotellada,3032.69,EXACT_CONSENSUS,100.0,0.0,0.0,0.0,100,35,3.6e-05,2.11,AGUA EMBOTELLADA,N/A,matched,100.0,NO,3887.83,0.000523,EXITOSO
run_20260726_084433_08a1a2bb,3,daniel_44,daniel,FACIL,RELEVANTE,False,386.31,6.32,0.000453,100.0,20.0,110 KILOS DE PLATANO VERDE,110 litros de plátano verde,4012.5,EXACT_CONSENSUS,100.0,0.0,0.0,0.0,100,35,3.6e-05,2.43,PLÁTANO VERDE,N/A,matched,100.0,NO,4401.39,0.000489,EXITOSO
run_20260726_084433_08a1a2bb,3,daniel_45,daniel,FACIL,RELEVANTE,False,211.87,6.68,0.000479,100.0,16.67,40 PORCIONES DE PUDIN DE CHOCOLATE,40 porciones de budín de chocolate,2771.66,EXACT_CONSENSUS,100.0,0.0,0.0,0.0,100,35,3.6e-05,2.31,BUDÍN DE CHOCOLATE,N/A,matched,100.0,NO,2986.0,0.000515,EXITOSO
run_20260726_084433_08a1a2bb,3,daniel_46,daniel,FACIL,RELEVANTE,False,393.48,6.92,0.000496,100.0,0.0,350 UNIDADES DE PLATOS DESECHABLES,350 unidades de platos desechables,9706.61,EXACT_CONSENSUS,100.0,0.0,0.0,0.0,100,35,3.6e-05,2.24,PLATOS DESECHABLES,N/A,matched,100.0,NO,10102.47,0.000532,EXITOSO
run_20260726_084433_08a1a2bb,3,daniel_47,daniel,FACIL,RELEVANTE,False,221.26,9.58,0.000687,100.0,0.0,800 KILOS DE GUAYABA Y 15 PORCIONES DE LOMO DE CERDO,800 kilos de guayaba y 15 porciones de lomo de cerdo,2707.31,EXACT_CONSENSUS,100.0,0.0,0.0,0.0,113,50,4.7e-05,2.28,GUAYABA,N/A,matched,100.0,NO,2931.01,0.000734,EXITOSO
run_20260726_084433_08a1a2bb,3,daniel_48,daniel,FACIL,RELEVANTE,False,235.61,6.8,0.000487,100.0,20.0,50 LITROS DE DESINFECTANTE MULTIUSOS,50 litros de desinfectante multiuso,2500.88,EXACT_CONSENSUS,100.0,0.0,0.0,0.0,100,35,3.6e-05,3.0,DESINFECTANTE MULTIUSO,N/A,matched,100.0,NO,2739.69,0.000523,EXITOSO
run_20260726_084433_08a1a2bb,3,daniel_49,daniel,FACIL,RELEVANTE,False,532.65,6.68,0.000479,100.0,0.0,18 PORCIONES DE PECHUGA A LA PLANCHA,18 porciones de pechuga a la plancha,3016.87,EXACT_CONSENSUS,100.0,0.0,0.0,0.0,101,35,3.6e-05,3.36,PECHUGA A LA PLANCHA,N/A,matched,100.0,NO,3553.14,0.000515,EXITOSO
run_20260726_084433_08a1a2bb,3,daniel_50,daniel,FACIL,RELEVANTE,False,255.72,11.27,0.000808,100.0,0.0,120 KILOS DE YUCA BLANCA Y 45 KILOS DE MARACUYA,120 kilos de yuca blanca y 45 kilos de maracuyá,2496.59,EXACT_CONSENSUS,100.0,0.0,0.0,0.0,110,50,4.6e-05,2.1,YUCA BLANCA,N/A,matched,100.0,NO,2754.58,0.000854,EXITOSO
run_20260726_084433_08a1a2bb,3,daniel_51,daniel,FACIL,RELEVANTE,False,664.78,8.37,0.0006,100.0,0.0,300 UNIDADES DE BOLSA PLASTICA Y 20 LITROS DE JABON LIQUIDO,300 unidades de bolsa plástica y 20 litros de jabón líquido,12635.29,EXACT_CONSENSUS,100.0,0.0,0.0,0.0,113,50,4.7e-05,3.26,BOLSA PLÁSTICA,N/A,matched,100.0,NO,13303.56,0.000647,EXITOSO
run_20260726_084433_08a1a2bb,3,daniel_52,daniel,FACIL,RELEVANTE,False,204.35,9.21,0.00066,100.0,0.0,80 KILOS DE GUAYABA Y 15 PORCIONES DE LOMO DE CERDO,80 kilos de guayaba y 15 porciones de lomo de cerdo,2692.13,EXACT_CONSENSUS,100.0,0.0,0.0,0.0,113,50,4.7e-05,2.7,GUAYABA,N/A,matched,100.0,NO,2899.53,0.000707,EXITOSO
run_20260726_084433_08a1a2bb,3,daniel_53,daniel,FACIL,RELEVANTE,False,467.79,11.03,0.00079,100.0,0.0,150 UNIDADES DE EMPAQUE PARA SUBSIDIO Y 90 KILOS DE MANGO,150 unidades de empaque para subsidio y 90 kilos de mango,3400.53,EXACT_CONSENSUS,100.0,0.0,0.0,0.0,113,50,4.7e-05,2.82,EMPAQUE PARA SUBSIDIO,N/A,matched,100.0,NO,3871.34,0.000837,EXITOSO
run_20260726_084433_08a1a2bb,3,daniel_54,daniel,FACIL,RELEVANTE,False,222.16,11.51,0.000825,100.0,0.0,400 UNIDADES DE CUCHILLO PLASTICO Y 60 LITROS DE LECHE DE SOYA,400 unidades de cuchillo plástico y 60 litros de leche de soya,2368.89,EXACT_CONSENSUS,100.0,0.0,0.0,0.0,116,50,4.7e-05,2.15,CUCHILLO PLÁSTICO,N/A,matched,100.0,NO,2593.42,0.000872,EXITOSO
run_20260726_084433_08a1a2bb,3,daniel_55,daniel,FACIL,RELEVANTE,False,424.84,13.44,0.000963,100.0,16.67,70 KILOS DE PINA ORO MIEL Y 250 UNIDADES DE GORRO DESECHABLE,70 kilos de pina oromiel y 250 unidades de gorro desechable,4637.92,EXACT_CONSENSUS,100.0,0.0,0.0,0.0,113,50,4.7e-05,2.58,PINA OROMIEL,N/A,matched,100.0,NO,5065.73,0.00101,EXITOSO
run_20260726_084433_08a1a2bb,3,daniel_56,daniel,FACIL,RELEVANTE,False,420.68,9.94,0.000712,100.0,0.0,95 KILOS DE BROCOLI Y 35 PORCIONES DE SOPA DE VERDURAS,95 kilos de brócoli y 35 porciones de sopa de verduras,2467.35,EXACT_CONSENSUS,100.0,0.0,0.0,0.0,113,50,4.7e-05,2.3,BRÓCOLI,N/A,matched,100.0,NO,2890.49,0.000759,EXITOSO
run_20260726_084433_08a1a2bb,3,daniel_57,daniel,FACIL,RELEVANTE,False,283.95,9.46,0.000678,100.0,0.0,500 UNIDADES DE TAPA PLASTICA Y 130 LITROS DE CLORO,500 unidades de tapa plástica y 130 litros de cloro,2336.49,EXACT_CONSENSUS,100.0,0.0,0.0,0.0,110,50,4.6e-05,2.57,TAPA PLÁSTICA,N/A,matched,100.0,NO,2623.25,0.000724,EXITOSO
run_20260726_084433_08a1a2bb,3,daniel_58,daniel,FACIL,RELEVANTE,False,714.33,8.85,0.000634,100.0,0.0,85 KILOS DE PERA VERDE Y 40 LITROS DE ACEITE DE OLIVA,85 kilos de pera verde y 40 litros de aceite de oliva,2983.07,EXACT_CONSENSUS,100.0,0.0,0.0,0.0,116,50,4.7e-05,2.53,PERA VERDE,N/A,matched,100.0,NO,3700.15,0.000681,EXITOSO
run_20260726_084433_08a1a2bb,3,daniel_59,daniel,FACIL,RELEVANTE,False,441.33,9.21,0.00066,100.0,0.0,220 UNIDADES DE CAJA DE CARTON Y 15 KILOS DE MANTEQUILLA,220 unidades de caja de cartón y 15 kilos de mantequilla,2732.88,EXACT_CONSENSUS,100.0,0.0,0.0,0.0,113,50,4.7e-05,2.66,CAJA DE CARTÓN,N/A,matched,100.0,NO,3177.12,0.000707,EXITOSO
run_20260726_084433_08a1a2bb,3,daniel_60,daniel,FACIL,RELEVANTE,False,245.59,6.8,0.000487,100.0,0.0,150 KILOS DE PAPA CRIOLLA,150 kilos de papa criolla,2912.11,EXACT_CONSENSUS,100.0,0.0,0.0,0.0,100,35,3.6e-05,2.28,PAPA CRIOLLA,N/A,matched,100.0,NO,3160.11,0.000523,EXITOSO
run_20260726_084433_08a1a2bb,3,daniel_61,daniel,FACIL,RELEVANTE,False,205.2,5.71,0.000409,100.0,0.0,80 LITROS DE VINAGRE BLANCO,80 litros de vinagre blanco,2812.44,EXACT_CONSENSUS,100.0,0.0,0.0,0.0,100,35,3.6e-05,2.38,VINAGRE BLANCO,N/A,matched,100.0,NO,3020.23,0.000445,EXITOSO
run_20260726_084433_08a1a2bb,3,daniel_62,daniel,FACIL,RELEVANTE,False,420.33,6.07,0.000435,100.0,0.0,400 UNIDADES DE MECHERO PARA VELA,400 unidades de mechero para vela,1594.96,EXACT_CONSENSUS,100.0,0.0,0.0,0.0,100,35,3.6e-05,3.42,MECHERO PARA VELA,N/A,matched,100.0,NO,2018.89,0.000471,EXITOSO
run_20260726_084433_08a1a2bb,3,daniel_63,daniel,FACIL,RELEVANTE,False,363.47,8.13,0.000583,100.0,0.0,90 KILOS DE DURAZNO EN ALMIBAR,90 kilos de durazno en almíbar,2404.06,EXACT_CONSENSUS,100.0,0.0,0.0,0.0,100,35,3.6e-05,2.4,DURAZNO EN ALMÍBAR,N/A,matched,100.0,NO,2770.15,0.000619,EXITOSO
run_20260726_084433_08a1a2bb,3,daniel_64,daniel,FACIL,RELEVANTE,False,254.9,5.47,0.000392,100.0,0.0,35 PORCIONES DE FILETE DE POLLO,35 porciones de filete de pollo,2984.9,EXACT_CONSENSUS,100.0,0.0,0.0,0.0,100,35,3.6e-05,2.72,FILETE DE POLLO,N/A,matched,100.0,NO,3242.71,0.000428,EXITOSO
run_20260726_084433_08a1a2bb,3,daniel_65,daniel,FACIL,RELEVANTE,False,205.78,8.01,0.000574,100.0,0.0,600 UNIDADES DE CAPUCHON DE PAPEL,600 unidades de capuchón de papel,2725.92,EXACT_CONSENSUS,100.0,0.0,0.0,0.0,100,35,3.6e-05,2.35,CAPUCHÓN DE PAPEL,N/A,matched,100.0,NO,2934.25,0.00061,EXITOSO
run_20260726_084433_08a1a2bb,3,daniel_66,daniel,FACIL,RELEVANTE,False,497.04,6.56,0.00047,100.0,0.0,110 KILOS DE AJO EN POLVO,110 kilos de ajo en polvo,2934.33,EXACT_CONSENSUS,100.0,0.0,0.0,0.0,100,35,3.6e-05,3.15,AJO EN POLVO,N/A,matched,100.0,NO,3434.72,0.000506,EXITOSO
run_20260726_084433_08a1a2bb,3,daniel_67,daniel,FACIL,RELEVANTE,False,498.26,6.8,0.000487,100.0,0.0,75 LITROS DE JUGO DE MARACUYA,75 litros de jugo de maracuyá,2147.54,EXACT_CONSENSUS,100.0,0.0,0.0,0.0,100,35,3.6e-05,3.09,JUGO DE MARACUYÁ,N/A,matched,100.0,NO,2649.08,0.000523,EXITOSO
run_20260726_084433_08a1a2bb,3,daniel_68,daniel,FACIL,RELEVANTE,False,242.89,6.32,0.000453,100.0,0.0,50 PORCIONES DE CARNE MOLIDA,50 porciones de carne molida,3066.38,EXACT_CONSENSUS,100.0,0.0,0.0,0.0,100,35,3.6e-05,2.94,CARNE MOLIDA,N/A,matched,100.0,NO,3312.39,0.000489,EXITOSO
run_20260726_084433_08a1a2bb,3,daniel_70,daniel,MEDIO,RELEVANTE,False,358.13,16.82,0.001205,100.0,4.55,HOLA BUENAS TARDES PARA INFORMAR QUE EN EL ESTANTE TRES TENEMOS 45 KILOS DE AVENA EN HOJUELAS Y 20 LITROS DE MIEL,hola buenas tardes para informar que en el estante 3 tenemos 45 kilos de avena en hojuelas y 20 litros de miel,4990.18,EXACT_CONSENSUS,100.0,0.0,0.0,0.0,146,50,5.2e-05,3.37,AVENA EN HOJUELAS,N/A,matched,100.0,NO,5352.03,0.001257,EXITOSO
run_20260726_084433_08a1a2bb,3,daniel_71,daniel,MEDIO,RELEVANTE,False,613.32,13.32,0.000955,100.0,0.0,DON MARIO REVISANDO EL CONGELADOR HAY 80 PORCIONES DE PESCADO Y 120 KILOS DE ESPINACA,don mario revisando el congelador hay 80 porciones de pescado y 120 kilos de espinaca,3358.29,EXACT_CONSENSUS,100.0,0.0,0.0,0.0,125,50,4.9e-05,2.17,PESCADO,N/A,matched,100.0,NO,3974.02,0.001004,EXITOSO
run_20260726_084433_08a1a2bb,3,daniel_72,daniel,MEDIO,RELEVANTE,False,441.52,17.3,0.00124,100.0,6.25,OIGA MARGARITA ANOTE POR FAVOR SON 300 UNIDADES DE EMPAQUE TERMOFORMADO Y 15 KILOS DE CANELA,oiga margarita anote por favor son 300 unidades de empaque terraformado y 15 kilos de canela,5556.76,EXACT_CONSENSUS,100.0,0.0,0.0,0.0,128,50,4.9e-05,2.54,EMPAQUE TERRAFORMADO,N/A,matched,100.0,NO,6001.05,0.001289,EXITOSO
run_20260726_084433_08a1a2bb,3,daniel_73,daniel,MEDIO,RELEVANTE,False,351.37,17.06,0.001223,100.0,0.0,HOLA CARLOS COMO VAS MIRA AQUI REVISANDO LA BODEGA PRINCIPAL HAY 90 KILOS DE LENTEJA Y 200 LITROS DE VINAGRE,hola carlos cómo vas mira aquí revisando la bodega principal hay 90 kilos de lenteja y 200 litros de vinagre,4141.41,EXACT_CONSENSUS,100.0,0.0,0.0,0.0,140,50,5.1e-05,3.76,LENTEJA,N/A,matched,100.0,NO,4496.75,0.001274,EXITOSO
run_20260726_084433_08a1a2bb,3,daniel_74,daniel,MEDIO,RELEVANTE,False,259.79,14.41,0.001033,100.0,6.25,BUENAS NOCHES EQUIPO CONFIRMO RECEPCION DE 150 UNIDADES DE BANDEJA ICOPOR Y 60 KILOS DE GUISANTES,buenas noches equipo confirmo recepción de 150 unidades de bandeja de icopor y 60 kilos de guisantes,4431.22,EXACT_CONSENSUS,100.0,0.0,0.0,0.0,131,50,5e-05,3.4,BANDEJA DE ICOPOR,N/A,matched,100.0,NO,4694.63,0.001083,EXITOSO
run_20260726_084433_08a1a2bb,3,daniel_75,daniel,MEDIO,RELEVANTE,False,284.28,14.16,0.001015,100.0,0.0,HOLA JEFE YA LLEGARON LOS INSUMOS SON 500 UNIDADES DE PALILLOS DE DIENTES Y 30 LITROS DE SALSA DE TOMATE,hola jefe ya llegaron los insumos son 500 unidades de palillos de dientes y 30 litros de salsa de tomate,4476.46,EXACT_CONSENSUS,100.0,0.0,0.0,0.0,140,50,5.1e-05,2.48,PALILLOS DE DIENTES,N/A,matched,100.0,NO,4763.49,0.001066,EXITOSO
run_20260726_084433_08a1a2bb,3,daniel_76,daniel,MEDIO,RELEVANTE,False,267.43,16.34,0.001171,100.0,0.0,DON ALBERTO REVISE EL SECTOR B Y TENEMOS 70 PORCIONES DE PECHUGA Y 40 KILOS DE LIMA,don alberto revisé el sector b y tenemos 70 porciones de pechuga y 40 kilos de lima,3686.67,EXACT_CONSENSUS,100.0,0.0,0.0,0.0,131,50,5e-05,2.52,PECHUGA,N/A,matched,100.0,NO,3956.83,0.001221,EXITOSO
run_20260726_084433_08a1a2bb,3,daniel_77,daniel,MEDIO,RELEVANTE,False,527.69,23.46,0.001681,100.0,10.0,QUE MAS PUES HERMANO AQUI REPORTANDO EN LA LISTA VAN 250 UNIDADES DE CAPUCHON PLASTICO Y 85 KILOS DE GARBANZO,qué más puede ser hermano aquí reportando en la lista van 250 unidades de capuchón plástico y 85 kilos de garbanzo,4676.07,EXACT_CONSENSUS,100.0,0.0,0.0,0.0,143,50,5.1e-05,2.37,CAPUCHÓN PLÁSTICO,N/A,matched,100.0,NO,5206.39,0.001732,EXITOSO
run_20260726_084433_08a1a2bb,3,daniel_78,daniel,MEDIO,RELEVANTE,False,354.96,12.23,0.000876,100.0,0.0,NIDIA CONFIRMA SI LLEGARON 100 LITROS DE CREMA DE LECHE Y 40 KILOS DE MANI SALADO,nidia confirma si llegaron 100 litros de crema de leche y 40 kilos de maní salado,4161.85,EXACT_CONSENSUS,100.0,0.0,0.0,0.0,128,50,4.9e-05,2.63,CREMA DE LECHE,N/A,matched,100.0,NO,4519.63,0.000925,EXITOSO
run_20260726_084433_08a1a2bb,3,daniel_79,daniel,MEDIO,RELEVANTE,False,505.72,16.94,0.001214,100.0,0.0,BUENOS DIAS ALMACEN DICTO CONTEO RAPIDO 60 PORCIONES DE ARROZ CON POLLO Y 18 KILOS DE OREGANO,buenos días almacén dicto conteo rápido 60 porciones de arroz con pollo y 18 kilos de orégano,4737.08,EXACT_CONSENSUS,100.0,0.0,0.0,0.0,131,50,5e-05,2.37,ARROZ CON POLLO,N/A,matched,100.0,NO,5245.45,0.001264,EXITOSO
run_20260726_084433_08a1a2bb,3,daniel_80,daniel,MEDIO,RELEVANTE,False,671.36,21.29,0.001526,100.0,0.0,HOLA A TODOS ESPERO ESTEN BIEN REVISANDO HOY SE INGRESAN 500 UNIDADES DE POPOTE BIO Y 75 LITROS DE DESINFECTANTE,hola a todos espero estén bien revisando hoy se ingresan 500 unidades de popote bio y 75 litros de desinfectante,4842.63,EXACT_CONSENSUS,100.0,0.0,0.0,0.0,140,50,5.1e-05,2.57,POPOTE BIO,N/A,matched,100.0,NO,5516.91,0.001577,EXITOSO
run_20260726_084433_08a1a2bb,3,daniel_81,daniel,MEDIO,RELEVANTE,False,224.14,17.18,0.001231,100.0,5.88,SENOR LUCHO ME DICE SI COPIO 35 KILOS DE UVA PASA Y 120 PORCIONES DE PASTA BOLOGNESA,señor lucho me dice si copió 35 kilos de uva pasa y 120 porciones de pasta boloñesa,4248.63,EXACT_CONSENSUS,100.0,0.0,0.0,0.0,131,50,5e-05,2.62,UVA PASA,N/A,matched,100.0,NO,4475.63,0.001281,EXITOSO
run_20260726_084433_08a1a2bb,3,daniel_82,daniel,MEDIO,RELEVANTE,False,249.77,16.94,0.001214,100.0,0.0,CHICOS REVISEN LA SECCION DE ASEO HAY 90 LITROS DE JABON MULTIUSOS Y 400 UNIDADES DE ESPONJA,chicos revisen la sección de aseo hay 90 litros de jabón multiusos y 400 unidades de esponja,4497.34,EXACT_CONSENSUS,100.0,0.0,0.0,0.0,131,50,5e-05,2.73,JABÓN MULTIUSOS,N/A,matched,100.0,NO,4750.15,0.001264,EXITOSO
run_20260726_084433_08a1a2bb,3,daniel_83,daniel,MEDIO,RELEVANTE,False,444.65,17.43,0.001249,100.0,6.25,HOLA LINA DICTO INVENTARIO DE REFRIGERADOR 65 KILOS DE QUESO MOZZARELLA Y 25 LITROS DE YOGURT,hola lina dicto inventario de refrigerador 65 kilos de queso mozzarella y 25 litros de yogur,5128.55,EXACT_CONSENSUS,100.0,0.0,0.0,0.0,128,50,4.9e-05,2.44,QUESO MOZZARELLA,N/A,matched,100.0,NO,5575.91,0.001298,EXITOSO
run_20260726_084433_08a1a2bb,3,daniel_84,daniel,MEDIO,RELEVANTE,False,493.06,17.55,0.001258,100.0,0.0,DON ROBERTO BUENAS TARDES TENEMOS EN STOCK 180 UNIDADES DE ENVASE ALUMINIO Y 50 KILOS DE AVENA,don roberto buenas tardes tenemos en stock 180 unidades de envase aluminio y 50 kilos de avena,5251.75,EXACT_CONSENSUS,100.0,0.0,0.0,0.0,131,50,5e-05,2.44,ENVASE ALUMINIO,N/A,matched,100.0,NO,5747.53,0.001308,EXITOSO
run_20260726_084433_08a1a2bb,3,daniel_85,daniel,MEDIO,OMITIR,True,490.36,13.08,0.000937,0.0,0.0,HOLA AMIGOS COMO ESTAN HACE MUCHO CALOR HOY PERO SEGUIMOS CON EL CONTEO,hola amigos cómo están hace mucho calor hoy pero seguimos con el conteo,6135.23,EXACT_CONSENSUS,100.0,100.0,100.0,100.0,119,30,3.6e-05,0.0,N/A,N/A,OMITIDO,0.0,NO,6625.71,0.000973,EXITOSO
run_20260726_084433_08a1a2bb,3,daniel_86,daniel,MEDIO,OMITIR,True,370.39,12.72,0.000912,0.0,0.0,DON PEDRO ME ESCUCHA BUENOS DIAS SOLO QUERIA SALUDAR Y SABER A QUE HORA LLEGA EL CAMION,don pedro me escucha buenos días solo quería saludar y saber a qué hora llega el camión,6963.18,EXACT_CONSENSUS,100.0,100.0,100.0,100.0,131,30,3.8e-05,0.0,N/A,N/A,OMITIDO,0.0,NO,7333.66,0.00095,EXITOSO
run_20260726_084433_08a1a2bb,3,daniel_88,daniel,MEDIO,RELEVANTE,False,517.04,16.22,0.001162,100.0,5.88,HOLA MARIA CONFIRMO QUE LLEGARON 300 UNIDADES DE BOLSA PAPEL KRAFT Y 40 KILOS DE COCO RALLADO,hola maría confirmo que llegaron 300 unidades de bolsa papel craft y 40 kilos de coco rallado,4331.41,EXACT_CONSENSUS,100.0,0.0,0.0,0.0,131,50,5e-05,2.15,BOLSA PAPEL CRAFT,N/A,matched,100.0,NO,4850.87,0.001212,EXITOSO
run_20260726_084433_08a1a2bb,3,daniel_89,daniel,MEDIO,RELEVANTE,False,255.05,13.44,0.000963,100.0,0.0,SALUDOS A TODOS REGISTRO 95 LITROS DE JUGO DE MORA Y 50 PORCIONES DE CARNE DESMECHADA,saludos a todos registro 95 litros de jugo de mora y 50 porciones de carne desmechada,3995.34,EXACT_CONSENSUS,100.0,0.0,0.0,0.0,128,50,4.9e-05,2.09,JUGO DE MORA,N/A,matched,100.0,NO,4252.71,0.001012,EXITOSO
run_20260726_084433_08a1a2bb,3,daniel_90,daniel,MEDIO,RELEVANTE,False,466.69,15.86,0.001137,100.0,5.56,OIGA ANDRES REVISE EL ESTANTE CUATRO HAY 40 KILOS DE AJONJOLI Y 12 LITROS DE ESENCIA DE VAINILLA,oiga andrés revise el estante 4 hay 40 kilos de ajonjolí y 12 litros de esencia de vainilla,3861.09,EXACT_CONSENSUS,100.0,0.0,0.0,0.0,134,50,5e-05,2.52,AJONJOLÍ,N/A,matched,100.0,NO,4330.53,0.001187,EXITOSO
run_20260726_084433_08a1a2bb,3,daniel_91,daniel,MEDIO,RELEVANTE,False,288.46,13.68,0.00098,100.0,6.67,BUENAS DIAS CONFIRMO QUE TENEMOS 220 UNIDADES DE VASO CARTON Y 70 KILOS DE CAMOTE,buenos días confirmo que tenemos 220 unidades de vaso cartón y 70 kilos de camote,4268.79,EXACT_CONSENSUS,100.0,0.0,0.0,0.0,125,50,4.9e-05,3.19,VASO CARTÓN,N/A,matched,100.0,NO,4560.68,0.001029,EXITOSO
run_20260726_084433_08a1a2bb,3,daniel_92,daniel,MEDIO,RELEVANTE,False,628.25,15.01,0.001076,100.0,0.0,DON FELIPE LE INFORMO QUE SE CONTARON 85 PORCIONES DE EMBUTIDO Y 30 LITROS DE SIROPE,don felipe le informo que se contaron 85 porciones de embutido y 30 litros de sirope,4802.5,EXACT_CONSENSUS,100.0,0.0,0.0,0.0,128,50,4.9e-05,2.17,EMBUTIDO,N/A,matched,100.0,NO,5433.15,0.001125,EXITOSO
run_20260726_084433_08a1a2bb,3,daniel_93,daniel,MEDIO,OMITIR,True,946.42,12.84,0.00092,0.0,0.0,CHICOS NO OLVIDEN QUE HOY HAY REUNION A LAS CUATRO DE LA TARDE EN LA SALA PRINCIPAL,chicos no olviden que hoy hay reunión a las 4 de la tarde en la sala principal,5613.4,EXACT_CONSENSUS,100.0,100.0,100.0,100.0,131,30,3.8e-05,0.0,N/A,N/A,OMITIDO,0.0,NO,6559.92,0.000958,EXITOSO
run_20260726_084433_08a1a2bb,3,daniel_94,daniel,MEDIO,RELEVANTE,False,414.85,17.79,0.001275,100.0,0.0,HOLA DIANA POR FAVOR ANOTA 400 UNIDADES DE MECHA PARA TRAPEADOR Y 50 LITROS DE CERA,hola diana por favor anota 400 unidades de mecha para trapeador y 50 litros de cera,3990.72,EXACT_CONSENSUS,100.0,0.0,0.0,0.0,128,50,4.9e-05,2.42,MECHA PARA TRAPEADOR,N/A,matched,100.0,NO,4408.19,0.001324,EXITOSO
run_20260726_084433_08a1a2bb,3,daniel_95,daniel,DIFICIL,RELEVANTE,False,1082.46,24.19,0.001734,100.0,0.0,PARCE SE CAYO UNA CAJA ESPERA REVISO BUENO DICTE AHI 50 KILOS DE ATUN Y 300 UNIDADES DE LATA,parce se cayó una caja espera reviso bueno dicte ahí 50 kilos de atún y 300 unidades de lata,6567.11,EXACT_CONSENSUS,100.0,0.0,0.0,0.0,137,50,5.1e-05,2.98,ATÚN,N/A,matched,100.0,NO,7652.84,0.001785,EXITOSO
run_20260726_084433_08a1a2bb,3,daniel_96,daniel,DIFICIL,RELEVANTE,False,1284.28,32.16,0.002305,100.0,5.26,QUE DIJO NO SE LE ESCUCHA BIEN AH YA DIJO 150 LITROS DE ACEITE Y 80 KILOS DE MAIZ,qué dijo que no se le escucha bien ah ya dijo 150 litros de aceite y 80 kilos de maíz,3573.18,EXACT_CONSENSUS,100.0,0.0,0.0,0.0,140,50,5.1e-05,2.56,ACEITE,N/A,matched,100.0,NO,4860.3,0.002356,EXITOSO
run_20260726_084433_08a1a2bb,3,daniel_98,daniel,DIFICIL,RELEVANTE,False,220.93,44.47,0.003187,100.0,0.0,ESPERA ESPERA QUE PASE EL CAMION BUENO 600 UNIDADES DE VASO TERMICO Y 20 KILOS DE CHOCOLATE,espera espera que pase el camión bueno 600 unidades de vaso térmico y 20 kilos de chocolate,2318.34,EXACT_CONSENSUS,100.0,0.0,0.0,0.0,131,50,5e-05,3.23,VASO TÉRMICO,N/A,matched,100.0,NO,2542.97,0.003237,EXITOSO
run_20260726_084433_08a1a2bb,3,daniel_99,daniel,DIFICIL,RELEVANTE,False,468.05,22.98,0.001647,100.0,4.35,PARCE TENGO UN HAMBRE TERRIBLE VAMOS A ALMORZAR YA CASI PERO PRIMERO DICTE 40 KILOS DE CAMARON Y 100 PORCIONES DE ARROZ CHAUFA,parce tengo un hambre terrible vamos a almorzar ya casi pero 1º dicte 40 kilos de camarón y 100 porciones de arroz chaufa,5613.45,EXACT_CONSENSUS,100.0,0.0,0.0,0.0,149,50,5.2e-05,1.97,CAMARÓN,N/A,matched,100.0,NO,6083.91,0.001699,EXITOSO
run_20260726_084433_08a1a2bb,3,daniel_100,daniel,DIFICIL,RELEVANTE,False,514.9,19.12,0.00137,100.0,0.0,OIGA APAGUE ESO NO SE OYE NADA A VER 35 LITROS DE SALSA DE SOYA Y 500 UNIDADES DE CAJAS,oiga apagué eso no se oye nada a ver 35 litros de salsa de soya y 500 unidades de cajas,7562.33,EXACT_CONSENSUS,100.0,0.0,0.0,0.0,140,50,5.1e-05,2.16,SALSA DE SOYA,N/A,matched,100.0,NO,8079.67,0.001421,EXITOSO
run_20260726_084433_08a1a2bb,3,daniel_101,daniel,DIFICIL,RELEVANTE,False,576.91,23.1,0.001656,100.0,3.57,CHISME DE PASILLO Y ENTONCES LE DIJO QUE NO Y ELLA SE FUE AJA BUENO ESPERA QUE ESTOY GRABANDO 120 KILOS DE YUCA Y 40 PORCIONES DE SANCOCHO,chisme de pasillo y entonces le dije que no y ella se fue ajá bueno espera que estoy grabando 120 kilos de yuca y 40 porciones de sancocho,4037.39,EXACT_CONSENSUS,100.0,0.0,0.0,0.0,164,50,5.5e-05,3.22,YUCA,N/A,matched,100.0,NO,4617.9,0.001711,EXITOSO
run_20260726_084433_08a1a2bb,3,daniel_102,daniel,DIFICIL,RELEVANTE,False,238.43,28.65,0.002053,100.0,6.25,ESPERA QUE PASE LA SIRENA LISTO ANOTA 70 KILOS DE MANGO Y 200 UNIDADES DE ETIQUETA,espera a que pase la sirena listo anota 70 kilos de mango y 200 unidades de etiqueta,3637.2,EXACT_CONSENSUS,100.0,0.0,0.0,0.0,131,50,5e-05,3.91,MANGO,N/A,matched,100.0,NO,3879.76,0.002103,EXITOSO
run_20260726_084433_08a1a2bb,3,daniel_104,daniel,DIFICIL,RELEVANTE,False,966.41,24.91,0.001785,100.0,0.0,OIGA DON JOSE SE LE OLVIDO EL CASCO ESPERA SE LO LLEVO YA VUELVO BUENO ANOTE AHI 450 UNIDADES DE PITILLO Y 60 KILOS DE LENTEJA,oiga don josé se le olvidó el casco espera se lo llevo ya vuelvo bueno anote ahí 450 unidades de pitillo y 60 kilos de lenteja,4115.25,EXACT_CONSENSUS,100.0,0.0,0.0,0.0,158,50,5.4e-05,3.26,PITILLO,N/A,matched,100.0,NO,5085.24,0.001839,EXITOSO
run_20260726_084433_08a1a2bb,3,daniel_105,daniel,DIFICIL,RELEVANTE,False,243.64,31.91,0.002287,100.0,56.52,RUIDO DE VENTILADOR FUERTE Y SUSURROS AL FONDO NO SE ENTIENDE CASI A VER 110 KILOS DE FRITO Y 30 PORCIONES DE ENSALADA,a ver 110 kilos de frito y 70 porciones de ensalada,3342.93,EXACT_CONSENSUS,100.0,0.0,0.0,0.0,113,50,4.7e-05,2.16,FRITO,N/A,matched,100.0,NO,3588.92,0.002334,EXITOSO
run_20260726_084433_08a1a2bb,3,daniel_108,daniel,DIFICIL,OMITIR,True,401.61,13.44,0.000963,0.0,0.0,PARCE ME DA UN CAFE POR FAVOR GRACIAS OIGA ESTOY HABLANDO CON EL MESERO NO CON LA GRABADORA,parce me da un café por favor gracias oiga estoy hablando con el mesero no con la grabadora,10934.91,EXACT_CONSENSUS,100.0,0.0,0.0,0.0,134,35,4.1e-05,264.15,CAFÉ,N/A,OMITIDO,0.0,NO,11600.8,0.001004,EXITOSO
run_20260726_084433_08a1a2bb,3,daniel_110,daniel,DIFICIL,OMITIR,True,409.47,14.04,0.001006,0.0,0.0,,,0.0,EXACT_CONSENSUS,100.0,100.0,100.0,100.0,100,30,3.3e-05,0.0,N/A,N/A,OMITIDO,0.0,NO,409.52,0.001039,EXITOSO
run_20260726_084433_08a1a2bb,3,daniel_111,daniel,DIFICIL,OMITIR,True,290.63,16.94,0.001214,0.0,0.0,QUE PASO AHI SE CAYO EL ESTANTE PARCE QUE DESASTRE,qué pasó ahí se cayó el estante parce qué desastre,3261.06,EXACT_CONSENSUS,100.0,100.0,100.0,100.0,110,30,3.4e-05,0.0,N/A,N/A,OMITIDO,0.0,NO,3551.84,0.001248,EXITOSO
run_20260726_084433_08a1a2bb,3,daniel_112,daniel,DIFICIL,OMITIR,True,540.68,18.39,0.001318,0.0,0.0,CUIDADO CON EL MONTACARGAS ESPERA FRENEN ESO,cuidado con el montacargas espera frena eso,5545.67,EXACT_CONSENSUS,100.0,100.0,100.0,100.0,101,30,3.3e-05,0.0,N/A,N/A,OMITIDO,0.0,NO,6086.45,0.001351,EXITOSO
run_20260726_084433_08a1a2bb,4,adriana_1,adriana,FACIL,RELEVANTE,False,1072.81,6.74,0.000483,100.0,0.0,150 KILOS DE ARROZ,150 kilos de arroz,6604.12,EXACT_CONSENSUS,100.0,0.0,0.0,0.0,100,35,3.6e-05,2.79,ARROZ,N/A,matched,100.0,NO,7679.86,0.000519,EXITOSO
run_20260726_084433_08a1a2bb,4,adriana_2,adriana,FACIL,RELEVANTE,False,965.28,7.8,0.000559,100.0,0.0,220 KILOS DE AZUCAR RUBIA,220 kilos de azúcar rubia,1743.36,EXACT_CONSENSUS,100.0,0.0,0.0,0.0,100,35,3.6e-05,2.5,AZÚCAR RUBIA,N/A,matched,100.0,NO,2711.27,0.000595,EXITOSO
run_20260726_084433_08a1a2bb,4,adriana_3,adriana,FACIL,RELEVANTE,False,1073.56,6.07,0.000435,100.0,0.0,75 LITROS DE ACEITE,75 litros de aceite,5933.76,EXACT_CONSENSUS,100.0,0.0,0.0,0.0,100,35,3.6e-05,2.42,ACEITE,N/A,matched,100.0,NO,7009.86,0.000471,EXITOSO
run_20260726_084433_08a1a2bb,4,adriana_4,adriana,FACIL,RELEVANTE,False,1063.38,6.84,0.00049,100.0,0.0,12 LITROS DE ACEITE DE AJONJOLI,12 litros de aceite de ajonjolí,3411.21,EXACT_CONSENSUS,100.0,0.0,0.0,0.0,100,35,3.6e-05,2.6,ACEITE DE AJONJOLÍ,N/A,matched,100.0,NO,4477.29,0.000526,EXITOSO
run_20260726_084433_08a1a2bb,4,adriana_5,adriana,FACIL,RELEVANTE,False,1051.79,6.07,0.000435,100.0,0.0,18 LITROS DE ACEITE DE OLIVA,18 litros de aceite de oliva,3595.44,EXACT_CONSENSUS,100.0,0.0,0.0,0.0,100,35,3.6e-05,2.23,ACEITE DE OLIVA,N/A,matched,100.0,NO,4649.64,0.000471,EXITOSO
run_20260726_084433_08a1a2bb,4,adriana_6,adriana,FACIL,RELEVANTE,False,1110.05,6.55,0.000469,100.0,0.0,35 UNIDADES DE ACEITE DE OLIVA EN SOBRES,35 unidades de aceite de oliva en sobres,3881.81,EXACT_CONSENSUS,100.0,0.0,0.0,0.0,104,35,3.7e-05,2.25,ACEITE DE OLIVA,N/A,matched,100.0,NO,4994.22,0.000506,EXITOSO
run_20260726_084433_08a1a2bb,4,adriana_7,adriana,FACIL,RELEVANTE,False,977.02,5.59,0.000401,100.0,0.0,22 KILOS DE ACHIOTE MOLIDO,22 kilos de achiote molido,4323.98,EXACT_CONSENSUS,100.0,0.0,0.0,0.0,100,35,3.6e-05,3.31,ACHIOTE MOLIDO,N/A,matched,100.0,NO,5304.44,0.000437,EXITOSO
run_20260726_084433_08a1a2bb,4,adriana_8,adriana,FACIL,RELEVANTE,False,969.86,6.36,0.000456,100.0,0.0,16 LITROS DE ADEREZO DE QUESO CHEDDAR,16 litros de aderezo de queso cheddar,2895.79,EXACT_CONSENSUS,100.0,0.0,0.0,0.0,101,35,3.6e-05,3.64,ADEREZO DE QUESO CHEDDAR,N/A,matched,100.0,NO,3869.6,0.000492,EXITOSO
run_20260726_084433_08a1a2bb,4,adriana_9,adriana,FACIL,RELEVANTE,False,259.89,7.41,0.000531,100.0,0.0,240 UNIDADES DE AGUA DE 280 MILILITROS,240 unidades de agua de 280 mililitros,3319.01,EXACT_CONSENSUS,100.0,0.0,0.0,0.0,101,35,3.6e-05,2.17,AGUA,N/A,matched,100.0,NO,3581.21,0.000567,EXITOSO
run_20260726_084433_08a1a2bb,4,adriana_10,adriana,FACIL,RELEVANTE,False,165.85,7.51,0.000538,100.0,0.0,520 UNIDADES DE AGUA EN BOTELLA,520 unidades de agua en botella,8013.53,EXACT_CONSENSUS,100.0,0.0,0.0,0.0,100,35,3.6e-05,2.77,AGUA EN BOTELLA,N/A,matched,100.0,NO,8182.44,0.000574,EXITOSO
run_20260726_084433_08a1a2bb,4,adriana_11,adriana,FACIL,RELEVANTE,False,263.52,8.37,0.0006,100.0,50.0,430 UNIDADES DE AGUA SABORIZADA H2O,430 unidades de agua saborizada h 2 o,2615.97,EXACT_CONSENSUS,100.0,0.0,0.0,0.0,104,35,3.7e-05,2.55,AGUA SABORIZADA H 2 O,N/A,matched,100.0,NO,2882.26,0.000637,EXITOSO
run_20260726_084433_08a1a2bb,4,adriana_12,adriana,FACIL,RELEVANTE,False,392.03,8.56,0.000613,100.0,16.67,680 UNIDADES DE AGUA WAIRA SABORIZADA,680 unidades de agua guaira saborizada,1741.02,EXACT_CONSENSUS,100.0,0.0,0.0,0.0,100,35,3.6e-05,2.54,AGUA GUAIRA SABORIZADA,N/A,matched,100.0,NO,2135.75,0.000649,EXITOSO
run_20260726_084433_08a1a2bb,4,adriana_13,adriana,FACIL,RELEVANTE,False,313.29,6.36,0.000456,100.0,0.0,15 LITROS DE AGUARDIENTE AMARILLO PIONERO,15 litros de aguardiente amarillo pionero,3008.56,EXACT_CONSENSUS,100.0,0.0,0.0,0.0,100,35,3.6e-05,2.13,AGUARDIENTE AMARILLO PIONERO,N/A,matched,100.0,NO,3324.14,0.000492,EXITOSO
run_20260726_084433_08a1a2bb,4,adriana_14,adriana,FACIL,RELEVANTE,False,161.49,5.97,0.000428,100.0,0.0,9 LITROS DE AGUARDIENTE ANTIOQUENO SIN AZUCAR,9 litros de aguardiente antioqueño sin azúcar,2417.63,EXACT_CONSENSUS,100.0,0.0,0.0,0.0,101,35,3.6e-05,2.72,AGUARDIENTE ANTIOQUEÑO SIN AZÚCAR,N/A,matched,100.0,NO,2582.05,0.000464,EXITOSO
run_20260726_084433_08a1a2bb,4,adriana_15,adriana,FACIL,RELEVANTE,False,175.7,6.74,0.000483,100.0,0.0,7 LITROS DE AGUARDIENTE ANTIOQUENO ROJO,7 litros de aguardiente antioqueño rojo,3168.34,EXACT_CONSENSUS,100.0,0.0,0.0,0.0,100,35,3.6e-05,2.91,AGUARDIENTE ANTIOQUEÑO ROJO,N/A,matched,100.0,NO,3347.14,0.000519,EXITOSO
run_20260726_084433_08a1a2bb,4,adriana_16,adriana,FACIL,RELEVANTE,False,259.18,6.45,0.000462,100.0,0.0,18 LITROS DE AGUARDIENTE NECTAR CLUB,18 litros de aguardiente néctar club,2439.52,EXACT_CONSENSUS,100.0,0.0,0.0,0.0,100,35,3.6e-05,2.5,AGUARDIENTE NÉCTAR CLUB,N/A,matched,100.0,NO,2701.4,0.000498,EXITOSO
run_20260726_084433_08a1a2bb,4,adriana_17,adriana,FACIL,RELEVANTE,False,430.41,4.82,0.000345,100.0,0.0,25 KILOS DE AJO,25 kilos de ajo,2174.52,EXACT_CONSENSUS,100.0,0.0,0.0,0.0,100,35,3.6e-05,1.99,AJO,N/A,matched,100.0,NO,2607.09,0.000381,EXITOSO
run_20260726_084433_08a1a2bb,4,adriana_18,adriana,FACIL,RELEVANTE,False,289.08,5.88,0.000421,100.0,0.0,6 KILOS DE AJO GRANULADO,6 kilos de ajo granulado,2524.14,EXACT_CONSENSUS,100.0,0.0,0.0,0.0,100,35,3.6e-05,2.71,AJO GRANULADO,N/A,matched,100.0,NO,2816.09,0.000457,EXITOSO
run_20260726_084433_08a1a2bb,4,adriana_19,adriana,FACIL,RELEVANTE,False,271.26,6.26,0.000449,100.0,0.0,14 KILOS DE AJONJOLI,14 kilos de ajonjolí,2859.37,EXACT_CONSENSUS,100.0,0.0,0.0,0.0,100,35,3.6e-05,2.86,AJONJOLÍ,N/A,matched,100.0,NO,3133.64,0.000485,EXITOSO
run_20260726_084433_08a1a2bb,4,adriana_20,adriana,FACIL,RELEVANTE,False,281.22,6.26,0.000449,100.0,0.0,45 KILOS DE ALAS DE POLLO,45 kilos de alas de pollo,2793.96,EXACT_CONSENSUS,100.0,0.0,0.0,0.0,100,35,3.6e-05,2.06,ALAS DE POLLO,N/A,matched,100.0,NO,3077.43,0.000485,EXITOSO
run_20260726_084433_08a1a2bb,4,adriana_21,adriana,FACIL,RELEVANTE,False,167.57,7.03,0.000504,100.0,0.0,28 KILOS DE ALAS DE POLLO BBQ,28 kilos de alas de pollo bbq,1799.32,EXACT_CONSENSUS,100.0,0.0,0.0,0.0,101,35,3.6e-05,2.41,ALAS DE POLLO BBQ,N/A,matched,100.0,NO,1969.47,0.00054,EXITOSO
run_20260726_084433_08a1a2bb,4,adriana_22,adriana,FACIL,RELEVANTE,False,301.74,4.63,0.000332,100.0,0.0,16 KILOS DE ALBACON,16 kilos de albacón,3494.62,EXACT_CONSENSUS,100.0,0.0,0.0,0.0,100,35,3.6e-05,3.21,ALBACÓN,N/A,matched,100.0,NO,3799.73,0.000368,EXITOSO
run_20260726_084433_08a1a2bb,4,adriana_23,adriana,FACIL,RELEVANTE,False,264.63,5.68,0.000407,100.0,0.0,12 KILOS DE ALCAPARRAS EN FRASCO,12 kilos de alcaparras en frasco,2390.82,EXACT_CONSENSUS,100.0,0.0,0.0,0.0,100,35,3.6e-05,3.0,ALCAPARRAS EN FRASCO,N/A,matched,100.0,NO,2658.7,0.000443,EXITOSO
run_20260726_084433_08a1a2bb,4,adriana_24,adriana,FACIL,RELEVANTE,False,515.05,4.53,0.000325,100.0,0.0,9 KILOS DE ALMENDRAS,9 kilos de almendras,3040.61,EXACT_CONSENSUS,100.0,0.0,0.0,0.0,100,35,3.6e-05,3.01,ALMENDRAS,N/A,matched,100.0,NO,3558.86,0.000361,EXITOSO
run_20260726_084433_08a1a2bb,4,adriana_25,adriana,FACIL,RELEVANTE,False,279.44,4.44,0.000318,100.0,0.0,18 KILOS DE APANADO,18 kilos de apanado,4609.28,EXACT_CONSENSUS,100.0,0.0,0.0,0.0,100,35,3.6e-05,2.54,APANADO,N/A,matched,100.0,NO,4891.46,0.000354,EXITOSO
run_20260726_084433_08a1a2bb,4,adriana_26,adriana,FACIL,RELEVANTE,False,636.82,7.7,0.000552,100.0,0.0,85 KILOS DE APIO,85 kilos de apio,3034.24,EXACT_CONSENSUS,100.0,0.0,0.0,0.0,100,35,3.6e-05,2.1,APIO,N/A,matched,100.0,NO,3673.33,0.000588,EXITOSO
run_20260726_084433_08a1a2bb,4,adriana_27,adriana,FACIL,RELEVANTE,False,161.6,4.34,0.000311,100.0,25.0,24 KILOS DE ARANDANOS,24 kilos de arándano,2812.58,EXACT_CONSENSUS,100.0,0.0,0.0,0.0,100,35,3.6e-05,2.97,ARÁNDANO,N/A,matched,100.0,NO,2977.34,0.000347,EXITOSO
run_20260726_084433_08a1a2bb,4,adriana_28,adriana,FACIL,RELEVANTE,False,265.28,5.68,0.000407,100.0,0.0,450 UNIDADES DE AREPA DE HUEVO,450 unidades de arepa de huevo,2836.96,EXACT_CONSENSUS,100.0,0.0,0.0,0.0,100,35,3.6e-05,2.58,AREPA DE HUEVO,N/A,matched,100.0,NO,3105.03,0.000443,EXITOSO
run_20260726_084433_08a1a2bb,4,adriana_29,adriana,FACIL,RELEVANTE,False,247.52,5.01,0.000359,100.0,0.0,380 UNIDADES DE AREPA DE QUESO,380 unidades de arepa de queso,2899.61,EXACT_CONSENSUS,100.0,0.0,0.0,0.0,100,35,3.6e-05,2.8,AREPA DE QUESO,N/A,matched,100.0,NO,3150.13,0.000395,EXITOSO
run_20260726_084433_08a1a2bb,4,adriana_30,adriana,FACIL,RELEVANTE,False,255.12,5.59,0.000401,100.0,0.0,650 UNIDADES DE AREPA PAISA,650 unidades de arepa paisa,2487.53,EXACT_CONSENSUS,100.0,0.0,0.0,0.0,100,35,3.6e-05,2.93,AREPA PAISA,N/A,matched,100.0,NO,2745.86,0.000437,EXITOSO
run_20260726_084433_08a1a2bb,4,adriana_31,adriana,FACIL,RELEVANTE,False,274.85,6.16,0.000441,100.0,0.0,120 UNIDADES DE AROMATICAS EN SOBRES,120 unidades de aromáticas en sobres,3173.33,EXACT_CONSENSUS,100.0,0.0,0.0,0.0,100,35,3.6e-05,3.45,AROMÁTICAS EN SOBRES,N/A,matched,100.0,NO,3451.86,0.000477,EXITOSO
run_20260726_084433_08a1a2bb,4,adriana_32,adriana,FACIL,RELEVANTE,False,255.14,4.82,0.000345,100.0,0.0,260 KILOS DE ARROZ,260 kilos de arroz,2858.22,EXACT_CONSENSUS,100.0,0.0,0.0,0.0,100,35,3.6e-05,3.22,ARROZ,N/A,matched,100.0,NO,3116.74,0.000381,EXITOSO
run_20260726_084433_08a1a2bb,4,adriana_33,adriana,FACIL,RELEVANTE,False,163.3,5.88,0.000421,100.0,0.0,18 KILOS DE ARROZ BASMATI,18 kilos de arroz basmatí,3180.25,EXACT_CONSENSUS,100.0,0.0,0.0,0.0,100,35,3.6e-05,2.92,ARROZ BASMATÍ,N/A,matched,100.0,NO,3346.63,0.000457,EXITOSO
run_20260726_084433_08a1a2bb,4,adriana_34,adriana,FACIL,RELEVANTE,False,249.86,5.4,0.000387,100.0,0.0,420 KILOS DE ARROZ FEDERAL,420 kilos de arroz federal,2666.38,EXACT_CONSENSUS,100.0,0.0,0.0,0.0,100,35,3.6e-05,2.8,ARROZ FEDERAL,N/A,matched,100.0,NO,2919.21,0.000423,EXITOSO
run_20260726_084433_08a1a2bb,4,adriana_35,adriana,FACIL,RELEVANTE,False,261.04,5.97,0.000428,100.0,0.0,38 KILOS DE ARVEJA AMARILLA,38 kilos de arveja amarilla,3447.72,EXACT_CONSENSUS,100.0,0.0,0.0,0.0,100,35,3.6e-05,2.91,ARVEJA AMARILLA,N/A,matched,100.0,NO,3711.82,0.000464,EXITOSO
run_20260726_084433_08a1a2bb,4,adriana_36,adriana,MEDIO,RELEVANTE,False,293.62,11.64,0.000834,100.0,23.08,ANOTA TRES CALDEROS RECORD QUINCE PLATOS BLANCOS CUADRADOS Y OCHO CINTAS DE SELLAMIENTO,anota 3 calderos récord 15 platos blancos cuadrados y 8 cintas de sellamiento,3305.41,EXACT_CONSENSUS,100.0,0.0,0.0,0.0,119,65,5.7e-05,2.2,CALDEROS RÉCORD,N/A,matched,100.0,NO,3601.44,0.000891,EXITOSO
run_20260726_084433_08a1a2bb,4,adriana_37,adriana,MEDIO,RELEVANTE,False,180.02,15.28,0.001095,100.0,27.78,REGISTRA DIEZ CAJAS DE IBUPROFENO DE OCHOCIENTOS MILIGRAMOS DOCE CAZUELAS DE DIECISEIS ONZAS Y VEINTE PLATOS BLANCOS CUADRADOS,registra 10 cajas de ibuprofeno de 800 miligramos 12 cazuelas de 16 onzas y 20 platos blancos cuadrados,3049.64,EXACT_CONSENSUS,100.0,0.0,0.0,0.0,134,65,5.9e-05,2.63,IBUPROFENO DE 800 MILIGRAMOS,N/A,matched,100.0,NO,3232.59,0.001154,EXITOSO
run_20260726_084433_08a1a2bb,4,adriana_38,adriana,MEDIO,RELEVANTE,False,530.81,13.46,0.000965,100.0,23.08,TENEMOS CINCO CALDEROS RECORD TREINTA CINTAS DE SELLAMIENTO Y NUEVE PLATOS BLANCOS CUADRADOS,tenemos 5 calderos récord 30 cintas de sellamiento y 9 platos blancos cuadrados,3305.89,EXACT_CONSENSUS,100.0,0.0,0.0,0.0,119,65,5.7e-05,3.2,CALDEROS RÉCORD,N/A,matched,100.0,NO,3840.13,0.001022,EXITOSO
run_20260726_084433_08a1a2bb,4,adriana_39,adriana,MEDIO,RELEVANTE,False,176.09,11.44,0.00082,100.0,26.67,ENCONTRAMOS VEINTE CAZUELAS DE DIECISEIS ONZAS SEIS CAJAS DE IBUPROFENO Y QUINCE PLATOS BLANCOS CUADRADOS,encontramos 20 cazuelas de 16 onzas 6 cajas de ibuprofeno y 15 platos blancos cuadrados,7362.04,EXACT_CONSENSUS,100.0,0.0,0.0,0.0,125,65,5.8e-05,2.36,CAZUELAS,N/A,matched,100.0,NO,7540.73,0.000878,EXITOSO
run_20260726_084433_08a1a2bb,4,adriana_40,adriana,MEDIO,RELEVANTE,False,269.94,10.39,0.000745,100.0,15.38,ANOTA UN CALDERO RECORD DIEZ CINTAS DE SELLAMIENTO Y TREINTA PLATOS BLANCOS CUADRADOS,anota un caldero récord 10 cintas de sellamiento y 30 platos blancos cuadrados,4168.26,EXACT_CONSENSUS,100.0,0.0,0.0,0.0,119,65,5.7e-05,2.98,CALDERO,N/A,matched,100.0,NO,4441.46,0.000802,EXITOSO
run_20260726_084433_08a1a2bb,4,adriana_41,adriana,MEDIO,RELEVANTE,False,181.81,11.44,0.00082,100.0,26.67,REGISTRA NUEVE CAJAS DE IBUPROFENO OCHO PLATOS BLANCOS CUADRADOS Y CINCO CAZUELAS DE DIECISEIS ONZAS,registra 9 cajas de ibuprofeno 8 platos blancos cuadrados y 5 cazuelas de 16 onzas,3502.91,EXACT_CONSENSUS,100.0,0.0,0.0,0.0,125,65,5.8e-05,1.9,IBUPROFENO,N/A,matched,100.0,NO,3686.88,0.000878,EXITOSO
run_20260726_084433_08a1a2bb,4,adriana_42,adriana,MEDIO,RELEVANTE,False,387.06,13.56,0.000972,100.0,21.43,ANOTA VEINTICINCO PLATOS BLANCOS CUADRADOS CINCO CAJAS DE IBUPROFENO Y DOS CINTAS DE SELLAMIENTO,anota 25 platos blancos cuadrados 5 cajas de ibuprofeno y 2 cintas de sellamiento,5829.56,EXACT_CONSENSUS,100.0,0.0,0.0,0.0,122,65,5.7e-05,2.28,PLATOS BLANCOS CUADRADOS,N/A,matched,100.0,NO,6219.12,0.001029,EXITOSO
run_20260726_084433_08a1a2bb,4,adriana_43,adriana,MEDIO,RELEVANTE,False,280.8,13.17,0.000944,100.0,26.67,ANOTA DOCE CAJAS DE IBUPROFENO OCHO CAZUELAS DE DIECISEIS ONZAS Y VEINTIDOS PLATOS BLANCOS CUADRADOS,anota 12 cajas de ibuprofeno 8 cazuelas de 16 onzas y 22 platos blancos cuadrados,2883.88,EXACT_CONSENSUS,100.0,0.0,0.0,0.0,125,65,5.8e-05,2.49,IBUPROFENO,N/A,matched,100.0,NO,3167.42,0.001002,EXITOSO
run_20260726_084433_08a1a2bb,4,adriana_44,adriana,MEDIO,RELEVANTE,False,263.47,10.77,0.000772,100.0,23.08,REGISTRA SIETE PLATOS BLANCOS CUADRADOS NUEVE CINTAS DE SELLAMIENTO Y DOS CALDEROS RECORD,registra 7 platos blancos cuadrados 9 cintas de sellamiento y 2 calderos récord,3055.68,EXACT_CONSENSUS,100.0,0.0,0.0,0.0,119,65,5.7e-05,2.92,PLATOS BLANCOS CUADRADOS,N/A,matched,100.0,NO,3322.38,0.000829,EXITOSO
run_20260726_084433_08a1a2bb,4,adriana_45,adriana,MEDIO,RELEVANTE,False,265.33,10.68,0.000765,100.0,23.08,TENEMOS TRES CALDEROS RECORD ONCE PLATOS BLANCOS CUADRADOS Y NUEVE CINTAS DE SELLAMIENTO,tenemos 3 calderos récord 11 platos blancos cuadrados y 9 cintas de sellamiento,13929.76,EXACT_CONSENSUS,100.0,0.0,0.0,0.0,119,65,5.7e-05,2.98,CALDEROS RÉCORD,N/A,matched,100.0,NO,14198.44,0.000822,EXITOSO
run_20260726_084433_08a1a2bb,4,adriana_46,adriana,MEDIO,RELEVANTE,False,278.65,10.2,0.000731,100.0,38.46,REGISTRA NUEVE CALDEROS RECORD DIEZ PLATOS BLANCOS CUADRADOS Y CUATRO CINTAS DE SELLAMIENTO,registra 9 calderos récord 10 platos blancos cuadrados y 4 cintas de 6 a,12326.66,EXACT_CONSENSUS,100.0,0.0,0.0,0.0,122,65,5.7e-05,2.02,CALDEROS,N/A,matched,100.0,NO,12607.67,0.000788,EXITOSO
run_20260726_084433_08a1a2bb,4,adriana_47,adriana,MEDIO,RELEVANTE,False,267.2,7.51,0.000538,100.0,18.18,BUENO POR AQUI VEO CINCO CALDEROS RECORD Y DOCE PLATOS CUADRADOS,bueno por aquí veo 5 calderos récord y 12 platos cuadrados,10105.39,EXACT_CONSENSUS,100.0,0.0,0.0,0.0,113,50,4.7e-05,2.46,CALDEROS RÉCORD,N/A,matched,100.0,NO,10375.25,0.000585,EXITOSO
run_20260726_084433_08a1a2bb,4,adriana_48,adriana,MEDIO,RELEVANTE,False,264.62,8.47,0.000607,100.0,18.18,ANOTE SEIS CAJAS DE IBUPROFENO Y UNAS QUINCE CINTAS DE SELLAMIENTO,anoté 6 cajas de ibuprofeno y unas 15 cintas de sellamiento,3315.72,EXACT_CONSENSUS,100.0,0.0,0.0,0.0,113,50,4.7e-05,2.53,IBUPROFENO,N/A,matched,100.0,NO,3583.06,0.000654,EXITOSO
run_20260726_084433_08a1a2bb,4,adriana_49,adriana,MEDIO,RELEVANTE,False,258.55,6.26,0.000449,100.0,25.0,AQUI QUEDARON DIEZ CAZUELAS Y OCHO PLATOS BLANCOS,aquí quedaron 10 cazuelas y 8 platos blancos,4736.43,EXACT_CONSENSUS,100.0,0.0,0.0,0.0,104,50,4.6e-05,2.7,CAZUELAS,N/A,matched,100.0,NO,4997.88,0.000495,EXITOSO
run_20260726_084433_08a1a2bb,4,adriana_50,adriana,MEDIO,RELEVANTE,False,264.7,6.36,0.000456,100.0,33.33,REGISTRA CUATRO CALDEROS Y VEINTE PLATOS,registra 4 calderos y 20 platos,6110.67,EXACT_CONSENSUS,100.0,0.0,0.0,0.0,100,50,4.5e-05,3.1,CALDERO,N/A,matched,100.0,NO,6378.8,0.000501,EXITOSO
run_20260726_084433_08a1a2bb,4,adriana_51,adriana,MEDIO,RELEVANTE,False,4559.13,7.32,0.000525,100.0,18.18,POR ESTE LADO HAY NUEVE CAJAS DE IBUPROFENO Y TRES CINTAS,por este lado hay 9 cajas de ibuprofeno y 3 cintas,2722.79,EXACT_CONSENSUS,100.0,0.0,0.0,0.0,113,50,4.7e-05,3.21,IBUPROFENO,N/A,matched,100.0,NO,7285.35,0.000572,EXITOSO
run_20260726_084433_08a1a2bb,4,adriana_52,adriana,MEDIO,RELEVANTE,False,276.12,7.6,0.000545,100.0,33.33,APUNTA QUINCE PLATOS CUADRADOS SEIS CAZUELAS Y DOS CALDEROS,apunta 15 platos cuadrados 6 cazuelas y 2 calderos,4833.65,EXACT_CONSENSUS,100.0,0.0,0.0,0.0,107,65,5.5e-05,3.01,PLATOS CUADRADOS,N/A,matched,100.0,NO,5112.97,0.0006,EXITOSO
run_20260726_084433_08a1a2bb,4,adriana_53,adriana,MEDIO,RELEVANTE,False,265.41,7.32,0.000525,100.0,20.0,YA TERMINE ESTE ESTANTE QUEDARON OCHO CINTAS Y ONCE PLATOS,ya terminé este estante quedaron 8 cintas y 11 platos,2392.11,EXACT_CONSENSUS,100.0,0.0,0.0,0.0,110,50,4.6e-05,2.86,CINTAS,N/A,matched,100.0,NO,2660.56,0.000571,EXITOSO
run_20260726_084433_08a1a2bb,4,adriana_54,adriana,MEDIO,RELEVANTE,False,170.1,7.22,0.000517,100.0,20.0,AQUI SOLAMENTE VEO TRES CALDEROS Y SIETE CAJAS DE IBUPROFENO,aquí solamente veo 3 calderos y 7 cajas de ibuprofeno,2844.57,EXACT_CONSENSUS,100.0,0.0,0.0,0.0,110,50,4.6e-05,2.18,CALDEROS,N/A,matched,100.0,NO,3017.03,0.000563,EXITOSO
run_20260726_084433_08a1a2bb,4,adriana_55,adriana,MEDIO,RELEVANTE,False,261.16,5.97,0.000428,100.0,33.33,REGISTRA DOCE PLATOS Y CINCO CINTAS,registra 12 platos y 5 cintas,5439.58,EXACT_CONSENSUS,100.0,0.0,0.0,0.0,100,50,4.5e-05,3.1,PLATOS,N/A,matched,100.0,NO,5704.14,0.000473,EXITOSO
run_20260726_084433_08a1a2bb,4,adriana_56,adriana,MEDIO,RELEVANTE,False,281.99,7.22,0.000517,100.0,25.0,BUENO ACA ENCONTRAMOS CUATRO CAZUELAS Y NUEVE PLATOS,bueno acá encontramos 4 cazuelas y 9 platos,3290.88,EXACT_CONSENSUS,100.0,0.0,0.0,0.0,104,50,4.6e-05,2.36,CAZUELAS,N/A,matched,100.0,NO,3575.42,0.000563,EXITOSO
run_20260726_084433_08a1a2bb,4,adriana_57,adriana,MEDIO,RELEVANTE,False,271.68,8.95,0.000641,100.0,20.0,POR FAVOR ANOTA DIEZ CAJAS DE IBUPROFENO Y SEIS PLATOS,por favor anota 10 cajas de ibuprofeno y 6 platos,5890.16,EXACT_CONSENSUS,100.0,0.0,0.0,0.0,110,50,4.6e-05,3.01,IBUPROFENO,N/A,matched,100.0,NO,6165.08,0.000687,EXITOSO
run_20260726_084433_08a1a2bb,4,adriana_58,adriana,MEDIO,RELEVANTE,False,317.51,8.95,0.000641,100.0,36.36,EN ESTE ESTANTE HAY DOS CALDEROS OCHO CINTAS Y QUINCE PLATOS,en este estante hay 2 calderos y 8 cintas y 15 platos,4646.14,EXACT_CONSENSUS,100.0,0.0,0.0,0.0,116,65,5.6e-05,2.88,CALDERO,N/A,matched,100.0,NO,4966.75,0.000697,EXITOSO
run_20260726_084433_08a1a2bb,4,adriana_59,adriana,MEDIO,RELEVANTE,False,272.22,5.88,0.000421,100.0,28.57,SIGUE CON CINCO CAZUELAS Y DOCE PLATOS,sigue con 5 cazuelas y 12 platos,3102.68,EXACT_CONSENSUS,100.0,0.0,0.0,0.0,101,50,4.5e-05,2.27,CAZUELAS,N/A,matched,100.0,NO,3377.4,0.000466,EXITOSO
run_20260726_084433_08a1a2bb,4,adriana_60,adriana,MEDIO,RELEVANTE,False,284.67,7.7,0.000552,100.0,22.22,AQUI QUEDARON SIETE CAJAS DE IBUPROFENO Y CUATRO CINTAS,aquí quedaron 7 cajas de ibuprofeno y 4 cintas,2402.82,EXACT_CONSENSUS,100.0,0.0,0.0,0.0,107,50,4.6e-05,2.37,IBUPROFENO,N/A,matched,100.0,NO,2690.11,0.000598,EXITOSO
run_20260726_084433_08a1a2bb,4,adriana_61,adriana,MEDIO,RELEVANTE,False,271.31,6.26,0.000449,100.0,33.33,REGISTRA NUEVE PLATOS Y TRES CALDEROS,registra 9 platos y 3 calderos,6461.71,EXACT_CONSENSUS,100.0,0.0,0.0,0.0,100,50,4.5e-05,2.17,PLATOS,N/A,matched,100.0,NO,6735.34,0.000494,EXITOSO
run_20260726_084433_08a1a2bb,4,adriana_62,adriana,MEDIO,RELEVANTE,False,672.97,7.89,0.000565,100.0,20.0,EN ESTA FILA VEO DIEZ CINTAS Y SEIS PLATOS CUADRADOS,en esta fila veo 10 cintas y 6 platos cuadrados,3034.27,EXACT_CONSENSUS,100.0,0.0,0.0,0.0,110,50,4.6e-05,2.54,CINTAS,N/A,matched,100.0,NO,3709.97,0.000611,EXITOSO
run_20260726_084433_08a1a2bb,4,adriana_63,adriana,MEDIO,RELEVANTE,False,273.51,7.99,0.000573,100.0,18.18,YA REVISE TODO SON OCHO CAJAS DE IBUPROFENO Y CINCO CAZUELAS,ya revisé todo son 8 cajas de ibuprofeno y 5 cazuelas,2449.21,EXACT_CONSENSUS,100.0,0.0,0.0,0.0,113,50,4.7e-05,2.75,IBUPROFENO,N/A,matched,100.0,NO,2725.69,0.00062,EXITOSO
run_20260726_084433_08a1a2bb,4,adriana_64,adriana,MEDIO,RELEVANTE,False,260.08,7.12,0.00051,100.0,37.5,ANOTA CUATRO PLATOS SIETE CINTAS Y DOS CALDEROS,anota 4 platos 7 cintas y 2 calderos,7671.85,EXACT_CONSENSUS,100.0,0.0,0.0,0.0,104,65,5.5e-05,2.43,PLATOS,N/A,matched,100.0,NO,7934.57,0.000565,EXITOSO
run_20260726_084433_08a1a2bb,4,adriana_65,adriana,MEDIO,RELEVANTE,False,263.11,6.84,0.00049,100.0,22.22,AQUI QUEDARON ONCE PLATOS Y TRES CAJAS DE IBUPROFENO,aquí quedaron 11 platos y 3 cajas de ibuprofeno,6731.16,EXACT_CONSENSUS,100.0,0.0,0.0,0.0,107,50,4.6e-05,2.19,PLATOS,N/A,matched,100.0,NO,6996.67,0.000536,EXITOSO
run_20260726_084433_08a1a2bb,4,adriana_66,adriana,MEDIO,RELEVANTE,False,266.0,7.8,0.000559,100.0,33.33,REGISTRA CINCO CALDEROS Y DIEZ PLATOS,registra 5 calderos y 10 platos,2404.81,EXACT_CONSENSUS,100.0,0.0,0.0,0.0,100,50,4.5e-05,2.74,CALDEROS,N/A,matched,100.0,NO,2673.76,0.000604,EXITOSO
run_20260726_084433_08a1a2bb,4,adriana_67,adriana,MEDIO,RELEVANTE,False,267.02,9.81,0.000703,100.0,18.18,ESPERA UN MOMENTO LISTO CONTINUA HAY OCHO PLATOS Y CUATRO CINTAS,espera un momento listo continúa hay 8 platos y 4 cintas,2842.22,EXACT_CONSENSUS,100.0,0.0,0.0,0.0,113,50,4.7e-05,2.63,PLATOS,N/A,matched,100.0,NO,3112.07,0.00075,EXITOSO
run_20260726_084433_08a1a2bb,4,adriana_68,adriana,MEDIO,RELEVANTE,False,233.38,8.18,0.000586,100.0,18.18,EN ESTE LADO ENCONTRAMOS DOCE CAJAS DE IBUPROFENO Y SEIS PLATOS,en este lado encontramos 12 cajas de ibuprofeno y 6 platos,5316.9,EXACT_CONSENSUS,100.0,0.0,0.0,0.0,113,50,4.7e-05,2.47,IBUPROFENO,N/A,matched,100.0,NO,5552.94,0.000633,EXITOSO
run_20260726_084433_08a1a2bb,4,adriana_69,adriana,MEDIO,RELEVANTE,False,279.8,7.22,0.000517,100.0,37.5,ANOTA CINCO CAZUELAS OCHO PLATOS Y DOS CALDEROS,anota 5 cazuelas 8 platos y 2 calderos,5260.49,EXACT_CONSENSUS,100.0,0.0,0.0,0.0,104,65,5.5e-05,2.36,CAZUELA,N/A,matched,100.0,NO,5542.84,0.000572,EXITOSO
run_20260726_084433_08a1a2bb,4,adriana_70,adriana,MEDIO,RELEVANTE,False,268.78,7.12,0.00051,100.0,22.22,YA CASI TERMINAMOS QUEDARON SIETE CINTAS Y NUEVE PLATOS,ya casi terminamos quedaron 7 cintas y 9 platos,7026.29,PARTIAL_CONSENSUS,70.0,0.0,0.0,0.0,107,50,4.6e-05,2.82,CINTAS,N/A,matched,100.0,NO,7298.13,0.000556,EXITOSO
run_20260726_084433_08a1a2bb,4,adriana_71,adriana,MEDIO,RELEVANTE,False,258.26,7.03,0.000504,100.0,20.0,AQUI SOLAMENTE HAY TRES CAJAS DE IBUPROFENO Y CUATRO PLATOS,aquí solamente hay 3 cajas de ibuprofeno y 4 platos,6225.52,EXACT_CONSENSUS,100.0,0.0,0.0,0.0,110,50,4.6e-05,3.25,IBUPROFENO,N/A,matched,100.0,NO,6487.23,0.00055,EXITOSO
run_20260726_084433_08a1a2bb,4,adriana_72,adriana,MEDIO,RELEVANTE,False,259.05,7.12,0.00051,100.0,25.0,REGISTRA UN CALDERO DIEZ PLATOS Y SEIS CINTAS,registra un caldero 10 platos y 6 cintas,4004.75,PARTIAL_CONSENSUS,80.0,0.0,0.0,0.0,104,65,5.5e-05,2.54,CALDERO,N/A,matched,100.0,NO,4266.56,0.000565,EXITOSO
run_20260726_084433_08a1a2bb,4,adriana_73,adriana,MEDIO,RELEVANTE,False,1095.42,7.12,0.00051,100.0,18.18,EN LA REPISA DE ARRIBA VEO OCHO CAZUELAS Y CINCO PLATOS,en la repisa de arriba veo 8 cazuelas y 5 platos,3682.76,EXACT_CONSENSUS,100.0,0.0,0.0,0.0,113,50,4.7e-05,2.18,CAZUELAS,N/A,matched,100.0,NO,4780.53,0.000557,EXITOSO
run_20260726_084433_08a1a2bb,4,adriana_74,adriana,MEDIO,RELEVANTE,False,821.63,5.49,0.000393,100.0,33.33,APUNTA DOS CALDEROS Y DOCE PLATOS,apunta 2 calderos y 12 platos,3065.47,EXACT_CONSENSUS,100.0,0.0,0.0,0.0,100,50,4.5e-05,2.18,CALDEROS,N/A,matched,100.0,NO,3889.42,0.000438,EXITOSO
run_20260726_084433_08a1a2bb,4,adriana_75,adriana,MEDIO,RELEVANTE,False,1219.33,6.45,0.000462,100.0,25.0,HAY NUEVE CAJAS DE IBUPROFENO Y SIETE CINTAS,hay 9 cajas de ibuprofeno y 7 cintas,7395.56,EXACT_CONSENSUS,100.0,0.0,0.0,0.0,104,50,4.6e-05,2.52,IBUPROFENO,N/A,matched,100.0,NO,8617.58,0.000508,EXITOSO
run_20260726_084433_08a1a2bb,4,adriana_76,adriana,MEDIO,RELEVANTE,False,995.92,6.16,0.000441,100.0,33.33,REGISTRA QUINCE PLATOS Y CUATRO CAZUELAS,registra 15 platos y 4 cazuelas,6250.75,EXACT_CONSENSUS,100.0,0.0,0.0,0.0,100,50,4.5e-05,2.55,PLATOS,N/A,matched,100.0,NO,7249.36,0.000486,EXITOSO
run_20260726_084433_08a1a2bb,4,adriana_77,adriana,MEDIO,RELEVANTE,False,1231.23,7.51,0.000538,100.0,22.22,BUENO SEGUIMOS AQUI HAY SEIS PLATOS Y TRES CALDEROS,bueno seguimos aquí hay 6 platos y 3 calderos,6417.89,EXACT_CONSENSUS,100.0,0.0,0.0,0.0,107,50,4.6e-05,2.14,PLATOS,N/A,matched,100.0,NO,7651.49,0.000584,EXITOSO
run_20260726_084433_08a1a2bb,4,adriana_78,adriana,MEDIO,RELEVANTE,False,373.86,6.93,0.000497,100.0,25.0,ANOTA OCHO CINTAS Y CINCO CAJAS DE IBUPROFENO,anota 8 cintas y 5 cajas de ibuprofeno,6076.69,EXACT_CONSENSUS,100.0,0.0,0.0,0.0,104,50,4.6e-05,2.73,CINTAS,N/A,matched,100.0,NO,6453.51,0.000543,EXITOSO
run_20260726_084433_08a1a2bb,4,adriana_79,adriana,MEDIO,RELEVANTE,False,267.27,6.36,0.000456,100.0,22.22,EN ESTA PARTE VEO ONCE PLATOS Y CUATRO CINTAS,en esta parte veo 11 platos y 4 cintas,6142.31,EXACT_CONSENSUS,100.0,0.0,0.0,0.0,107,50,4.6e-05,2.17,PLATOS,N/A,matched,100.0,NO,6411.95,0.000502,EXITOSO
run_20260726_084433_08a1a2bb,4,adriana_80,adriana,MEDIO,RELEVANTE,False,222.85,5.59,0.000401,100.0,33.33,REGISTRA SIETE CAZUELAS Y OCHO PLATOS,registra 7 cazuelas y 8 platos,9043.87,HIGH_DISCREPANCY,40.0,0.0,0.0,0.0,100,50,4.5e-05,3.09,CAZUELAS,N/A,matched,100.0,NO,9270.02,0.000446,EXITOSO
run_20260726_084433_08a1a2bb,4,adriana_81,adriana,MEDIO,RELEVANTE,False,273.79,6.93,0.000497,100.0,20.0,YA TERMINE ESTE PASILLO HAY TRES CALDEROS Y SEIS PLATOS,ya terminé este pasillo hay 3 calderos y 6 platos,3711.8,EXACT_CONSENSUS,100.0,0.0,0.0,0.0,110,50,4.6e-05,2.35,CALDERO,N/A,matched,100.0,NO,3988.14,0.000543,EXITOSO
run_20260726_084433_08a1a2bb,4,adriana_82,adriana,MEDIO,RELEVANTE,False,268.03,5.78,0.000414,100.0,22.22,AQUI QUEDARON DIEZ CAJAS DE IBUPROFENO Y NUEVE PLATOS,aquí quedaron 10 cajas de ibuprofeno y 9 platos,13083.35,EXACT_CONSENSUS,100.0,0.0,0.0,0.0,107,50,4.6e-05,2.15,IBUPROFENO,N/A,matched,100.0,NO,13353.74,0.00046,EXITOSO
run_20260726_084433_08a1a2bb,4,adriana_83,adriana,MEDIO,RELEVANTE,False,168.73,6.84,0.00049,100.0,50.0,ANOTA CINCO CINTAS CUATRO PLATOS Y DOS CAZUELAS,anotas 5 cintas 4 platos y 2 cazuelas,6922.62,PARTIAL_CONSENSUS,80.0,0.0,0.0,0.0,104,65,5.5e-05,2.16,CINTAS,N/A,matched,100.0,NO,7093.69,0.000545,EXITOSO
run_20260726_084433_08a1a2bb,4,adriana_84,adriana,MEDIO,RELEVANTE,False,287.25,6.07,0.000435,100.0,28.57,POR ACA SOLAMENTE VEO OCHO PLATOS CUADRADOS,por acá solo veo 8 platos cuadrados,2622.37,EXACT_CONSENSUS,100.0,0.0,0.0,0.0,101,35,3.6e-05,2.8,PLATOS CUADRADOS,N/A,matched,100.0,NO,2912.62,0.000471,EXITOSO
run_20260726_084433_08a1a2bb,4,adriana_85,adriana,MEDIO,RELEVANTE,False,367.21,6.36,0.000456,100.0,25.0,REGISTRA CUATRO CAJAS DE IBUPROFENO Y SIETE CINTAS,registra 4 cajas de ibuprofeno y 7 cintas,4513.93,EXACT_CONSENSUS,100.0,0.0,0.0,0.0,104,50,4.6e-05,2.19,IBUPROFENO,N/A,matched,100.0,NO,4883.54,0.000502,EXITOSO
run_20260726_084433_08a1a2bb,4,adriana_86,adriana,MEDIO,RELEVANTE,False,249.2,5.01,0.000359,100.0,33.33,HAY SEIS CALDEROS Y NUEVE PLATOS,hay 6 calderos y 9 platos,6052.61,EXACT_CONSENSUS,100.0,0.0,0.0,0.0,100,50,4.5e-05,2.27,CALDEROS,N/A,matched,100.0,NO,6304.24,0.000404,EXITOSO
run_20260726_084433_08a1a2bb,4,adriana_87,adriana,MEDIO,RELEVANTE,False,258.49,6.55,0.000469,100.0,22.22,EN ESTA ESQUINA ENCONTRAMOS CINCO PLATOS Y TRES CINTAS,en esta esquina encontramos 5 platos y 3 cintas,3104.75,EXACT_CONSENSUS,100.0,0.0,0.0,0.0,107,50,4.6e-05,3.09,PLATOS,N/A,matched,100.0,NO,3366.55,0.000515,EXITOSO
run_20260726_084433_08a1a2bb,4,adriana_88,adriana,MEDIO,RELEVANTE,False,271.1,5.88,0.000421,100.0,25.0,REGISTRA OCHO CAJAS DE IBUPROFENO Y DOS CALDEROS,registra 8 cajas de ibuprofeno y 2 calderos,7332.0,EXACT_CONSENSUS,100.0,0.0,0.0,0.0,104,50,4.6e-05,2.08,IBUPROFENO,N/A,matched,100.0,NO,7605.34,0.000467,EXITOSO
run_20260726_084433_08a1a2bb,4,adriana_89,adriana,MEDIO,RELEVANTE,False,274.95,5.49,0.000393,100.0,28.57,AQUI QUEDARON NUEVE PLATOS Y CINCO CAZUELAS,aquí quedaron 9 platos y 5 cazuelas,4326.18,EXACT_CONSENSUS,100.0,0.0,0.0,0.0,101,50,4.5e-05,2.21,PLATOS,N/A,matched,100.0,NO,4603.51,0.000438,EXITOSO
run_20260726_084433_08a1a2bb,4,adriana_90,adriana,MEDIO,RELEVANTE,False,162.96,5.3,0.00038,100.0,33.33,ANOTE DOCE CINTAS Y CUATRO PLATOS,anoté 12 cintas y 4 platos,7248.02,PARTIAL_CONSENSUS,70.0,0.0,0.0,0.0,100,50,4.5e-05,2.68,CINTAS,N/A,matched,100.0,NO,7413.92,0.000425,EXITOSO
run_20260726_084433_08a1a2bb,4,adriana_91,adriana,MEDIO,RELEVANTE,False,178.73,7.6,0.000545,100.0,15.38,YA REVISE TODO ESTE LADO HAY SIETE PLATOS Y TRES CAJAS DE IBUPROFENO,ya revisé todo este lado hay 7 platos y 3 cajas de ibuprofeno,3592.02,EXACT_CONSENSUS,100.0,0.0,0.0,0.0,119,50,4.8e-05,2.37,PLATOS,N/A,matched,100.0,NO,3773.43,0.000593,EXITOSO
run_20260726_084433_08a1a2bb,4,adriana_92,adriana,MEDIO,RELEVANTE,False,790.5,5.2,0.000373,100.0,33.33,REGISTRA SEIS CALDEROS Y DIEZ PLATOS,registra 6 calderos y 10 platos,5781.05,EXACT_CONSENSUS,100.0,0.0,0.0,0.0,100,50,4.5e-05,2.23,CALDEROS,N/A,matched,100.0,NO,6573.96,0.000418,EXITOSO
run_20260726_084433_08a1a2bb,4,adriana_93,adriana,MEDIO,RELEVANTE,False,273.75,5.78,0.000414,100.0,25.0,AQUI SOLAMENTE HAY CINCO CINTAS Y OCHO PLATOS,aquí solamente hay 5 cintas y 8 platos,3729.03,EXACT_CONSENSUS,100.0,0.0,0.0,0.0,104,50,4.6e-05,2.39,CINTAS,N/A,matched,100.0,NO,4005.4,0.00046,EXITOSO
run_20260726_084433_08a1a2bb,4,adriana_94,adriana,MEDIO,RELEVANTE,False,371.9,6.26,0.000449,100.0,25.0,ANOTE NUEVE CAZUELAS Y CUATRO CAJAS DE IBUPROFENO,anoté 9 cazuelas y 4 cajas de ibuprofeno,4061.96,EXACT_CONSENSUS,100.0,0.0,0.0,0.0,104,50,4.6e-05,2.43,CAZUELA,N/A,matched,100.0,NO,4436.45,0.000495,EXITOSO
run_20260726_084433_08a1a2bb,4,adriana_95,adriana,MEDIO,RELEVANTE,False,259.39,7.03,0.000504,100.0,33.33,AQUI VEO DOS CALDEROS SIETE PLATOS Y TRES CINTAS,aquí veo 2 calderos 7 platos y 3 cintas,3372.02,EXACT_CONSENSUS,100.0,0.0,0.0,0.0,107,65,5.5e-05,3.13,CALDERO,N/A,matched,100.0,NO,3634.72,0.000559,EXITOSO
run_20260726_084433_08a1a2bb,4,adriana_96,adriana,MEDIO,RELEVANTE,False,277.5,7.03,0.000504,100.0,22.22,REGISTRA DIEZ PLATOS CUADRADOS Y CINCO CAJAS DE IBUPROFENO,registra 10 platos cuadrados y 5 cajas de ibuprofeno,2637.94,EXACT_CONSENSUS,100.0,0.0,0.0,0.0,107,50,4.6e-05,2.21,PLATOS CUADRADOS,N/A,matched,100.0,NO,2917.87,0.00055,EXITOSO
run_20260726_084433_08a1a2bb,4,adriana_97,adriana,MEDIO,RELEVANTE,False,165.87,6.84,0.00049,100.0,20.0,BUENO YA CASI ACABAMOS HAY OCHO PLATOS Y CUATRO CALDEROS,bueno ya casi acabamos hay 8 platos y 4 calderos,7787.55,EXACT_CONSENSUS,100.0,0.0,0.0,0.0,110,50,4.6e-05,1.92,PLATO,N/A,matched,100.0,NO,7955.54,0.000536,EXITOSO
run_20260726_084433_08a1a2bb,4,adriana_98,adriana,MEDIO,RELEVANTE,False,278.37,7.7,0.000552,100.0,25.0,ANOTE SEIS CINTAS DE SELLAMIENTO Y NUEVE PLATOS,anoté 6 cintas de sellamiento y 9 platos,2450.71,EXACT_CONSENSUS,100.0,0.0,0.0,0.0,104,50,4.6e-05,2.4,CINTAS DE SELLAMIENTO,N/A,matched,100.0,NO,2731.73,0.000598,EXITOSO
run_20260726_084433_08a1a2bb,4,adriana_99,adriana,MEDIO,RELEVANTE,False,257.43,6.84,0.00049,100.0,77.78,AQUI QUEDARON CINCO CAJAS DE IBUPROFENO Y DOS CAZUELAS,aquí quedaron 11 platos y 3 cajas de ibuprofeno,5952.93,PARTIAL_CONSENSUS,70.0,0.0,0.0,0.0,107,50,4.6e-05,1.86,PLATOS,N/A,matched,100.0,NO,6212.4,0.000536,EXITOSO
run_20260726_084433_08a1a2bb,4,adriana_100,adriana,MEDIO,RELEVANTE,False,162.37,5.2,0.000373,100.0,33.33,REGISTRA DOCE PLATOS Y CUATRO CINTAS,registra 12 platos y 4 cintas,2470.15,EXACT_CONSENSUS,100.0,0.0,0.0,0.0,100,50,4.5e-05,2.96,PLATOS,N/A,matched,100.0,NO,2635.73,0.000418,EXITOSO
run_20260726_084433_08a1a2bb,4,adriana_101,adriana,MEDIO,RELEVANTE,False,269.34,6.36,0.000456,100.0,50.0,EN ESTA PARTE SOLAMENTE VEO TRES CALDEROS Y DIEZ PLATOS,en esta parte veo 11 platos y 4 cintas,5496.46,EXACT_CONSENSUS,100.0,0.0,0.0,0.0,107,50,4.6e-05,2.09,PLATOS,N/A,matched,100.0,NO,5768.09,0.000502,EXITOSO
run_20260726_084433_08a1a2bb,4,adriana_102,adriana,MEDIO,RELEVANTE,False,528.24,6.16,0.000441,100.0,25.0,ANOTA OCHO CAJAS DE IBUPROFENO Y CINCO PLATOS,anota 8 cajas de ibuprofeno y 5 platos,6869.6,EXACT_CONSENSUS,100.0,0.0,0.0,0.0,104,50,4.6e-05,3.25,IBUPROFENO,N/A,matched,100.0,NO,7401.3,0.000487,EXITOSO
run_20260726_084433_08a1a2bb,4,adriana_103,adriana,MEDIO,RELEVANTE,False,2110.99,7.6,0.000545,100.0,22.22,AQUI ENCONTRAMOS SIETE CINTAS SEIS PLATOS Y UNA CAZUELA,aquí encontramos 7 cintas 6 platos y una cazuela,5503.22,EXACT_CONSENSUS,100.0,0.0,0.0,0.0,107,65,5.5e-05,2.22,CINTAS,N/A,matched,100.0,NO,7616.7,0.0006,EXITOSO
run_20260726_084433_08a1a2bb,4,adriana_104,adriana,MEDIO,RELEVANTE,False,853.57,5.78,0.000414,100.0,33.33,REGISTRA CUATRO CALDEROS Y ONCE PLATOS,registra 4 calderos y 11 platos,2373.61,EXACT_CONSENSUS,100.0,0.0,0.0,0.0,100,50,4.5e-05,2.13,CALDERO,N/A,matched,100.0,NO,3229.47,0.000459,EXITOSO
run_20260726_084433_08a1a2bb,4,adriana_105,adriana,MEDIO,RELEVANTE,False,267.27,7.6,0.000545,100.0,16.67,YA TERMINAMOS ESTA FILA HAY NUEVE CAJAS DE IBUPROFENO Y SEIS PLATOS,ya terminamos esta fila hay 9 cajas de ibuprofeno y 6 platos,3989.78,EXACT_CONSENSUS,100.0,0.0,0.0,0.0,116,50,4.7e-05,3.44,IBUPROFENO,N/A,matched,100.0,NO,4260.72,0.000592,EXITOSO
run_20260726_084433_08a1a2bb,4,adriana_106,adriana,MEDIO,RELEVANTE,False,267.72,7.8,0.000559,100.0,33.33,FINALMENTE ANOTA CINCO PLATOS CUATRO CINTAS Y DOS CALDEROS,finalmente anota 5 platos 4 cintas y 2 calderos,3231.21,EXACT_CONSENSUS,100.0,0.0,0.0,0.0,107,65,5.5e-05,2.77,PLATOS,N/A,matched,100.0,NO,3501.99,0.000614,EXITOSO
run_20260726_084433_08a1a2bb,4,adriana_107,adriana,DIFICIL,RELEVANTE,False,184.13,17.59,0.001261,100.0,0.0,PENSE QUE YA HABIAMOS TERMINADO EL CONTEO PERO FALTABA AHI HAY 28 CAJAS DE SERVILLETAS 15 BOTELLAS DE SALSA DE TOMATE Y 32 PAQUETES DE CUBIERTOS DESECHABLES,pensé que ya habíamos terminado el conteo pero faltaba ahí hay 28 cajas de servilletas 15 botellas de salsa de tomate y 32 paquetes de cubiertos desechables,2590.67,EXACT_CONSENSUS,100.0,0.0,0.0,0.0,161,65,6.3e-05,3.02,SERVILLETAS,N/A,matched,100.0,NO,2778.26,0.001324,EXITOSO
run_20260726_084433_08a1a2bb,4,adriana_108,adriana,DIFICIL,RELEVANTE,False,264.88,15.48,0.001109,100.0,0.0,MARIA MANANA LLEGAN TEMPRANO LOS PROVEEDORES ANOTA 85 GASEOSAS 60 CHOCOLATES Y 45 PAQUETES DE GALLETAS,maría mañana llegan temprano los proveedores anota 85 gaseosas 60 chocolates y 45 paquetes de galletas,5596.78,EXACT_CONSENSUS,100.0,0.0,0.0,0.0,128,65,5.8e-05,1.98,GASEOSA,N/A,matched,100.0,NO,5863.94,0.001167,EXITOSO
run_20260726_084433_08a1a2bb,4,adriana_109,adriana,DIFICIL,RELEVANTE,False,188.23,13.56,0.000972,100.0,0.0,NO OLVIDES CERRAR LA PUERTA CUANDO SALGAS AH Y REGISTRA 40 KILOS DE ARROZ 12 KILOS DE SAL Y 30 LITROS DE ACEITE,no olvides cerrar la puerta cuando salgas ah y registra 40 kilos de arroz 12 kilos de sal y 30 litros de aceite,3654.34,EXACT_CONSENSUS,100.0,0.0,0.0,0.0,149,65,6.1e-05,2.13,ARROZ,N/A,matched,100.0,NO,3844.98,0.001033,EXITOSO
run_20260726_084433_08a1a2bb,4,adriana_110,adriana,DIFICIL,RELEVANTE,False,476.31,18.16,0.001301,100.0,0.0,ESPERA UN MOMENTO QUE ME ESTA LLAMANDO EL SUPERVISOR LISTO CONTINUEMOS HAY 22 PAQUETES DE AZUCAR 35 BOLSAS DE CAFE Y 16 CAJAS DE VASOS DESECHABLES,espera un momento que me está llamando el supervisor listo continuemos hay 22 paquetes de azúcar 35 bolsas de café y 16 cajas de vasos desechables,7549.31,EXACT_CONSENSUS,100.0,0.0,0.0,0.0,158,65,6.3e-05,2.13,AZÚCAR,N/A,matched,100.0,NO,8028.11,0.001364,EXITOSO
run_20260726_084433_08a1a2bb,4,adriana_111,adriana,DIFICIL,RELEVANTE,False,278.18,14.61,0.001047,100.0,0.0,BUENOS DIAS YA TERMINE LA REVISION DEL PARQUEADERO AHORA SI ENCONTRAMOS 18 CAJAS DE GALLETAS 9 PAQUETES DE CAFE Y 14 BOTELLAS DE AGUA,buenos días ya terminé la revisión del parqueadero ahora sí encontramos 18 cajas de galletas 9 paquetes de café y 14 botellas de agua,3672.99,EXACT_CONSENSUS,100.0,0.0,0.0,0.0,152,65,6.2e-05,2.16,GALLETAS,N/A,matched,100.0,NO,3953.57,0.001109,EXITOSO
run_20260726_084433_08a1a2bb,4,adriana_112,adriana,DIFICIL,RELEVANTE,False,606.22,11.83,0.000848,100.0,28.57,HAY OCHO CAJAS DE IBUPROFENO CUATRO CALDEROS RECORD Y DIECIOCHO CAZUELAS DE DIECISEIS ONZAS,hay 8 cajas de ibuprofeno 4 calderos récord y 18 cazuelas de 16 onzas,6118.04,EXACT_CONSENSUS,100.0,0.0,0.0,0.0,122,65,5.7e-05,2.55,IBUPROFENO,N/A,matched,100.0,NO,6727.04,0.000905,EXITOSO
run_20260726_084433_08a1a2bb,4,adriana_113,adriana,DIFICIL,RELEVANTE,False,257.31,10.87,0.000779,100.0,30.77,REGISTRA DOCE PLATOS BLANCOS CUADRADOS SIETE CINTAS DE SELLAMIENTO Y DOS CALDEROS RECORD,registra 12 platos blancos cuadrados 7 cintas de sellamiento y 2 calderos,3058.31,EXACT_CONSENSUS,100.0,0.0,0.0,0.0,116,65,5.6e-05,2.67,PLATOS BLANCOS CUADRADOS,N/A,matched,100.0,NO,3318.49,0.000835,EXITOSO
run_20260726_084433_08a1a2bb,4,adriana_114,adriana,DIFICIL,RELEVANTE,False,276.96,11.83,0.000848,100.0,23.08,TENEMOS CUATRO CALDEROS RECORD DIECISEIS CINTAS DE SELLAMIENTO Y ONCE PLATOS BLANCOS CUADRADOS,tenemos 4 calderos récord 16 cintas de sellamiento y 11 platos blancos cuadrados,3418.97,EXACT_CONSENSUS,100.0,0.0,0.0,0.0,119,65,5.7e-05,2.33,CALDEROS,N/A,matched,100.0,NO,3698.51,0.000905,EXITOSO
run_20260726_084433_08a1a2bb,4,adriana_115,adriana,DIFICIL,RELEVANTE,False,279.48,14.52,0.001041,100.0,28.57,REGISTRA SEIS CALDEROS RECORD DIEZ CAZUELAS DE DIECISEIS ONZAS Y CATORCE PLATOS BLANCOS CUADRADOS,registra 6 calderos récord 10 cazuelas de 16 onzas y 14 platos blancos cuadrados,5654.82,EXACT_CONSENSUS,100.0,0.0,0.0,0.0,122,65,5.7e-05,2.73,CALDERO,N/A,matched,100.0,NO,5937.31,0.001098,EXITOSO
run_20260726_084433_08a1a2bb,4,adriana_116,adriana,DIFICIL,RELEVANTE,False,178.14,12.4,0.000889,100.0,21.43,HAY QUINCE CINTAS DE SELLAMIENTO TRES CAJAS DE IBUPROFENO Y OCHO PLATOS BLANCOS CUADRADOS,hay 15 cintas de sellamiento 3 cajas de ibuprofeno y 8 platos blancos cuadrados,3183.2,EXACT_CONSENSUS,100.0,0.0,0.0,0.0,122,65,5.7e-05,3.67,CINTAS DE SELLAMIENTO,N/A,matched,100.0,NO,3365.31,0.000946,EXITOSO
run_20260726_084433_08a1a2bb,4,adriana_117,adriana,DIFICIL,RELEVANTE,False,268.14,13.17,0.000944,100.0,28.57,ANOTA SIETE CALDEROS RECORD DOCE PLATOS BLANCOS CUADRADOS Y CUATRO CAZUELAS DE DIECISEIS ONZAS,anota 7 calderos récord 12 platos blancos cuadrados y 4 cazuelas de 16 onzas,5976.52,EXACT_CONSENSUS,100.0,0.0,0.0,0.0,122,65,5.7e-05,3.09,CALDEROS,N/A,matched,100.0,NO,6248.03,0.001001,EXITOSO
run_20260726_084433_08a1a2bb,4,adriana_118,adriana,DIFICIL,RELEVANTE,False,460.29,13.08,0.000937,100.0,21.43,REGISTRA ONCE CAJAS DE IBUPROFENO NUEVE CINTAS DE SELLAMIENTO Y CINCO PLATOS BLANCOS CUADRADOS,registra 11 cajas de ibuprofeno 9 cintas de sellamiento y 5 platos blancos cuadrados,7622.11,EXACT_CONSENSUS,100.0,0.0,0.0,0.0,122,65,5.7e-05,2.24,IBUPROFENO,N/A,matched,100.0,NO,8084.92,0.000994,EXITOSO
run_20260726_084433_08a1a2bb,4,adriana_119,adriana,DIFICIL,RELEVANTE,False,271.48,10.96,0.000785,100.0,30.77,TENEMOS DIECIOCHO PLATOS BLANCOS CUADRADOS TRES CALDEROS RECORD Y SEIS CINTAS DE SELLAMIENTO,tenemos 18 platos blancos cuadrados 3 calderos récord y 6 cintas de,4931.09,EXACT_CONSENSUS,100.0,0.0,0.0,0.0,116,65,5.6e-05,2.32,PLATOS BLANCOS CUADRADOS,N/A,matched,100.0,NO,5205.11,0.000841,EXITOSO
run_20260726_084433_08a1a2bb,4,adriana_120,adriana,DIFICIL,RELEVANTE,False,594.77,14.13,0.001013,100.0,26.67,ANOTA CINCO CAJAS DE IBUPROFENO VEINTE CAZUELAS DE DIECISEIS ONZAS Y OCHO PLATOS BLANCOS CUADRADOS,anota 5 cajas de ibuprofeno 20 cazuelas de 16 onzas y 8 platos blancos cuadrados,5585.44,EXACT_CONSENSUS,100.0,0.0,0.0,0.0,125,65,5.8e-05,2.31,IBUPROFENO,N/A,matched,100.0,NO,6182.8,0.001071,EXITOSO
run_20260726_084433_08a1a2bb,4,adriana_121,adriana,DIFICIL,RELEVANTE,False,172.49,12.21,0.000875,100.0,23.08,REGISTRA DOS CALDEROS RECORD QUINCE PLATOS BLANCOS CUADRADOS Y DIEZ CINTAS DE SELLAMIENTO,registra 2 calderos récord 15 platos blancos cuadrados y 10 cintas de sellamiento,3211.6,EXACT_CONSENSUS,100.0,0.0,0.0,0.0,119,65,5.7e-05,2.35,CALDEROS,N/A,matched,100.0,NO,3386.65,0.000932,EXITOSO
run_20260726_084433_08a1a2bb,4,adriana_122,adriana,DIFICIL,RELEVANTE,False,479.46,12.69,0.000909,100.0,40.0,HAY NUEVE CAZUELAS DE DIECISEIS ONZAS SIETE CAJAS DE IBUPROFENO Y DOCE PLATOS BLANCOS CUADRADOS,este rompecabezas hay 9 cazuelas de 16 onzas 7 cajas de ibuprofeno y 12 platos blancos cuadrados,6565.83,EXACT_CONSENSUS,100.0,0.0,0.0,0.0,131,65,5.9e-05,2.17,CAZUELAS DE 16 ONZAS,N/A,matched,100.0,NO,7047.7,0.000968,EXITOSO
run_20260726_084433_08a1a2bb,4,adriana_123,adriana,DIFICIL,RELEVANTE,False,267.46,10.39,0.000745,100.0,23.08,ANOTA CUATRO PLATOS BLANCOS CUADRADOS CUATRO CALDEROS RECORD Y CATORCE CINTAS DE SELLAMIENTO,anota 4 platos blancos cuadrados 4 calderos récord y 14 cintas de sellamiento,5664.92,EXACT_CONSENSUS,100.0,0.0,0.0,0.0,119,65,5.7e-05,2.82,PLATOS BLANCOS CUADRADOS,N/A,matched,100.0,NO,5935.43,0.000802,EXITOSO
run_20260726_084433_08a1a2bb,4,adriana_124,adriana,DIFICIL,RELEVANTE,False,347.7,10.87,0.000779,100.0,26.67,REGISTRA OCHO CAJAS DE IBUPROFENO DIEZ PLATOS BLANCOS CUADRADOS Y TRES CAZUELAS DE DIECISEIS ONZAS,registra 8 cajas de ibuprofeno 10 platos blancos cuadrados y 3 cazuelas de 16 onzas,2791.23,EXACT_CONSENSUS,100.0,0.0,0.0,0.0,125,65,5.8e-05,2.75,IBUPROFENO,N/A,matched,100.0,NO,3141.88,0.000837,EXITOSO
run_20260726_084433_08a1a2bb,4,adriana_125,adriana,DIFICIL,RELEVANTE,False,286.31,11.16,0.0008,100.0,23.08,TENEMOS SEIS CALDEROS RECORD DIECIOCHO PLATOS BLANCOS CUADRADOS Y CINCO CINTAS DE SELLAMIENTO,tenemos 6 calderos récord 18 platos blancos cuadrados y 5 cintas de sellamiento,3338.16,EXACT_CONSENSUS,100.0,0.0,0.0,0.0,119,65,5.7e-05,2.17,CALDEROS RÉCORD,N/A,matched,100.0,NO,3626.9,0.000857,EXITOSO
run_20260726_084433_08a1a2bb,4,adriana_126,adriana,DIFICIL,RELEVANTE,False,359.87,13.46,0.000965,100.0,33.33,HAY DIEZ CAJAS DE IBUPROFENO CUATRO PLATOS BLANCOS CUADRADOS Y SEIS CAZUELAS DE DIECISEIS ONZAS,hay 10 cajas ibuprofeno 4 platos blancos cuadrados y 6 cazuelas de 16 onzas,3600.9,EXACT_CONSENSUS,100.0,0.0,0.0,0.0,122,65,5.7e-05,2.41,IBUPROFENO,N/A,matched,100.0,NO,3963.4,0.001022,EXITOSO
run_20260726_084433_08a1a2bb,4,adriana_127,adriana,DIFICIL,RELEVANTE,False,512.97,10.29,0.000737,100.0,23.08,ANOTA OCHO CALDEROS RECORD QUINCE CINTAS DE SELLAMIENTO Y TRECE PLATOS BLANCOS CUADRADOS,anota 8 calderos récord 15 cintas de sellamiento y 13 platos blancos cuadrados,3701.06,EXACT_CONSENSUS,100.0,0.0,0.0,0.0,119,65,5.7e-05,2.26,CALDEROS RÉCORD,N/A,matched,100.0,NO,4216.59,0.000794,EXITOSO
run_20260726_084433_08a1a2bb,4,adriana_128,adriana,DIFICIL,RELEVANTE,False,274.98,12.02,0.000861,100.0,26.67,REGISTRA CINCO CAJAS DE IBUPROFENO DOCE PLATOS BLANCOS CUADRADOS Y SIETE CAZUELAS DE DIECISEIS ONZAS,registra 5 cajas de ibuprofeno 12 platos blancos cuadrados y 7 cazuelas de 16 onzas,2860.65,EXACT_CONSENSUS,100.0,0.0,0.0,0.0,125,65,5.8e-05,2.91,IBUPROFENO,N/A,matched,100.0,NO,3138.76,0.000919,EXITOSO
run_20260726_084433_08a1a2bb,4,adriana_129,adriana,DIFICIL,RELEVANTE,False,270.69,13.56,0.000972,100.0,40.0,ANOTA SEIS CAJAS DE IBUPROFENO CINCO CAZUELAS DE DIECISEIS ONZAS Y VEINTE PLATOS BLANCOS CUADRADOS,aprovechen casera anota 6 cajas de ibuprofeno 5 cazuelas de 16 onzas y 20 platos blancos cuadrados,5778.88,EXACT_CONSENSUS,100.0,0.0,0.0,0.0,131,65,5.9e-05,3.31,IBUPROFENO,N/A,matched,100.0,NO,6053.17,0.001031,EXITOSO
run_20260726_084433_08a1a2bb,4,adriana_130,adriana,DIFICIL,RELEVANTE,False,350.81,19.6,0.001405,100.0,10.34,QUE CALOR HACE HOY SUBELE UN POQUITO AL VOLUMEN PORQUE CASI NO ESCUCHO BUENO REGISTRA 15 CAJAS DE TONER PARA IMPRESORA 8 PAQUETES DE HOJAS A4 Y 12 CALCULADORAS,qué calor hace hoy súbele un poquito el volumen porque casi no escucho bueno registra 15 cajas de tóner para impresora 8 paquetes de hojas a 4 y 12 calculadoras,7685.13,EXACT_CONSENSUS,100.0,0.0,0.0,0.0,170,65,6.4e-05,2.75,TÓNER PARA IMPRESORA,N/A,matched,100.0,NO,8039.06,0.001469,EXITOSO
run_20260726_084433_08a1a2bb,4,adriana_131,adriana,DIFICIL,RELEVANTE,False,288.19,22.48,0.001611,100.0,3.12,OIGA SI VIO EL PARTIDO ANOCHE ESPERE QUE ESTA PASANDO MUCHA GENTE BUENO CONTINUE NO ESPERE SI SON 42 CAJAS DE MARCADORES 16 RESMAS DE PAPEL OFICIO Y 8 CAJAS DE ARCHIVADORES,oiga sí vio el partido anoche espere que está pasando mucha gente bueno continúe no espere sí son 42 cajas de marcadores 16 reglas de papel oficio y 8 cajas de archivadores,6437.94,EXACT_CONSENSUS,100.0,0.0,0.0,0.0,176,65,6.5e-05,3.15,MARCADORES,N/A,matched,100.0,NO,6729.68,0.001676,EXITOSO
run_20260726_084433_08a1a2bb,4,adriana_132,adriana,DIFICIL,RELEVANTE,False,453.05,25.08,0.001797,100.0,0.0,AYER ME DIJERON QUE YA HABIAN CONTADO ESTA BODEGA PERO MEJOR CONFIRMEMOS EN COCINA PRINCIPAL SUMINISTROS ENCONTRAMOS 55 KILOS DE ARROZ NO PERDON 65 KILOS DE ARROZ ADEMAS 20 LITROS DE ACEITE Y 18 KILOS DE AZUCAR,ayer me dijeron que ya habían contado esta bodega pero mejor confirmemos en cocina principal suministros encontramos 55 kilos de arroz no perdón 65 kilos de arroz además 20 litros de aceite y 18 kilos de azúcar,7008.37,EXACT_CONSENSUS,100.0,0.0,0.0,0.0,191,65,6.8e-05,2.06,ARROZ,N/A,matched,100.0,NO,7463.87,0.001865,EXITOSO
run_20260726_084433_08a1a2bb,4,adriana_133,adriana,DIFICIL,RELEVANTE,False,765.64,16.82,0.001205,100.0,0.0,ESPERE QUE ACABA DE PASAR UN CARRO Y NO ESCUCHE NADA LISTO HAY 20 CAJAS DE TAPABOCAS 14 LITROS DE ALCOHOL Y 35 CAJAS DE GUANTES DE NITRILO,espere que acaba de pasar un carro y no escuché nada listo hay 20 cajas de tapabocas 14 litros de alcohol y 35 cajas de guantes de nitrilo,5707.56,EXACT_CONSENSUS,100.0,0.0,0.0,0.0,164,65,6.4e-05,2.52,TAPABOCAS,N/A,matched,100.0,NO,6475.99,0.001269,EXITOSO
run_20260726_084433_08a1a2bb,4,daniel_1,daniel,FACIL,RELEVANTE,False,265.53,6.2,0.000444,100.0,0.0,350 KILOS DE ACELGA,350 kilos de acelga,2923.41,EXACT_CONSENSUS,100.0,0.0,0.0,0.0,100,35,3.6e-05,2.44,ACELGA,N/A,matched,100.0,NO,3191.54,0.00048,EXITOSO
run_20260726_084433_08a1a2bb,4,daniel_2,daniel,FACIL,RELEVANTE,False,314.5,4.38,0.000314,100.0,0.0,600 KILOS DE CALABACIN,600 kilos de calabacín,2699.46,EXACT_CONSENSUS,100.0,0.0,0.0,0.0,100,35,3.6e-05,2.09,CALABACÍN,N/A,matched,100.0,NO,3016.21,0.00035,EXITOSO
run_20260726_084433_08a1a2bb,4,daniel_3,daniel,FACIL,RELEVANTE,False,867.91,5.35,0.000383,100.0,0.0,400 KILOS DE KIWI,400 kilos de kiwi,2601.31,EXACT_CONSENSUS,100.0,0.0,0.0,0.0,100,35,3.6e-05,2.0,KIWI,N/A,matched,100.0,NO,3471.36,0.000419,EXITOSO
run_20260726_084433_08a1a2bb,4,daniel_4,daniel,FACIL,RELEVANTE,False,270.88,8.25,0.000591,100.0,0.0,ALMOHADILLA PARA SELLO 600 UNIDADES,almohadilla para sello 600 unidades,3365.31,EXACT_CONSENSUS,100.0,0.0,0.0,0.0,100,35,3.6e-05,2.4,ALMOHADILLA PARA SELLO,N/A,matched,100.0,NO,3638.72,0.000627,EXITOSO
run_20260726_084433_08a1a2bb,4,daniel_5,daniel,FACIL,RELEVANTE,False,842.55,11.63,0.000833,100.0,0.0,AMBIENTADOR EN AEROSOL MARCA AROMA POR 600 UNIDADES,ambientador en aerosol marca aroma por 600 unidades,3024.35,EXACT_CONSENSUS,100.0,0.0,0.0,0.0,104,35,3.7e-05,2.02,AMBIENTADOR EN AEROSOL MARCA AROMA,N/A,matched,100.0,NO,3869.08,0.00087,EXITOSO
run_20260726_084433_08a1a2bb,4,daniel_6,daniel,FACIL,RELEVANTE,False,293.61,11.87,0.000851,100.0,0.0,BANDEJA PLASTICA POR 9320 UNIDADES,bandeja plástica por 9320 unidades,4659.57,EXACT_CONSENSUS,100.0,0.0,0.0,0.0,100,35,3.6e-05,2.3,BANDEJA PLÁSTICA,N/A,matched,100.0,NO,4955.66,0.000887,EXITOSO
run_20260726_084433_08a1a2bb,4,daniel_7,daniel,FACIL,RELEVANTE,False,285.81,9.21,0.00066,100.0,16.67,CAJA PARA PIZZA CARTON 4500 UNIDADES,caja para pizza de cartón 4500 unidades,2942.02,EXACT_CONSENSUS,100.0,0.0,0.0,0.0,101,35,3.6e-05,2.17,CAJA PARA PIZZA DE CARTÓN,N/A,matched,100.0,NO,3230.34,0.000696,EXITOSO
run_20260726_084433_08a1a2bb,4,daniel_8,daniel,FACIL,RELEVANTE,False,278.92,9.09,0.000651,100.0,14.29,CALDERO RECORD CON TAPA POR 800 UNIDADES,caldero ricor con tapa por 800 unidades,2468.34,EXACT_CONSENSUS,100.0,0.0,0.0,0.0,101,35,3.6e-05,2.19,CALDERO RICOR CON TAPA,N/A,matched,100.0,NO,2749.72,0.000687,EXITOSO
run_20260726_084433_08a1a2bb,4,daniel_9,daniel,FACIL,RELEVANTE,False,270.56,13.56,0.000972,100.0,0.0,BOWL POR 500 UNIDADES Y 7 CALCULADORAS MANUALES DE 12 DIGITOS,bowl por 500 unidades y 7 calculadoras manuales de 12 dígitos,5280.22,EXACT_CONSENSUS,100.0,0.0,0.0,0.0,113,50,4.7e-05,2.11,BOWL,N/A,matched,100.0,NO,5553.08,0.001019,EXITOSO
run_20260726_084433_08a1a2bb,4,daniel_10,daniel,FACIL,RELEVANTE,False,408.57,11.15,0.000799,100.0,0.0,AREPA PAISA POR 500 UNIDADES Y 750 KILOS DE ARANDANOS,arepa paisa por 500 unidades y 750 kilos de arándanos,4681.9,EXACT_CONSENSUS,100.0,0.0,0.0,0.0,110,50,4.6e-05,2.11,AREPA PAISA,N/A,matched,100.0,NO,5092.75,0.000845,EXITOSO
run_20260726_084433_08a1a2bb,4,daniel_11,daniel,MEDIO,RELEVANTE,False,282.18,20.93,0.0015,100.0,5.0,DON JAIME ENCONTRAMOS 750 KILOS DE ARVEJA AMARILLA TAMBIEN ENCONTRAMOS EN LA BODEGA 1 DOS KILOS DE CEBADA DE PERLA,don jaime encontramos 750 kilos de arveja amarilla también encontramos en la bodega 1 2 kilos de cebada de perla,3446.7,EXACT_CONSENSUS,100.0,0.0,0.0,0.0,140,50,5.1e-05,3.52,ARVEJA AMARILLA,N/A,matched,100.0,NO,3732.68,0.001551,EXITOSO
run_20260726_084433_08a1a2bb,4,daniel_12,daniel,MEDIO,RELEVANTE,False,281.12,13.68,0.00098,100.0,6.67,BUENOS DIAS SENORA ISABEL SON 4 UNIDADES DE SODA BRETANA Y 8 UNIDADES DE BONYURT,buenos días señora isabel son 4 unidades de soda bretaña y 8 unidades de bonjour,2719.35,EXACT_CONSENSUS,100.0,0.0,0.0,0.0,125,50,4.9e-05,2.28,SODA BRETAÑA,N/A,matched,100.0,NO,3002.97,0.001029,EXITOSO
run_20260726_084433_08a1a2bb,4,daniel_13,daniel,MEDIO,RELEVANTE,False,243.13,13.68,0.00098,100.0,6.67,KAROL ANOTE AHI QUE SON 60 KILOS DE CEBOLLA ROJA Y 50000 UNIDADES DE STEVIA,carol anote ahí que son 60 kilos de cebolla roja y 50000 unidades de stevia,4008.08,EXACT_CONSENSUS,100.0,0.0,0.0,0.0,125,50,4.9e-05,2.95,CEBOLLA ROJA,N/A,matched,100.0,NO,4254.4,0.001029,EXITOSO
run_20260726_084433_08a1a2bb,4,daniel_14,daniel,MEDIO,RELEVANTE,False,254.01,19.84,0.001422,100.0,6.25,UFF VI LA MORCILLA Y ME ANTOJE SON 700 KILOS DE MORCILLA Y 400 DE CHORIZO,uf vi la morcilla y me antojé son 700 kilos de morcilla y 400 de chorizo,5577.75,EXACT_CONSENSUS,100.0,0.0,0.0,0.0,128,50,4.9e-05,2.58,MORCILLA,N/A,matched,100.0,NO,5834.82,0.001471,EXITOSO
run_20260726_084433_08a1a2bb,4,daniel_15,daniel,MEDIO,RELEVANTE,False,302.76,23.34,0.001673,100.0,9.52,QUE MAN TAN SALADO NACHOS NATURALES POR 200 UNIDADES 400 UNIDADES DE NATUCHIPS Y 150 KILOS DE PAPA A LA FRANCESA,qué mantan salado nachos naturales por 200 unidades 400 unidades de natuchips y 150 kilos de papa a la francesa,6457.77,EXACT_CONSENSUS,100.0,0.0,0.0,0.0,140,65,6e-05,2.51,NACHOS NATURALES,N/A,matched,100.0,NO,6763.35,0.001733,EXITOSO
run_20260726_084433_08a1a2bb,4,daniel_16,daniel,DIFICIL,RELEVANTE,False,306.17,30.95,0.002218,100.0,32.0,PARCE IMAGINESE QUE VI ESTO NATUCHIPS Y ME ACORDE DE ANOCHE AUDIO INAUDIBLE 400 UNIDADES DE NATUCHIP 400 UNIDADES DE PAPAS MARGARITAS Y 200 COCACOLAS,parce imagínese que vi esos natuchips y me acordé 400 unidades de natuchips 400 unidades de papas margaritas y 200 coca-colas,5480.52,EXACT_CONSENSUS,100.0,0.0,0.0,0.0,143,65,6e-05,4.08,NATUCHIPS,N/A,matched,100.0,NO,5791.09,0.002278,EXITOSO
run_20260726_084433_08a1a2bb,4,daniel_17,daniel,DIFICIL,RELEVANTE,False,312.17,36.99,0.002651,100.0,0.0,AY AQUI ESTOY YO EN EL MISMO LUGAR QUE TE CONOCI SIGO PENSANDO EN TU BOCA PARCE NO SE PONGA A CANTAR QUE ESTAMOS HACIENDO EL INVENTARIO DICTE AHI 800 KILOS DE AZUCAR MORENA 700 KILOS DE CAFE Y 80 UNIDADES DE HAMBURGUESA MIXTA,ay aquí estoy yo en el mismo lugar que te conocí sigo pensando en tu boca parce no se ponga a cantar que estamos haciendo el inventario dicte ahí 800 kilos de azúcar morena 700 kilos de café y 80 unidades de hamburguesa mixta,4210.64,EXACT_CONSENSUS,100.0,0.0,0.0,0.0,212,65,7.1e-05,2.41,AZÚCAR MORENA,N/A,matched,100.0,NO,4525.73,0.002722,EXITOSO
run_20260726_084433_08a1a2bb,4,daniel_18,daniel,DIFICIL,RELEVANTE,False,215.8,30.35,0.002175,100.0,0.0,Y SU MAMA COMO SIGUE TENEMOS RATO SIN HABLAR ESPERA YA LE RESPONDO VOY A REGISTRAR UNOS PRODUCTOS EN LA HERRAMIENTA 19 KILOS DE BERENJENA 190 KILOS DE CHORIZO Y 700 LITROS DE AGUARDIENTE NECTAR,y su mamá cómo sigue tenemos rato sin hablar espera ya le respondo voy a registrar unos productos en la herramienta 19 kilos de berenjena 190 kilos de chorizo y 700 litros de aguardiente néctar,4668.42,EXACT_CONSENSUS,100.0,0.0,0.0,0.0,185,65,6.7e-05,2.76,BERENJENA,N/A,matched,100.0,NO,4887.53,0.002242,EXITOSO
run_20260726_084433_08a1a2bb,4,daniel_19,daniel,DIFICIL,RELEVANTE,False,330.2,40.13,0.002876,100.0,9.76,ESTO DE HACER EL INVENTARIO ES MUY TEDIOSO QUE HAGO AQUI CONTANDO UNAS ALCACHOFAS BUENO PERO SIGAMOS QUE SI NO NO TERMINAMOS HOY ALCACHOFAS 500 KILOS 400 UNIDADES DE BOTELLONES DE AGUA 19 KILOS DE ACELGA Y 60 KILOS DE AJO,esto al ser el inventario es muy tedioso qué hago aquí contando unas alcachofas bueno pero sigamos que sino no terminamos hoy alcachofas 500 kilos 400 unidades de botellones de agua 19 kilos de acelga y 60 kilos de ajo,6590.11,EXACT_CONSENSUS,100.0,0.0,0.0,0.0,200,80,7.8e-05,2.39,ALCACHOFAS,N/A,matched,100.0,NO,6923.16,0.002954,EXITOSO
run_20260726_084433_08a1a2bb,4,daniel_20,daniel,FACIL,RELEVANTE,False,417.52,5.95,0.000426,100.0,0.0,50 KILOS DE PAPA PASTUSA,50 kilos de papa pastusa,2859.24,EXACT_CONSENSUS,100.0,0.0,0.0,0.0,100,35,3.6e-05,2.51,PAPA PASTUSA,N/A,matched,100.0,NO,3279.46,0.000462,EXITOSO
run_20260726_084433_08a1a2bb,4,daniel_21,daniel,FACIL,RELEVANTE,False,161.03,4.75,0.00034,100.0,0.0,120 LITROS DE ACEITE DE GIRASOL,120 litros de aceite de girasol,3172.97,EXACT_CONSENSUS,100.0,0.0,0.0,0.0,100,35,3.6e-05,2.34,ACEITE DE GIRASOL,N/A,matched,100.0,NO,3336.47,0.000376,EXITOSO
run_20260726_084433_08a1a2bb,4,daniel_22,daniel,FACIL,RELEVANTE,False,264.54,5.23,0.000375,100.0,0.0,30 PORCIONES DE CARNE DE RES,30 porciones de carne de res,2313.31,EXACT_CONSENSUS,100.0,0.0,0.0,0.0,100,35,3.6e-05,3.07,CARNE DE RES,N/A,matched,100.0,NO,2581.11,0.000411,EXITOSO
run_20260726_084433_08a1a2bb,4,daniel_23,daniel,FACIL,RELEVANTE,False,253.21,5.83,0.000418,100.0,40.0,200 UNIDADES DE HUEVOS FRESCOS,200 unidades de huevo fresco,3440.67,EXACT_CONSENSUS,100.0,0.0,0.0,0.0,100,35,3.6e-05,2.04,HUEVO FRESCO,N/A,matched,100.0,NO,3696.05,0.000454,EXITOSO
run_20260726_084433_08a1a2bb,4,daniel_24,daniel,FACIL,RELEVANTE,False,341.33,5.47,0.000392,100.0,0.0,80 KILOS DE MANZANA ROJA,80 kilos de manzana roja,2494.49,EXACT_CONSENSUS,100.0,0.0,0.0,0.0,100,35,3.6e-05,2.65,MANZANA ROJA,N/A,matched,100.0,NO,2838.64,0.000428,EXITOSO
run_20260726_084433_08a1a2bb,4,daniel_25,daniel,FACIL,RELEVANTE,False,540.49,5.83,0.000418,100.0,20.0,15 LITROS DE LECHE ENTERA,15 litros de lechuga entera,7967.7,EXACT_CONSENSUS,100.0,0.0,0.0,0.0,100,35,3.6e-05,3.1,LECHUGA ENTERA,N/A,matched,100.0,NO,8511.44,0.000454,EXITOSO
run_20260726_084433_08a1a2bb,4,daniel_26,daniel,FACIL,RELEVANTE,False,441.97,5.71,0.000409,100.0,25.0,40 KILOS DE ZANAHORIA,400 kilos de zanahoria,3250.78,EXACT_CONSENSUS,100.0,0.0,0.0,0.0,100,35,3.6e-05,2.39,ZANAHORIA,N/A,matched,100.0,NO,3695.28,0.000445,EXITOSO
run_20260726_084433_08a1a2bb,4,daniel_27,daniel,FACIL,RELEVANTE,False,790.11,6.32,0.000453,100.0,0.0,500 UNIDADES DE VASOS DESECHABLES,500 unidades de vasos desechables,2420.74,EXACT_CONSENSUS,100.0,0.0,0.0,0.0,100,35,3.6e-05,4.02,VASOS DESECHABLES,N/A,matched,100.0,NO,3215.08,0.000489,EXITOSO
run_20260726_084433_08a1a2bb,4,daniel_28,daniel,FACIL,RELEVANTE,False,264.94,6.92,0.000496,100.0,20.0,90 KILOS DE LIMON TAITI,90 kilos de limón tahití,3079.51,EXACT_CONSENSUS,100.0,0.0,0.0,0.0,100,35,3.6e-05,2.67,LIMÓN TAHITÍ,N/A,matched,100.0,NO,3347.35,0.000532,EXITOSO
run_20260726_084433_08a1a2bb,4,daniel_29,daniel,FACIL,RELEVANTE,False,548.02,6.56,0.00047,100.0,0.0,25 PORCIONES DE POLLO ASADO,25 porciones de pollo asado,1729.04,EXACT_CONSENSUS,100.0,0.0,0.0,0.0,100,35,3.6e-05,2.39,POLLO ASADO,N/A,matched,100.0,NO,2279.65,0.000506,EXITOSO
run_20260726_084433_08a1a2bb,4,daniel_30,daniel,FACIL,RELEVANTE,False,167.04,5.47,0.000392,100.0,0.0,300 KILOS DE ARROZ BLANCO,300 kilos de arroz blanco,2514.33,EXACT_CONSENSUS,100.0,0.0,0.0,0.0,100,35,3.6e-05,2.64,ARROZ BLANCO,N/A,matched,100.0,NO,2684.36,0.000428,EXITOSO
run_20260726_084433_08a1a2bb,4,daniel_31,daniel,FACIL,RELEVANTE,False,310.68,6.44,0.000462,100.0,0.0,150 LITROS DE JUGO DE NARANJA,150 litros de jugo de naranja,10157.59,EXACT_CONSENSUS,100.0,0.0,0.0,0.0,100,35,3.6e-05,3.02,JUGO DE NARANJA,N/A,matched,100.0,NO,10471.43,0.000498,EXITOSO
run_20260726_084433_08a1a2bb,4,daniel_32,daniel,FACIL,RELEVANTE,False,186.19,6.92,0.000496,100.0,20.0,60 UNIDADES DE PAN HAMBURGUESA,60 unidades de pan de hamburguesa,3700.14,EXACT_CONSENSUS,100.0,0.0,0.0,0.0,100,35,3.6e-05,2.33,PAN DE HAMBURGUESA,N/A,matched,100.0,NO,3888.8,0.000532,EXITOSO
run_20260726_084433_08a1a2bb,4,daniel_33,daniel,FACIL,RELEVANTE,False,252.1,5.23,0.000375,100.0,0.0,75 KILOS DE CEBOLLA CABEZONA,75 kilos de cebolla cabezona,2265.05,EXACT_CONSENSUS,100.0,0.0,0.0,0.0,100,35,3.6e-05,2.52,CEBOLLA CABEZONA,N/A,matched,100.0,NO,2519.84,0.000411,EXITOSO
run_20260726_084433_08a1a2bb,4,daniel_34,daniel,FACIL,RELEVANTE,False,668.88,7.4,0.00053,100.0,0.0,50 PORCIONES DE LASANA DE CARNE,50 porciones de lasaña de carne,3443.94,EXACT_CONSENSUS,100.0,0.0,0.0,0.0,100,35,3.6e-05,2.59,LASAÑA DE CARNE,N/A,matched,100.0,NO,4115.59,0.000566,EXITOSO
run_20260726_084433_08a1a2bb,4,daniel_35,daniel,FACIL,RELEVANTE,False,279.31,9.09,0.000651,100.0,0.0,100 KILOS DE TOMATE DE ARBOL,100 kilos de tomate de árbol,2294.61,EXACT_CONSENSUS,100.0,0.0,0.0,0.0,100,35,3.6e-05,2.79,TOMATE DE ÁRBOL,N/A,matched,100.0,NO,2576.86,0.000687,EXITOSO
run_20260726_084433_08a1a2bb,4,daniel_36,daniel,FACIL,RELEVANTE,False,268.02,6.56,0.00047,100.0,0.0,400 LITROS DE DETERGENTE LIQUIDO,400 litros de detergente líquido,2584.35,EXACT_CONSENSUS,100.0,0.0,0.0,0.0,100,35,3.6e-05,2.28,DETERGENTE LÍQUIDO,N/A,matched,100.0,NO,2854.86,0.000506,EXITOSO
run_20260726_084433_08a1a2bb,4,daniel_37,daniel,FACIL,RELEVANTE,False,267.66,6.68,0.000479,100.0,0.0,800 UNIDADES DE SERVILLETA DE PAPEL,800 unidades de servilleta de papel,2481.78,EXACT_CONSENSUS,100.0,0.0,0.0,0.0,100,35,3.6e-05,2.55,SERVILLETA DE PAPEL,N/A,matched,100.0,NO,2752.15,0.000515,EXITOSO
run_20260726_084433_08a1a2bb,4,daniel_38,daniel,FACIL,RELEVANTE,False,272.48,7.28,0.000522,100.0,0.0,35 KILOS DE QUESO CAMPESINO,35 kilos de queso campesino,3058.91,EXACT_CONSENSUS,100.0,0.0,0.0,0.0,100,35,3.6e-05,2.31,QUESO CAMPESINO,N/A,matched,100.0,NO,3333.94,0.000558,EXITOSO
run_20260726_084433_08a1a2bb,4,daniel_39,daniel,FACIL,RELEVANTE,False,163.41,5.95,0.000426,100.0,0.0,12 PORCIONES DE SALMON FRESCO,12 porciones de salmón fresco,2427.07,EXACT_CONSENSUS,100.0,0.0,0.0,0.0,100,35,3.6e-05,2.79,SALMÓN FRESCO,N/A,matched,100.0,NO,2593.46,0.000462,EXITOSO
run_20260726_084433_08a1a2bb,4,daniel_40,daniel,FACIL,RELEVANTE,False,1666.41,8.37,0.0006,100.0,0.0,45 KILOS DE PAPAYA MARADOL,45 kilos de papaya maradol,2467.13,EXACT_CONSENSUS,100.0,0.0,0.0,0.0,100,35,3.6e-05,2.38,PAPAYA MARADOL,N/A,matched,100.0,NO,4136.04,0.000636,EXITOSO
run_20260726_084433_08a1a2bb,4,daniel_41,daniel,FACIL,RELEVANTE,False,362.24,6.92,0.000496,100.0,0.0,600 UNIDADES DE TENEDOR PLASTICO,600 unidades de tenedor plástico,2186.76,EXACT_CONSENSUS,100.0,0.0,0.0,0.0,100,35,3.6e-05,2.21,TENEDOR PLÁSTICO,N/A,matched,100.0,NO,2551.35,0.000532,EXITOSO
run_20260726_084433_08a1a2bb,4,daniel_42,daniel,FACIL,RELEVANTE,False,225.61,5.83,0.000418,100.0,0.0,200 KILOS DE HARINA DE TRIGO,200 kilos de harina de trigo,2534.21,EXACT_CONSENSUS,100.0,0.0,0.0,0.0,100,35,3.6e-05,2.25,HARINA DE TRIGO,N/A,matched,100.0,NO,2762.21,0.000454,EXITOSO
run_20260726_084433_08a1a2bb,4,daniel_43,daniel,FACIL,RELEVANTE,False,448.73,6.8,0.000487,100.0,0.0,85 LITROS DE AGUA EMBOTELLADA,85 litros de agua embotellada,5739.66,EXACT_CONSENSUS,100.0,0.0,0.0,0.0,100,35,3.6e-05,2.6,AGUA EMBOTELLADA,N/A,matched,100.0,NO,6191.15,0.000523,EXITOSO
run_20260726_084433_08a1a2bb,4,daniel_44,daniel,FACIL,RELEVANTE,False,261.11,6.32,0.000453,100.0,20.0,110 KILOS DE PLATANO VERDE,110 litros de plátano verde,7881.35,EXACT_CONSENSUS,100.0,0.0,0.0,0.0,100,35,3.6e-05,2.25,PLÁTANO VERDE,N/A,matched,100.0,NO,8144.89,0.000489,EXITOSO
run_20260726_084433_08a1a2bb,4,daniel_45,daniel,FACIL,RELEVANTE,False,733.85,6.68,0.000479,100.0,16.67,40 PORCIONES DE PUDIN DE CHOCOLATE,40 porciones de budín de chocolate,2554.05,EXACT_CONSENSUS,100.0,0.0,0.0,0.0,100,35,3.6e-05,2.52,BUDÍN DE CHOCOLATE,N/A,matched,100.0,NO,3290.54,0.000515,EXITOSO
run_20260726_084433_08a1a2bb,4,daniel_46,daniel,FACIL,RELEVANTE,False,435.85,6.92,0.000496,100.0,0.0,350 UNIDADES DE PLATOS DESECHABLES,350 unidades de platos desechables,2715.12,EXACT_CONSENSUS,100.0,0.0,0.0,0.0,100,35,3.6e-05,2.58,PLATOS DESECHABLES,N/A,matched,100.0,NO,3153.72,0.000532,EXITOSO
run_20260726_084433_08a1a2bb,4,daniel_47,daniel,FACIL,RELEVANTE,False,275.3,9.58,0.000687,100.0,0.0,800 KILOS DE GUAYABA Y 15 PORCIONES DE LOMO DE CERDO,800 kilos de guayaba y 15 porciones de lomo de cerdo,2453.29,EXACT_CONSENSUS,100.0,0.0,0.0,0.0,113,50,4.7e-05,2.05,GUAYABA,N/A,matched,100.0,NO,2730.8,0.000734,EXITOSO
run_20260726_084433_08a1a2bb,4,daniel_48,daniel,FACIL,RELEVANTE,False,260.46,6.8,0.000487,100.0,20.0,50 LITROS DE DESINFECTANTE MULTIUSOS,50 litros de desinfectante multiuso,2944.21,EXACT_CONSENSUS,100.0,0.0,0.0,0.0,100,35,3.6e-05,2.53,DESINFECTANTE MULTIUSO,N/A,matched,100.0,NO,3207.34,0.000523,EXITOSO
run_20260726_084433_08a1a2bb,4,daniel_49,daniel,FACIL,RELEVANTE,False,274.26,6.68,0.000479,100.0,0.0,18 PORCIONES DE PECHUGA A LA PLANCHA,18 porciones de pechuga a la plancha,2965.25,EXACT_CONSENSUS,100.0,0.0,0.0,0.0,101,35,3.6e-05,2.61,PECHUGA A LA PLANCHA,N/A,matched,100.0,NO,3242.3,0.000515,EXITOSO
run_20260726_084433_08a1a2bb,4,daniel_50,daniel,FACIL,RELEVANTE,False,276.25,11.27,0.000808,100.0,0.0,120 KILOS DE YUCA BLANCA Y 45 KILOS DE MARACUYA,120 kilos de yuca blanca y 45 kilos de maracuyá,2378.87,EXACT_CONSENSUS,100.0,0.0,0.0,0.0,110,50,4.6e-05,2.35,YUCA BLANCA,N/A,matched,100.0,NO,2657.64,0.000854,EXITOSO
run_20260726_084433_08a1a2bb,4,daniel_51,daniel,FACIL,RELEVANTE,False,303.37,8.37,0.0006,100.0,0.0,300 UNIDADES DE BOLSA PLASTICA Y 20 LITROS DE JABON LIQUIDO,300 unidades de bolsa plástica y 20 litros de jabón líquido,2445.22,EXACT_CONSENSUS,100.0,0.0,0.0,0.0,113,50,4.7e-05,3.25,BOLSA PLÁSTICA,N/A,matched,100.0,NO,2752.18,0.000647,EXITOSO
run_20260726_084433_08a1a2bb,4,daniel_52,daniel,FACIL,RELEVANTE,False,276.13,9.21,0.00066,100.0,0.0,80 KILOS DE GUAYABA Y 15 PORCIONES DE LOMO DE CERDO,80 kilos de guayaba y 15 porciones de lomo de cerdo,2080.05,EXACT_CONSENSUS,100.0,0.0,0.0,0.0,113,50,4.7e-05,3.35,GUAYABA,N/A,matched,100.0,NO,2359.84,0.000707,EXITOSO
run_20260726_084433_08a1a2bb,4,daniel_53,daniel,FACIL,RELEVANTE,False,263.37,11.03,0.00079,100.0,0.0,150 UNIDADES DE EMPAQUE PARA SUBSIDIO Y 90 KILOS DE MANGO,150 unidades de empaque para subsidio y 90 kilos de mango,4981.03,EXACT_CONSENSUS,100.0,0.0,0.0,0.0,113,50,4.7e-05,2.44,EMPAQUE PARA SUBSIDIO,N/A,matched,100.0,NO,5247.11,0.000837,EXITOSO
run_20260726_084433_08a1a2bb,4,daniel_54,daniel,FACIL,RELEVANTE,False,487.04,11.51,0.000825,100.0,0.0,400 UNIDADES DE CUCHILLO PLASTICO Y 60 LITROS DE LECHE DE SOYA,400 unidades de cuchillo plástico y 60 litros de leche de soya,4692.81,EXACT_CONSENSUS,100.0,0.0,0.0,0.0,116,50,4.7e-05,2.43,CUCHILLO PLÁSTICO,N/A,matched,100.0,NO,5182.46,0.000872,EXITOSO
run_20260726_084433_08a1a2bb,4,daniel_55,daniel,FACIL,RELEVANTE,False,287.52,13.44,0.000963,100.0,16.67,70 KILOS DE PINA ORO MIEL Y 250 UNIDADES DE GORRO DESECHABLE,70 kilos de pina oromiel y 250 unidades de gorro desechable,4530.24,EXACT_CONSENSUS,100.0,0.0,0.0,0.0,113,50,4.7e-05,3.03,PINA OROMIEL,N/A,matched,100.0,NO,4820.99,0.00101,EXITOSO
run_20260726_084433_08a1a2bb,4,daniel_56,daniel,FACIL,RELEVANTE,False,776.59,9.94,0.000712,100.0,0.0,95 KILOS DE BROCOLI Y 35 PORCIONES DE SOPA DE VERDURAS,95 kilos de brócoli y 35 porciones de sopa de verduras,2462.49,EXACT_CONSENSUS,100.0,0.0,0.0,0.0,113,50,4.7e-05,2.47,BRÓCOLI,N/A,matched,100.0,NO,3241.81,0.000759,EXITOSO
run_20260726_084433_08a1a2bb,4,daniel_57,daniel,FACIL,RELEVANTE,False,331.28,9.46,0.000678,100.0,0.0,500 UNIDADES DE TAPA PLASTICA Y 130 LITROS DE CLORO,500 unidades de tapa plástica y 130 litros de cloro,2321.03,EXACT_CONSENSUS,100.0,0.0,0.0,0.0,110,50,4.6e-05,3.62,TAPA PLÁSTICA,N/A,matched,100.0,NO,2656.19,0.000724,EXITOSO
run_20260726_084433_08a1a2bb,4,daniel_58,daniel,FACIL,RELEVANTE,False,302.63,8.85,0.000634,100.0,0.0,85 KILOS DE PERA VERDE Y 40 LITROS DE ACEITE DE OLIVA,85 kilos de pera verde y 40 litros de aceite de oliva,8134.74,EXACT_CONSENSUS,100.0,0.0,0.0,0.0,116,50,4.7e-05,2.85,PERA VERDE,N/A,matched,100.0,NO,8440.43,0.000681,EXITOSO
run_20260726_084433_08a1a2bb,4,daniel_59,daniel,FACIL,RELEVANTE,False,268.34,9.21,0.00066,100.0,0.0,220 UNIDADES DE CAJA DE CARTON Y 15 KILOS DE MANTEQUILLA,220 unidades de caja de cartón y 15 kilos de mantequilla,2906.23,EXACT_CONSENSUS,100.0,0.0,0.0,0.0,113,50,4.7e-05,3.66,CAJA DE CARTÓN,N/A,matched,100.0,NO,3178.44,0.000707,EXITOSO
run_20260726_084433_08a1a2bb,4,daniel_60,daniel,FACIL,RELEVANTE,False,307.12,6.8,0.000487,100.0,0.0,150 KILOS DE PAPA CRIOLLA,150 kilos de papa criolla,2886.81,EXACT_CONSENSUS,100.0,0.0,0.0,0.0,100,35,3.6e-05,2.95,PAPA CRIOLLA,N/A,matched,100.0,NO,3197.03,0.000523,EXITOSO
run_20260726_084433_08a1a2bb,4,daniel_61,daniel,FACIL,RELEVANTE,False,259.98,5.71,0.000409,100.0,0.0,80 LITROS DE VINAGRE BLANCO,80 litros de vinagre blanco,2787.8,EXACT_CONSENSUS,100.0,0.0,0.0,0.0,100,35,3.6e-05,3.24,VINAGRE BLANCO,N/A,matched,100.0,NO,3051.2,0.000445,EXITOSO
run_20260726_084433_08a1a2bb,4,daniel_62,daniel,FACIL,RELEVANTE,False,272.46,6.07,0.000435,100.0,0.0,400 UNIDADES DE MECHERO PARA VELA,400 unidades de mechero para vela,1669.41,EXACT_CONSENSUS,100.0,0.0,0.0,0.0,100,35,3.6e-05,2.69,MECHERO PARA VELA,N/A,matched,100.0,NO,1944.73,0.000471,EXITOSO
run_20260726_084433_08a1a2bb,4,daniel_63,daniel,FACIL,RELEVANTE,False,266.76,8.13,0.000583,100.0,0.0,90 KILOS DE DURAZNO EN ALMIBAR,90 kilos de durazno en almíbar,5566.93,EXACT_CONSENSUS,100.0,0.0,0.0,0.0,100,35,3.6e-05,2.77,DURAZNO EN ALMÍBAR,N/A,matched,100.0,NO,5836.68,0.000619,EXITOSO
run_20260726_084433_08a1a2bb,4,daniel_64,daniel,FACIL,RELEVANTE,False,166.44,5.47,0.000392,100.0,0.0,35 PORCIONES DE FILETE DE POLLO,35 porciones de filete de pollo,2947.67,EXACT_CONSENSUS,100.0,0.0,0.0,0.0,100,35,3.6e-05,2.9,FILETE DE POLLO,N/A,matched,100.0,NO,3117.23,0.000428,EXITOSO
run_20260726_084433_08a1a2bb,4,daniel_65,daniel,FACIL,RELEVANTE,False,599.6,8.01,0.000574,100.0,0.0,600 UNIDADES DE CAPUCHON DE PAPEL,600 unidades de capuchón de papel,2162.57,EXACT_CONSENSUS,100.0,0.0,0.0,0.0,100,35,3.6e-05,3.05,CAPUCHÓN DE PAPEL,N/A,matched,100.0,NO,2765.4,0.00061,EXITOSO
run_20260726_084433_08a1a2bb,4,daniel_66,daniel,FACIL,RELEVANTE,False,278.62,6.56,0.00047,100.0,0.0,110 KILOS DE AJO EN POLVO,110 kilos de ajo en polvo,2873.01,EXACT_CONSENSUS,100.0,0.0,0.0,0.0,100,35,3.6e-05,2.61,AJO EN POLVO,N/A,matched,100.0,NO,3154.43,0.000506,EXITOSO
run_20260726_084433_08a1a2bb,4,daniel_67,daniel,FACIL,RELEVANTE,False,259.82,6.8,0.000487,100.0,0.0,75 LITROS DE JUGO DE MARACUYA,75 litros de jugo de maracuyá,3009.31,EXACT_CONSENSUS,100.0,0.0,0.0,0.0,100,35,3.6e-05,2.37,JUGO DE MARACUYÁ,N/A,matched,100.0,NO,3271.65,0.000523,EXITOSO
run_20260726_084433_08a1a2bb,4,daniel_68,daniel,FACIL,RELEVANTE,False,355.3,6.32,0.000453,100.0,0.0,50 PORCIONES DE CARNE MOLIDA,50 porciones de carne molida,2843.77,EXACT_CONSENSUS,100.0,0.0,0.0,0.0,100,35,3.6e-05,2.26,CARNE MOLIDA,N/A,matched,100.0,NO,3201.47,0.000489,EXITOSO
run_20260726_084433_08a1a2bb,4,daniel_70,daniel,MEDIO,RELEVANTE,False,188.47,16.82,0.001205,100.0,4.55,HOLA BUENAS TARDES PARA INFORMAR QUE EN EL ESTANTE TRES TENEMOS 45 KILOS DE AVENA EN HOJUELAS Y 20 LITROS DE MIEL,hola buenas tardes para informar que en el estante 3 tenemos 45 kilos de avena en hojuelas y 20 litros de miel,4215.82,EXACT_CONSENSUS,100.0,0.0,0.0,0.0,146,50,5.2e-05,2.98,AVENA EN HOJUELAS,N/A,matched,100.0,NO,4407.61,0.001257,EXITOSO
run_20260726_084433_08a1a2bb,4,daniel_71,daniel,MEDIO,RELEVANTE,False,278.37,13.32,0.000955,100.0,0.0,DON MARIO REVISANDO EL CONGELADOR HAY 80 PORCIONES DE PESCADO Y 120 KILOS DE ESPINACA,don mario revisando el congelador hay 80 porciones de pescado y 120 kilos de espinaca,4168.28,EXACT_CONSENSUS,100.0,0.0,0.0,0.0,125,50,4.9e-05,2.44,PESCADO,N/A,matched,100.0,NO,4449.34,0.001004,EXITOSO
run_20260726_084433_08a1a2bb,4,daniel_72,daniel,MEDIO,RELEVANTE,False,461.5,17.3,0.00124,100.0,6.25,OIGA MARGARITA ANOTE POR FAVOR SON 300 UNIDADES DE EMPAQUE TERMOFORMADO Y 15 KILOS DE CANELA,oiga margarita anote por favor son 300 unidades de empaque terraformado y 15 kilos de canela,4031.91,EXACT_CONSENSUS,100.0,0.0,0.0,0.0,128,50,4.9e-05,2.89,EMPAQUE TERRAFORMADO,N/A,matched,100.0,NO,4496.6,0.001289,EXITOSO
run_20260726_084433_08a1a2bb,4,daniel_73,daniel,MEDIO,RELEVANTE,False,287.45,17.06,0.001223,100.0,0.0,HOLA CARLOS COMO VAS MIRA AQUI REVISANDO LA BODEGA PRINCIPAL HAY 90 KILOS DE LENTEJA Y 200 LITROS DE VINAGRE,hola carlos cómo vas mira aquí revisando la bodega principal hay 90 kilos de lenteja y 200 litros de vinagre,5270.89,EXACT_CONSENSUS,100.0,0.0,0.0,0.0,140,50,5.1e-05,2.94,LENTEJA,N/A,matched,100.0,NO,5561.74,0.001274,EXITOSO
run_20260726_084433_08a1a2bb,4,daniel_74,daniel,MEDIO,RELEVANTE,False,839.59,14.41,0.001033,100.0,6.25,BUENAS NOCHES EQUIPO CONFIRMO RECEPCION DE 150 UNIDADES DE BANDEJA ICOPOR Y 60 KILOS DE GUISANTES,buenas noches equipo confirmo recepción de 150 unidades de bandeja de icopor y 60 kilos de guisantes,2297.77,EXACT_CONSENSUS,100.0,0.0,0.0,0.0,131,50,5e-05,2.77,BANDEJA DE ICOPOR,N/A,matched,100.0,NO,3140.34,0.001083,EXITOSO
run_20260726_084433_08a1a2bb,4,daniel_75,daniel,MEDIO,RELEVANTE,False,695.45,14.16,0.001015,100.0,0.0,HOLA JEFE YA LLEGARON LOS INSUMOS SON 500 UNIDADES DE PALILLOS DE DIENTES Y 30 LITROS DE SALSA DE TOMATE,hola jefe ya llegaron los insumos son 500 unidades de palillos de dientes y 30 litros de salsa de tomate,5268.12,EXACT_CONSENSUS,100.0,0.0,0.0,0.0,140,50,5.1e-05,2.3,PALILLOS DE DIENTES,N/A,matched,100.0,NO,5966.14,0.001066,EXITOSO
run_20260726_084433_08a1a2bb,4,daniel_76,daniel,MEDIO,RELEVANTE,False,554.44,16.34,0.001171,100.0,0.0,DON ALBERTO REVISE EL SECTOR B Y TENEMOS 70 PORCIONES DE PECHUGA Y 40 KILOS DE LIMA,don alberto revisé el sector b y tenemos 70 porciones de pechuga y 40 kilos de lima,4975.92,EXACT_CONSENSUS,100.0,0.0,0.0,0.0,131,50,5e-05,2.3,PECHUGA,N/A,matched,100.0,NO,5532.91,0.001221,EXITOSO
run_20260726_084433_08a1a2bb,4,daniel_77,daniel,MEDIO,RELEVANTE,False,313.04,23.46,0.001681,100.0,10.0,QUE MAS PUES HERMANO AQUI REPORTANDO EN LA LISTA VAN 250 UNIDADES DE CAPUCHON PLASTICO Y 85 KILOS DE GARBANZO,qué más puede ser hermano aquí reportando en la lista van 250 unidades de capuchón plástico y 85 kilos de garbanzo,4672.5,EXACT_CONSENSUS,100.0,0.0,0.0,0.0,143,50,5.1e-05,2.41,CAPUCHÓN PLÁSTICO,N/A,matched,100.0,NO,4988.22,0.001732,EXITOSO
run_20260726_084433_08a1a2bb,4,daniel_78,daniel,MEDIO,RELEVANTE,False,301.52,12.23,0.000876,100.0,0.0,NIDIA CONFIRMA SI LLEGARON 100 LITROS DE CREMA DE LECHE Y 40 KILOS DE MANI SALADO,nidia confirma si llegaron 100 litros de crema de leche y 40 kilos de maní salado,4080.08,EXACT_CONSENSUS,100.0,0.0,0.0,0.0,128,50,4.9e-05,2.74,CREMA DE LECHE,N/A,matched,100.0,NO,4384.73,0.000925,EXITOSO
run_20260726_084433_08a1a2bb,4,daniel_79,daniel,MEDIO,RELEVANTE,False,287.08,16.94,0.001214,100.0,0.0,BUENOS DIAS ALMACEN DICTO CONTEO RAPIDO 60 PORCIONES DE ARROZ CON POLLO Y 18 KILOS DE OREGANO,buenos días almacén dicto conteo rápido 60 porciones de arroz con pollo y 18 kilos de orégano,7125.98,EXACT_CONSENSUS,100.0,0.0,0.0,0.0,131,50,5e-05,3.14,ARROZ CON POLLO,N/A,matched,100.0,NO,7416.46,0.001264,EXITOSO
run_20260726_084433_08a1a2bb,4,daniel_80,daniel,MEDIO,RELEVANTE,False,561.29,21.29,0.001526,100.0,0.0,HOLA A TODOS ESPERO ESTEN BIEN REVISANDO HOY SE INGRESAN 500 UNIDADES DE POPOTE BIO Y 75 LITROS DE DESINFECTANTE,hola a todos espero estén bien revisando hoy se ingresan 500 unidades de popote bio y 75 litros de desinfectante,3072.86,EXACT_CONSENSUS,100.0,0.0,0.0,0.0,140,50,5.1e-05,2.16,POPOTE BIO,N/A,matched,100.0,NO,3636.56,0.001577,EXITOSO
run_20260726_084433_08a1a2bb,4,daniel_81,daniel,MEDIO,RELEVANTE,False,291.19,17.18,0.001231,100.0,5.88,SENOR LUCHO ME DICE SI COPIO 35 KILOS DE UVA PASA Y 120 PORCIONES DE PASTA BOLOGNESA,señor lucho me dice si copió 35 kilos de uva pasa y 120 porciones de pasta boloñesa,4318.79,EXACT_CONSENSUS,100.0,0.0,0.0,0.0,131,50,5e-05,2.2,UVA PASA,N/A,matched,100.0,NO,4612.43,0.001281,EXITOSO
run_20260726_084433_08a1a2bb,4,daniel_82,daniel,MEDIO,RELEVANTE,False,386.4,16.94,0.001214,100.0,0.0,CHICOS REVISEN LA SECCION DE ASEO HAY 90 LITROS DE JABON MULTIUSOS Y 400 UNIDADES DE ESPONJA,chicos revisen la sección de aseo hay 90 litros de jabón multiusos y 400 unidades de esponja,2497.06,EXACT_CONSENSUS,100.0,0.0,0.0,0.0,131,50,5e-05,3.08,JABÓN MULTIUSOS,N/A,matched,100.0,NO,2886.81,0.001264,EXITOSO
run_20260726_084433_08a1a2bb,4,daniel_83,daniel,MEDIO,RELEVANTE,False,293.21,17.43,0.001249,100.0,6.25,HOLA LINA DICTO INVENTARIO DE REFRIGERADOR 65 KILOS DE QUESO MOZZARELLA Y 25 LITROS DE YOGURT,hola lina dicto inventario de refrigerador 65 kilos de queso mozzarella y 25 litros de yogur,5093.22,EXACT_CONSENSUS,100.0,0.0,0.0,0.0,128,50,4.9e-05,2.27,QUESO MOZZARELLA,N/A,matched,100.0,NO,5389.0,0.001298,EXITOSO
run_20260726_084433_08a1a2bb,4,daniel_84,daniel,MEDIO,RELEVANTE,False,405.48,17.55,0.001258,100.0,0.0,DON ROBERTO BUENAS TARDES TENEMOS EN STOCK 180 UNIDADES DE ENVASE ALUMINIO Y 50 KILOS DE AVENA,don roberto buenas tardes tenemos en stock 180 unidades de envase aluminio y 50 kilos de avena,5072.47,EXACT_CONSENSUS,100.0,0.0,0.0,0.0,131,50,5e-05,3.35,ENVASE ALUMINIO,N/A,matched,100.0,NO,5481.54,0.001308,EXITOSO
run_20260726_084433_08a1a2bb,4,daniel_85,daniel,MEDIO,OMITIR,True,349.09,13.08,0.000937,0.0,0.0,HOLA AMIGOS COMO ESTAN HACE MUCHO CALOR HOY PERO SEGUIMOS CON EL CONTEO,hola amigos cómo están hace mucho calor hoy pero seguimos con el conteo,5968.31,EXACT_CONSENSUS,100.0,100.0,100.0,100.0,119,30,3.6e-05,0.0,N/A,N/A,OMITIDO,0.0,NO,6317.53,0.000973,EXITOSO
run_20260726_084433_08a1a2bb,4,daniel_86,daniel,MEDIO,OMITIR,True,530.98,12.72,0.000912,0.0,0.0,DON PEDRO ME ESCUCHA BUENOS DIAS SOLO QUERIA SALUDAR Y SABER A QUE HORA LLEGA EL CAMION,don pedro me escucha buenos días solo quería saludar y saber a qué hora llega el camión,7195.73,EXACT_CONSENSUS,100.0,100.0,100.0,100.0,131,30,3.8e-05,0.0,N/A,N/A,OMITIDO,0.0,NO,7726.83,0.00095,EXITOSO
run_20260726_084433_08a1a2bb,4,daniel_88,daniel,MEDIO,RELEVANTE,False,295.61,16.22,0.001162,100.0,5.88,HOLA MARIA CONFIRMO QUE LLEGARON 300 UNIDADES DE BOLSA PAPEL KRAFT Y 40 KILOS DE COCO RALLADO,hola maría confirmo que llegaron 300 unidades de bolsa papel craft y 40 kilos de coco rallado,4390.9,EXACT_CONSENSUS,100.0,0.0,0.0,0.0,131,50,5e-05,2.1,BOLSA PAPEL CRAFT,N/A,matched,100.0,NO,4688.85,0.001212,EXITOSO
run_20260726_084433_08a1a2bb,4,daniel_89,daniel,MEDIO,RELEVANTE,False,291.62,13.44,0.000963,100.0,0.0,SALUDOS A TODOS REGISTRO 95 LITROS DE JUGO DE MORA Y 50 PORCIONES DE CARNE DESMECHADA,saludos a todos registro 95 litros de jugo de mora y 50 porciones de carne desmechada,3816.29,EXACT_CONSENSUS,100.0,0.0,0.0,0.0,128,50,4.9e-05,3.14,JUGO DE MORA,N/A,matched,100.0,NO,4111.43,0.001012,EXITOSO
run_20260726_084433_08a1a2bb,4,daniel_90,daniel,MEDIO,RELEVANTE,False,293.33,15.86,0.001137,100.0,5.56,OIGA ANDRES REVISE EL ESTANTE CUATRO HAY 40 KILOS DE AJONJOLI Y 12 LITROS DE ESENCIA DE VAINILLA,oiga andrés revise el estante 4 hay 40 kilos de ajonjolí y 12 litros de esencia de vainilla,13803.22,EXACT_CONSENSUS,100.0,0.0,0.0,0.0,134,50,5e-05,3.12,AJONJOLÍ,N/A,matched,100.0,NO,14099.95,0.001187,EXITOSO
run_20260726_084433_08a1a2bb,4,daniel_91,daniel,MEDIO,RELEVANTE,False,283.02,13.68,0.00098,100.0,6.67,BUENAS DIAS CONFIRMO QUE TENEMOS 220 UNIDADES DE VASO CARTON Y 70 KILOS DE CAMOTE,buenos días confirmo que tenemos 220 unidades de vaso cartón y 70 kilos de camote,4020.85,EXACT_CONSENSUS,100.0,0.0,0.0,0.0,125,50,4.9e-05,2.24,VASO CARTÓN,N/A,matched,100.0,NO,4306.34,0.001029,EXITOSO
run_20260726_084433_08a1a2bb,4,daniel_92,daniel,MEDIO,RELEVANTE,False,274.32,15.01,0.001076,100.0,0.0,DON FELIPE LE INFORMO QUE SE CONTARON 85 PORCIONES DE EMBUTIDO Y 30 LITROS DE SIROPE,don felipe le informo que se contaron 85 porciones de embutido y 30 litros de sirope,2692.8,EXACT_CONSENSUS,100.0,0.0,0.0,0.0,128,50,4.9e-05,2.24,EMBUTIDO,N/A,matched,100.0,NO,2969.62,0.001125,EXITOSO
run_20260726_084433_08a1a2bb,4,daniel_93,daniel,MEDIO,OMITIR,True,246.45,12.84,0.00092,0.0,0.0,CHICOS NO OLVIDEN QUE HOY HAY REUNION A LAS CUATRO DE LA TARDE EN LA SALA PRINCIPAL,chicos no olviden que hoy hay reunión a las 4 de la tarde en la sala principal,5629.4,EXACT_CONSENSUS,100.0,100.0,100.0,100.0,131,30,3.8e-05,0.0,N/A,N/A,OMITIDO,0.0,NO,5875.93,0.000958,EXITOSO
run_20260726_084433_08a1a2bb,4,daniel_94,daniel,MEDIO,RELEVANTE,False,458.66,17.79,0.001275,100.0,0.0,HOLA DIANA POR FAVOR ANOTA 400 UNIDADES DE MECHA PARA TRAPEADOR Y 50 LITROS DE CERA,hola diana por favor anota 400 unidades de mecha para trapeador y 50 litros de cera,4179.77,EXACT_CONSENSUS,100.0,0.0,0.0,0.0,128,50,4.9e-05,2.85,MECHA PARA TRAPEADOR,N/A,matched,100.0,NO,4641.51,0.001324,EXITOSO
run_20260726_084433_08a1a2bb,4,daniel_95,daniel,DIFICIL,RELEVANTE,False,658.06,24.19,0.001734,100.0,0.0,PARCE SE CAYO UNA CAJA ESPERA REVISO BUENO DICTE AHI 50 KILOS DE ATUN Y 300 UNIDADES DE LATA,parce se cayó una caja espera reviso bueno dicte ahí 50 kilos de atún y 300 unidades de lata,28471.93,EXACT_CONSENSUS,100.0,0.0,0.0,0.0,137,50,5.1e-05,267.45,ATÚN,N/A,matched,100.0,NO,29397.69,0.001785,EXITOSO
run_20260726_084433_08a1a2bb,4,daniel_96,daniel,DIFICIL,RELEVANTE,False,307.6,32.16,0.002305,100.0,5.26,QUE DIJO NO SE LE ESCUCHA BIEN AH YA DIJO 150 LITROS DE ACEITE Y 80 KILOS DE MAIZ,qué dijo que no se le escucha bien ah ya dijo 150 litros de aceite y 80 kilos de maíz,6589.93,EXACT_CONSENSUS,100.0,0.0,0.0,0.0,140,50,5.1e-05,3.24,ACEITE,N/A,matched,100.0,NO,6901.14,0.002356,EXITOSO
run_20260726_084433_08a1a2bb,4,daniel_98,daniel,DIFICIL,RELEVANTE,False,327.17,44.47,0.003187,100.0,0.0,ESPERA ESPERA QUE PASE EL CAMION BUENO 600 UNIDADES DE VASO TERMICO Y 20 KILOS DE CHOCOLATE,espera espera que pase el camión bueno 600 unidades de vaso térmico y 20 kilos de chocolate,3418.53,EXACT_CONSENSUS,100.0,0.0,0.0,0.0,131,50,5e-05,2.98,VASO TÉRMICO,N/A,matched,100.0,NO,3748.97,0.003237,EXITOSO
run_20260726_084433_08a1a2bb,4,daniel_99,daniel,DIFICIL,RELEVANTE,False,499.04,22.98,0.001647,100.0,4.35,PARCE TENGO UN HAMBRE TERRIBLE VAMOS A ALMORZAR YA CASI PERO PRIMERO DICTE 40 KILOS DE CAMARON Y 100 PORCIONES DE ARROZ CHAUFA,parce tengo un hambre terrible vamos a almorzar ya casi pero 1º dicte 40 kilos de camarón y 100 porciones de arroz chaufa,5564.78,EXACT_CONSENSUS,100.0,0.0,0.0,0.0,149,50,5.2e-05,2.64,CAMARÓN,N/A,matched,100.0,NO,6066.77,0.001699,EXITOSO
run_20260726_084433_08a1a2bb,4,daniel_100,daniel,DIFICIL,RELEVANTE,False,377.5,19.12,0.00137,100.0,0.0,OIGA APAGUE ESO NO SE OYE NADA A VER 35 LITROS DE SALSA DE SOYA Y 500 UNIDADES DE CAJAS,oiga apagué eso no se oye nada a ver 35 litros de salsa de soya y 500 unidades de cajas,7313.25,EXACT_CONSENSUS,100.0,0.0,0.0,0.0,140,50,5.1e-05,2.54,SALSA DE SOYA,N/A,matched,100.0,NO,7693.55,0.001421,EXITOSO
run_20260726_084433_08a1a2bb,4,daniel_101,daniel,DIFICIL,RELEVANTE,False,317.76,23.1,0.001656,100.0,3.57,CHISME DE PASILLO Y ENTONCES LE DIJO QUE NO Y ELLA SE FUE AJA BUENO ESPERA QUE ESTOY GRABANDO 120 KILOS DE YUCA Y 40 PORCIONES DE SANCOCHO,chisme de pasillo y entonces le dije que no y ella se fue ajá bueno espera que estoy grabando 120 kilos de yuca y 40 porciones de sancocho,4183.62,EXACT_CONSENSUS,100.0,0.0,0.0,0.0,164,50,5.5e-05,2.2,YUCA,N/A,matched,100.0,NO,4504.08,0.001711,EXITOSO
run_20260726_084433_08a1a2bb,4,daniel_102,daniel,DIFICIL,RELEVANTE,False,297.88,28.65,0.002053,100.0,6.25,ESPERA QUE PASE LA SIRENA LISTO ANOTA 70 KILOS DE MANGO Y 200 UNIDADES DE ETIQUETA,espera a que pase la sirena listo anota 70 kilos de mango y 200 unidades de etiqueta,6054.94,EXACT_CONSENSUS,100.0,0.0,0.0,0.0,131,50,5e-05,2.84,MANGO,N/A,matched,100.0,NO,6355.89,0.002103,EXITOSO
run_20260726_084433_08a1a2bb,4,daniel_104,daniel,DIFICIL,RELEVANTE,False,209.1,24.91,0.001785,100.0,0.0,OIGA DON JOSE SE LE OLVIDO EL CASCO ESPERA SE LO LLEVO YA VUELVO BUENO ANOTE AHI 450 UNIDADES DE PITILLO Y 60 KILOS DE LENTEJA,oiga don josé se le olvidó el casco espera se lo llevo ya vuelvo bueno anote ahí 450 unidades de pitillo y 60 kilos de lenteja,4184.32,EXACT_CONSENSUS,100.0,0.0,0.0,0.0,158,50,5.4e-05,2.96,PITILLO,N/A,matched,100.0,NO,4396.68,0.001839,EXITOSO
run_20260726_084433_08a1a2bb,4,daniel_105,daniel,DIFICIL,RELEVANTE,False,192.89,31.91,0.002287,100.0,56.52,RUIDO DE VENTILADOR FUERTE Y SUSURROS AL FONDO NO SE ENTIENDE CASI A VER 110 KILOS DE FRITO Y 30 PORCIONES DE ENSALADA,a ver 110 kilos de frito y 70 porciones de ensalada,2343.44,EXACT_CONSENSUS,100.0,0.0,0.0,0.0,113,50,4.7e-05,2.3,FRITO,N/A,matched,100.0,NO,2538.88,0.002334,EXITOSO
run_20260726_084433_08a1a2bb,4,daniel_108,daniel,DIFICIL,OMITIR,True,182.4,13.44,0.000963,0.0,0.0,PARCE ME DA UN CAFE POR FAVOR GRACIAS OIGA ESTOY HABLANDO CON EL MESERO NO CON LA GRABADORA,parce me da un café por favor gracias oiga estoy hablando con el mesero no con la grabadora,10080.78,EXACT_CONSENSUS,100.0,0.0,0.0,0.0,134,35,4.1e-05,258.03,CAFÉ,N/A,OMITIDO,0.0,NO,10521.38,0.001004,EXITOSO
run_20260726_084433_08a1a2bb,4,daniel_110,daniel,DIFICIL,OMITIR,True,259.9,14.04,0.001006,0.0,0.0,,,0.0,EXACT_CONSENSUS,100.0,100.0,100.0,100.0,100,30,3.3e-05,0.0,N/A,N/A,OMITIDO,0.0,NO,259.96,0.001039,EXITOSO
run_20260726_084433_08a1a2bb,4,daniel_111,daniel,DIFICIL,OMITIR,True,338.07,16.94,0.001214,0.0,0.0,QUE PASO AHI SE CAYO EL ESTANTE PARCE QUE DESASTRE,qué pasó ahí se cayó el estante parce qué desastre,3158.82,EXACT_CONSENSUS,100.0,100.0,100.0,100.0,110,30,3.4e-05,0.0,N/A,N/A,OMITIDO,0.0,NO,3497.04,0.001248,EXITOSO
run_20260726_084433_08a1a2bb,4,daniel_112,daniel,DIFICIL,OMITIR,True,280.2,18.39,0.001318,0.0,0.0,CUIDADO CON EL MONTACARGAS ESPERA FRENEN ESO,cuidado con el montacargas espera frena eso,5342.9,EXACT_CONSENSUS,100.0,100.0,100.0,100.0,101,30,3.3e-05,0.0,N/A,N/A,OMITIDO,0.0,NO,5623.23,0.001351,EXITOSO
run_20260726_084433_08a1a2bb,5,adriana_1,adriana,FACIL,RELEVANTE,False,1340.89,6.74,0.000483,100.0,0.0,150 KILOS DE ARROZ,150 kilos de arroz,6367.24,EXACT_CONSENSUS,100.0,0.0,0.0,0.0,100,35,3.6e-05,2.45,ARROZ,N/A,matched,100.0,NO,7710.67,0.000519,EXITOSO
run_20260726_084433_08a1a2bb,5,adriana_2,adriana,FACIL,RELEVANTE,False,1040.74,7.8,0.000559,100.0,0.0,220 KILOS DE AZUCAR RUBIA,220 kilos de azúcar rubia,3012.66,EXACT_CONSENSUS,100.0,0.0,0.0,0.0,100,35,3.6e-05,2.7,AZÚCAR RUBIA,N/A,matched,100.0,NO,4056.24,0.000595,EXITOSO
run_20260726_084433_08a1a2bb,5,adriana_3,adriana,FACIL,RELEVANTE,False,1220.69,6.07,0.000435,100.0,0.0,75 LITROS DE ACEITE,75 litros de aceite,3683.62,EXACT_CONSENSUS,100.0,0.0,0.0,0.0,100,35,3.6e-05,2.4,ACEITE,N/A,matched,100.0,NO,4906.87,0.000471,EXITOSO
run_20260726_084433_08a1a2bb,5,adriana_4,adriana,FACIL,RELEVANTE,False,1280.22,6.84,0.00049,100.0,0.0,12 LITROS DE ACEITE DE AJONJOLI,12 litros de aceite de ajonjolí,3859.18,EXACT_CONSENSUS,100.0,0.0,0.0,0.0,100,35,3.6e-05,2.12,ACEITE DE AJONJOLÍ,N/A,matched,100.0,NO,5141.66,0.000526,EXITOSO
run_20260726_084433_08a1a2bb,5,adriana_5,adriana,FACIL,RELEVANTE,False,1628.17,6.07,0.000435,100.0,0.0,18 LITROS DE ACEITE DE OLIVA,18 litros de aceite de oliva,3654.42,EXACT_CONSENSUS,100.0,0.0,0.0,0.0,100,35,3.6e-05,2.94,ACEITE DE OLIVA,N/A,matched,100.0,NO,5285.69,0.000471,EXITOSO
run_20260726_084433_08a1a2bb,5,adriana_6,adriana,FACIL,RELEVANTE,False,1063.26,6.55,0.000469,100.0,0.0,35 UNIDADES DE ACEITE DE OLIVA EN SOBRES,35 unidades de aceite de oliva en sobres,2865.8,EXACT_CONSENSUS,100.0,0.0,0.0,0.0,104,35,3.7e-05,2.73,ACEITE DE OLIVA,N/A,matched,100.0,NO,3931.93,0.000506,EXITOSO
run_20260726_084433_08a1a2bb,5,adriana_7,adriana,FACIL,RELEVANTE,False,1071.88,5.59,0.000401,100.0,0.0,22 KILOS DE ACHIOTE MOLIDO,22 kilos de achiote molido,3183.65,EXACT_CONSENSUS,100.0,0.0,0.0,0.0,100,35,3.6e-05,3.58,ACHIOTE MOLIDO,N/A,matched,100.0,NO,4259.25,0.000437,EXITOSO
run_20260726_084433_08a1a2bb,5,adriana_8,adriana,FACIL,RELEVANTE,False,1183.98,6.36,0.000456,100.0,0.0,16 LITROS DE ADEREZO DE QUESO CHEDDAR,16 litros de aderezo de queso cheddar,3524.39,EXACT_CONSENSUS,100.0,0.0,0.0,0.0,101,35,3.6e-05,2.33,ADEREZO DE QUESO CHEDDAR,N/A,matched,100.0,NO,4710.87,0.000492,EXITOSO
run_20260726_084433_08a1a2bb,5,adriana_9,adriana,FACIL,RELEVANTE,False,345.44,7.41,0.000531,100.0,0.0,240 UNIDADES DE AGUA DE 280 MILILITROS,240 unidades de agua de 280 mililitros,3243.79,EXACT_CONSENSUS,100.0,0.0,0.0,0.0,101,35,3.6e-05,2.29,AGUA,N/A,matched,100.0,NO,3591.67,0.000567,EXITOSO
run_20260726_084433_08a1a2bb,5,adriana_10,adriana,FACIL,RELEVANTE,False,301.6,7.51,0.000538,100.0,0.0,520 UNIDADES DE AGUA EN BOTELLA,520 unidades de agua en botella,3150.64,EXACT_CONSENSUS,100.0,0.0,0.0,0.0,100,35,3.6e-05,2.61,AGUA EN BOTELLA,N/A,matched,100.0,NO,3455.04,0.000574,EXITOSO
run_20260726_084433_08a1a2bb,5,adriana_11,adriana,FACIL,RELEVANTE,False,415.83,8.37,0.0006,100.0,50.0,430 UNIDADES DE AGUA SABORIZADA H2O,430 unidades de agua saborizada h 2 o,3000.13,EXACT_CONSENSUS,100.0,0.0,0.0,0.0,104,35,3.7e-05,2.43,AGUA SABORIZADA H 2 O,N/A,matched,100.0,NO,3418.61,0.000637,EXITOSO
run_20260726_084433_08a1a2bb,5,adriana_12,adriana,FACIL,RELEVANTE,False,369.46,8.56,0.000613,100.0,16.67,680 UNIDADES DE AGUA WAIRA SABORIZADA,680 unidades de agua guaira saborizada,2568.31,EXACT_CONSENSUS,100.0,0.0,0.0,0.0,100,35,3.6e-05,3.26,AGUA GUAIRA SABORIZADA,N/A,matched,100.0,NO,2941.21,0.000649,EXITOSO
run_20260726_084433_08a1a2bb,5,adriana_13,adriana,FACIL,RELEVANTE,False,239.33,6.36,0.000456,100.0,0.0,15 LITROS DE AGUARDIENTE AMARILLO PIONERO,15 litros de aguardiente amarillo pionero,3244.87,EXACT_CONSENSUS,100.0,0.0,0.0,0.0,100,35,3.6e-05,2.4,AGUARDIENTE AMARILLO PIONERO,N/A,matched,100.0,NO,3486.73,0.000492,EXITOSO
run_20260726_084433_08a1a2bb,5,adriana_14,adriana,FACIL,RELEVANTE,False,243.44,5.97,0.000428,100.0,0.0,9 LITROS DE AGUARDIENTE ANTIOQUENO SIN AZUCAR,9 litros de aguardiente antioqueño sin azúcar,11747.94,EXACT_CONSENSUS,100.0,0.0,0.0,0.0,101,35,3.6e-05,2.13,AGUARDIENTE ANTIOQUEÑO SIN AZÚCAR,N/A,matched,100.0,NO,11993.84,0.000464,EXITOSO
run_20260726_084433_08a1a2bb,5,adriana_15,adriana,FACIL,RELEVANTE,False,872.91,6.74,0.000483,100.0,0.0,7 LITROS DE AGUARDIENTE ANTIOQUENO ROJO,7 litros de aguardiente antioqueño rojo,3179.7,EXACT_CONSENSUS,100.0,0.0,0.0,0.0,100,35,3.6e-05,2.64,AGUARDIENTE ANTIOQUEÑO ROJO,N/A,matched,100.0,NO,4055.4,0.000519,EXITOSO
run_20260726_084433_08a1a2bb,5,adriana_16,adriana,FACIL,RELEVANTE,False,221.4,6.45,0.000462,100.0,0.0,18 LITROS DE AGUARDIENTE NECTAR CLUB,18 litros de aguardiente néctar club,2868.39,EXACT_CONSENSUS,100.0,0.0,0.0,0.0,100,35,3.6e-05,2.74,AGUARDIENTE NÉCTAR CLUB,N/A,matched,100.0,NO,3092.69,0.000498,EXITOSO
run_20260726_084433_08a1a2bb,5,adriana_17,adriana,FACIL,RELEVANTE,False,312.21,4.82,0.000345,100.0,0.0,25 KILOS DE AJO,25 kilos de ajo,2149.0,EXACT_CONSENSUS,100.0,0.0,0.0,0.0,100,35,3.6e-05,3.26,AJO,N/A,matched,100.0,NO,2464.63,0.000381,EXITOSO
run_20260726_084433_08a1a2bb,5,adriana_18,adriana,FACIL,RELEVANTE,False,514.68,5.88,0.000421,100.0,0.0,6 KILOS DE AJO GRANULADO,6 kilos de ajo granulado,2049.64,EXACT_CONSENSUS,100.0,0.0,0.0,0.0,100,35,3.6e-05,2.76,AJO GRANULADO,N/A,matched,100.0,NO,2567.27,0.000457,EXITOSO
run_20260726_084433_08a1a2bb,5,adriana_19,adriana,FACIL,RELEVANTE,False,662.04,6.26,0.000449,100.0,0.0,14 KILOS DE AJONJOLI,14 kilos de ajonjolí,5717.71,EXACT_CONSENSUS,100.0,0.0,0.0,0.0,100,35,3.6e-05,2.44,AJONJOLÍ,N/A,matched,100.0,NO,6382.37,0.000485,EXITOSO
run_20260726_084433_08a1a2bb,5,adriana_20,adriana,FACIL,RELEVANTE,False,486.31,6.26,0.000449,100.0,0.0,45 KILOS DE ALAS DE POLLO,45 kilos de alas de pollo,2823.28,EXACT_CONSENSUS,100.0,0.0,0.0,0.0,100,35,3.6e-05,2.51,ALAS DE POLLO,N/A,matched,100.0,NO,3312.25,0.000485,EXITOSO
run_20260726_084433_08a1a2bb,5,adriana_21,adriana,FACIL,RELEVANTE,False,231.18,7.03,0.000504,100.0,0.0,28 KILOS DE ALAS DE POLLO BBQ,28 kilos de alas de pollo bbq,1769.48,EXACT_CONSENSUS,100.0,0.0,0.0,0.0,101,35,3.6e-05,2.22,ALAS DE POLLO BBQ,N/A,matched,100.0,NO,2003.07,0.00054,EXITOSO
run_20260726_084433_08a1a2bb,5,adriana_22,adriana,FACIL,RELEVANTE,False,229.74,4.63,0.000332,100.0,0.0,16 KILOS DE ALBACON,16 kilos de albacón,3530.93,EXACT_CONSENSUS,100.0,0.0,0.0,0.0,100,35,3.6e-05,2.34,ALBACÓN,N/A,matched,100.0,NO,3763.21,0.000368,EXITOSO
run_20260726_084433_08a1a2bb,5,adriana_23,adriana,FACIL,RELEVANTE,False,236.04,5.68,0.000407,100.0,0.0,12 KILOS DE ALCAPARRAS EN FRASCO,12 kilos de alcaparras en frasco,2723.98,EXACT_CONSENSUS,100.0,0.0,0.0,0.0,100,35,3.6e-05,2.55,ALCAPARRAS EN FRASCO,N/A,matched,100.0,NO,2962.77,0.000443,EXITOSO
run_20260726_084433_08a1a2bb,5,adriana_24,adriana,FACIL,RELEVANTE,False,425.14,4.53,0.000325,100.0,0.0,9 KILOS DE ALMENDRAS,9 kilos de almendras,4917.38,EXACT_CONSENSUS,100.0,0.0,0.0,0.0,100,35,3.6e-05,2.57,ALMENDRAS,N/A,matched,100.0,NO,5345.27,0.000361,EXITOSO
run_20260726_084433_08a1a2bb,5,adriana_25,adriana,FACIL,RELEVANTE,False,293.39,4.44,0.000318,100.0,0.0,18 KILOS DE APANADO,18 kilos de apanado,2835.38,EXACT_CONSENSUS,100.0,0.0,0.0,0.0,100,35,3.6e-05,2.72,APANADO,N/A,matched,100.0,NO,3131.66,0.000354,EXITOSO
run_20260726_084433_08a1a2bb,5,adriana_26,adriana,FACIL,RELEVANTE,False,285.58,7.7,0.000552,100.0,0.0,85 KILOS DE APIO,85 kilos de apio,2970.03,EXACT_CONSENSUS,100.0,0.0,0.0,0.0,100,35,3.6e-05,3.42,APIO,N/A,matched,100.0,NO,3259.26,0.000588,EXITOSO
run_20260726_084433_08a1a2bb,5,adriana_27,adriana,FACIL,RELEVANTE,False,371.6,4.34,0.000311,100.0,25.0,24 KILOS DE ARANDANOS,24 kilos de arándano,2894.24,EXACT_CONSENSUS,100.0,0.0,0.0,0.0,100,35,3.6e-05,3.07,ARÁNDANO,N/A,matched,100.0,NO,3269.12,0.000347,EXITOSO
run_20260726_084433_08a1a2bb,5,adriana_28,adriana,FACIL,RELEVANTE,False,246.35,5.68,0.000407,100.0,0.0,450 UNIDADES DE AREPA DE HUEVO,450 unidades de arepa de huevo,2862.93,EXACT_CONSENSUS,100.0,0.0,0.0,0.0,100,35,3.6e-05,2.04,AREPA DE HUEVO,N/A,matched,100.0,NO,3111.49,0.000443,EXITOSO
run_20260726_084433_08a1a2bb,5,adriana_29,adriana,FACIL,RELEVANTE,False,371.95,5.01,0.000359,100.0,0.0,380 UNIDADES DE AREPA DE QUESO,380 unidades de arepa de queso,2225.99,EXACT_CONSENSUS,100.0,0.0,0.0,0.0,100,35,3.6e-05,2.48,AREPA DE QUESO,N/A,matched,100.0,NO,2600.6,0.000395,EXITOSO
run_20260726_084433_08a1a2bb,5,adriana_30,adriana,FACIL,RELEVANTE,False,383.56,5.59,0.000401,100.0,0.0,650 UNIDADES DE AREPA PAISA,650 unidades de arepa paisa,2237.84,EXACT_CONSENSUS,100.0,0.0,0.0,0.0,100,35,3.6e-05,2.35,AREPA PAISA,N/A,matched,100.0,NO,2623.91,0.000437,EXITOSO
run_20260726_084433_08a1a2bb,5,adriana_31,adriana,FACIL,RELEVANTE,False,219.29,6.16,0.000441,100.0,0.0,120 UNIDADES DE AROMATICAS EN SOBRES,120 unidades de aromáticas en sobres,2690.52,EXACT_CONSENSUS,100.0,0.0,0.0,0.0,100,35,3.6e-05,2.23,AROMÁTICAS EN SOBRES,N/A,matched,100.0,NO,2912.23,0.000477,EXITOSO
run_20260726_084433_08a1a2bb,5,adriana_32,adriana,FACIL,RELEVANTE,False,218.01,4.82,0.000345,100.0,0.0,260 KILOS DE ARROZ,260 kilos de arroz,5221.71,EXACT_CONSENSUS,100.0,0.0,0.0,0.0,100,35,3.6e-05,2.16,ARROZ,N/A,matched,100.0,NO,5442.05,0.000381,EXITOSO
run_20260726_084433_08a1a2bb,5,adriana_33,adriana,FACIL,RELEVANTE,False,438.19,5.88,0.000421,100.0,0.0,18 KILOS DE ARROZ BASMATI,18 kilos de arroz basmatí,2521.07,EXACT_CONSENSUS,100.0,0.0,0.0,0.0,100,35,3.6e-05,2.85,ARROZ BASMATÍ,N/A,matched,100.0,NO,2962.33,0.000457,EXITOSO
run_20260726_084433_08a1a2bb,5,adriana_34,adriana,FACIL,RELEVANTE,False,255.45,5.4,0.000387,100.0,0.0,420 KILOS DE ARROZ FEDERAL,420 kilos de arroz federal,2952.23,EXACT_CONSENSUS,100.0,0.0,0.0,0.0,100,35,3.6e-05,2.64,ARROZ FEDERAL,N/A,matched,100.0,NO,3210.49,0.000423,EXITOSO
run_20260726_084433_08a1a2bb,5,adriana_35,adriana,FACIL,RELEVANTE,False,297.32,5.97,0.000428,100.0,0.0,38 KILOS DE ARVEJA AMARILLA,38 kilos de arveja amarilla,2507.53,EXACT_CONSENSUS,100.0,0.0,0.0,0.0,100,35,3.6e-05,3.39,ARVEJA AMARILLA,N/A,matched,100.0,NO,2808.44,0.000464,EXITOSO
run_20260726_084433_08a1a2bb,5,adriana_36,adriana,MEDIO,RELEVANTE,False,410.6,11.64,0.000834,100.0,23.08,ANOTA TRES CALDEROS RECORD QUINCE PLATOS BLANCOS CUADRADOS Y OCHO CINTAS DE SELLAMIENTO,anota 3 calderos récord 15 platos blancos cuadrados y 8 cintas de sellamiento,3470.91,EXACT_CONSENSUS,100.0,0.0,0.0,0.0,119,65,5.7e-05,2.26,CALDEROS RÉCORD,N/A,matched,100.0,NO,3884.04,0.000891,EXITOSO
run_20260726_084433_08a1a2bb,5,adriana_37,adriana,MEDIO,RELEVANTE,False,446.38,15.28,0.001095,100.0,27.78,REGISTRA DIEZ CAJAS DE IBUPROFENO DE OCHOCIENTOS MILIGRAMOS DOCE CAZUELAS DE DIECISEIS ONZAS Y VEINTE PLATOS BLANCOS CUADRADOS,registra 10 cajas de ibuprofeno de 800 miligramos 12 cazuelas de 16 onzas y 20 platos blancos cuadrados,6170.97,EXACT_CONSENSUS,100.0,0.0,0.0,0.0,134,65,5.9e-05,2.57,IBUPROFENO DE 800 MILIGRAMOS,N/A,matched,100.0,NO,6620.22,0.001154,EXITOSO
run_20260726_084433_08a1a2bb,5,adriana_38,adriana,MEDIO,RELEVANTE,False,290.97,13.46,0.000965,100.0,23.08,TENEMOS CINCO CALDEROS RECORD TREINTA CINTAS DE SELLAMIENTO Y NUEVE PLATOS BLANCOS CUADRADOS,tenemos 5 calderos récord 30 cintas de sellamiento y 9 platos blancos cuadrados,5766.26,EXACT_CONSENSUS,100.0,0.0,0.0,0.0,119,65,5.7e-05,2.95,CALDEROS RÉCORD,N/A,matched,100.0,NO,6060.42,0.001022,EXITOSO
run_20260726_084433_08a1a2bb,5,adriana_39,adriana,MEDIO,RELEVANTE,False,7402.07,11.44,0.00082,100.0,26.67,ENCONTRAMOS VEINTE CAZUELAS DE DIECISEIS ONZAS SEIS CAJAS DE IBUPROFENO Y QUINCE PLATOS BLANCOS CUADRADOS,encontramos 20 cazuelas de 16 onzas 6 cajas de ibuprofeno y 15 platos blancos cuadrados,5896.18,EXACT_CONSENSUS,100.0,0.0,0.0,0.0,125,65,5.8e-05,2.43,CAZUELAS,N/A,matched,100.0,NO,13300.89,0.000878,EXITOSO
run_20260726_084433_08a1a2bb,5,adriana_40,adriana,MEDIO,RELEVANTE,False,266.29,10.39,0.000745,100.0,15.38,ANOTA UN CALDERO RECORD DIEZ CINTAS DE SELLAMIENTO Y TREINTA PLATOS BLANCOS CUADRADOS,anota un caldero récord 10 cintas de sellamiento y 30 platos blancos cuadrados,3181.9,EXACT_CONSENSUS,100.0,0.0,0.0,0.0,119,65,5.7e-05,3.33,CALDERO,N/A,matched,100.0,NO,3451.77,0.000802,EXITOSO
run_20260726_084433_08a1a2bb,5,adriana_41,adriana,MEDIO,RELEVANTE,False,272.76,11.44,0.00082,100.0,26.67,REGISTRA NUEVE CAJAS DE IBUPROFENO OCHO PLATOS BLANCOS CUADRADOS Y CINCO CAZUELAS DE DIECISEIS ONZAS,registra 9 cajas de ibuprofeno 8 platos blancos cuadrados y 5 cazuelas de 16 onzas,2856.51,EXACT_CONSENSUS,100.0,0.0,0.0,0.0,125,65,5.8e-05,3.21,IBUPROFENO,N/A,matched,100.0,NO,3132.69,0.000878,EXITOSO
run_20260726_084433_08a1a2bb,5,adriana_42,adriana,MEDIO,RELEVANTE,False,491.76,13.56,0.000972,100.0,21.43,ANOTA VEINTICINCO PLATOS BLANCOS CUADRADOS CINCO CAJAS DE IBUPROFENO Y DOS CINTAS DE SELLAMIENTO,anota 25 platos blancos cuadrados 5 cajas de ibuprofeno y 2 cintas de sellamiento,5698.21,EXACT_CONSENSUS,100.0,0.0,0.0,0.0,122,65,5.7e-05,1.95,PLATOS BLANCOS CUADRADOS,N/A,matched,100.0,NO,6192.09,0.001029,EXITOSO
run_20260726_084433_08a1a2bb,5,adriana_43,adriana,MEDIO,RELEVANTE,False,351.07,13.17,0.000944,100.0,26.67,ANOTA DOCE CAJAS DE IBUPROFENO OCHO CAZUELAS DE DIECISEIS ONZAS Y VEINTIDOS PLATOS BLANCOS CUADRADOS,anota 12 cajas de ibuprofeno 8 cazuelas de 16 onzas y 22 platos blancos cuadrados,6089.32,EXACT_CONSENSUS,100.0,0.0,0.0,0.0,125,65,5.8e-05,1.67,IBUPROFENO,N/A,matched,100.0,NO,6442.23,0.001002,EXITOSO
run_20260726_084433_08a1a2bb,5,adriana_44,adriana,MEDIO,RELEVANTE,False,475.7,10.77,0.000772,100.0,23.08,REGISTRA SIETE PLATOS BLANCOS CUADRADOS NUEVE CINTAS DE SELLAMIENTO Y DOS CALDEROS RECORD,registra 7 platos blancos cuadrados 9 cintas de sellamiento y 2 calderos récord,3218.37,EXACT_CONSENSUS,100.0,0.0,0.0,0.0,119,65,5.7e-05,2.25,PLATOS BLANCOS CUADRADOS,N/A,matched,100.0,NO,3696.52,0.000829,EXITOSO
run_20260726_084433_08a1a2bb,5,adriana_45,adriana,MEDIO,RELEVANTE,False,370.55,10.68,0.000765,100.0,23.08,TENEMOS TRES CALDEROS RECORD ONCE PLATOS BLANCOS CUADRADOS Y NUEVE CINTAS DE SELLAMIENTO,tenemos 3 calderos récord 11 platos blancos cuadrados y 9 cintas de sellamiento,5851.39,EXACT_CONSENSUS,100.0,0.0,0.0,0.0,119,65,5.7e-05,2.75,CALDEROS RÉCORD,N/A,matched,100.0,NO,6224.9,0.000822,EXITOSO
run_20260726_084433_08a1a2bb,5,adriana_46,adriana,MEDIO,RELEVANTE,False,230.24,10.2,0.000731,100.0,38.46,REGISTRA NUEVE CALDEROS RECORD DIEZ PLATOS BLANCOS CUADRADOS Y CUATRO CINTAS DE SELLAMIENTO,registra 9 calderos récord 10 platos blancos cuadrados y 4 cintas de 6 a,8953.63,EXACT_CONSENSUS,100.0,0.0,0.0,0.0,122,65,5.7e-05,2.05,CALDEROS,N/A,matched,100.0,NO,9186.17,0.000788,EXITOSO
run_20260726_084433_08a1a2bb,5,adriana_47,adriana,MEDIO,RELEVANTE,False,259.4,7.51,0.000538,100.0,18.18,BUENO POR AQUI VEO CINCO CALDEROS RECORD Y DOCE PLATOS CUADRADOS,bueno por aquí veo 5 calderos récord y 12 platos cuadrados,4487.63,EXACT_CONSENSUS,100.0,0.0,0.0,0.0,113,50,4.7e-05,2.34,CALDEROS RÉCORD,N/A,matched,100.0,NO,4749.56,0.000585,EXITOSO
run_20260726_084433_08a1a2bb,5,adriana_48,adriana,MEDIO,RELEVANTE,False,638.44,8.47,0.000607,100.0,18.18,ANOTE SEIS CAJAS DE IBUPROFENO Y UNAS QUINCE CINTAS DE SELLAMIENTO,anoté 6 cajas de ibuprofeno y unas 15 cintas de sellamiento,6410.98,EXACT_CONSENSUS,100.0,0.0,0.0,0.0,113,50,4.7e-05,3.58,IBUPROFENO,N/A,matched,100.0,NO,7053.19,0.000654,EXITOSO
run_20260726_084433_08a1a2bb,5,adriana_49,adriana,MEDIO,RELEVANTE,False,1900.78,6.26,0.000449,100.0,25.0,AQUI QUEDARON DIEZ CAZUELAS Y OCHO PLATOS BLANCOS,aquí quedaron 10 cazuelas y 8 platos blancos,4593.48,EXACT_CONSENSUS,100.0,0.0,0.0,0.0,104,50,4.6e-05,264.11,CAZUELAS,N/A,matched,100.0,NO,6758.6,0.000495,EXITOSO
run_20260726_084433_08a1a2bb,5,adriana_50,adriana,MEDIO,RELEVANTE,False,361.95,6.36,0.000456,100.0,33.33,REGISTRA CUATRO CALDEROS Y VEINTE PLATOS,registra 4 calderos y 20 platos,4138.34,EXACT_CONSENSUS,100.0,0.0,0.0,0.0,100,50,4.5e-05,2.14,CALDERO,N/A,matched,100.0,NO,4502.59,0.000501,EXITOSO
run_20260726_084433_08a1a2bb,5,adriana_51,adriana,MEDIO,RELEVANTE,False,394.62,7.32,0.000525,100.0,18.18,POR ESTE LADO HAY NUEVE CAJAS DE IBUPROFENO Y TRES CINTAS,por este lado hay 9 cajas de ibuprofeno y 3 cintas,3797.63,EXACT_CONSENSUS,100.0,0.0,0.0,0.0,113,50,4.7e-05,2.74,IBUPROFENO,N/A,matched,100.0,NO,4195.19,0.000572,EXITOSO
run_20260726_084433_08a1a2bb,5,adriana_52,adriana,MEDIO,RELEVANTE,False,362.27,7.6,0.000545,100.0,33.33,APUNTA QUINCE PLATOS CUADRADOS SEIS CAZUELAS Y DOS CALDEROS,apunta 15 platos cuadrados 6 cazuelas y 2 calderos,5381.31,EXACT_CONSENSUS,100.0,0.0,0.0,0.0,107,65,5.5e-05,2.34,PLATOS CUADRADOS,N/A,matched,100.0,NO,5746.1,0.0006,EXITOSO
run_20260726_084433_08a1a2bb,5,adriana_53,adriana,MEDIO,RELEVANTE,False,405.51,7.32,0.000525,100.0,20.0,YA TERMINE ESTE ESTANTE QUEDARON OCHO CINTAS Y ONCE PLATOS,ya terminé este estante quedaron 8 cintas y 11 platos,2387.95,EXACT_CONSENSUS,100.0,0.0,0.0,0.0,110,50,4.6e-05,2.37,CINTAS,N/A,matched,100.0,NO,2796.03,0.000571,EXITOSO
run_20260726_084433_08a1a2bb,5,adriana_54,adriana,MEDIO,RELEVANTE,False,422.48,7.22,0.000517,100.0,20.0,AQUI SOLAMENTE VEO TRES CALDEROS Y SIETE CAJAS DE IBUPROFENO,aquí solamente veo 3 calderos y 7 cajas de ibuprofeno,4669.35,EXACT_CONSENSUS,100.0,0.0,0.0,0.0,110,50,4.6e-05,2.28,CALDEROS,N/A,matched,100.0,NO,5094.28,0.000563,EXITOSO
run_20260726_084433_08a1a2bb,5,adriana_55,adriana,MEDIO,RELEVANTE,False,309.82,5.97,0.000428,100.0,33.33,REGISTRA DOCE PLATOS Y CINCO CINTAS,registra 12 platos y 5 cintas,5886.76,EXACT_CONSENSUS,100.0,0.0,0.0,0.0,100,50,4.5e-05,3.74,PLATOS,N/A,matched,100.0,NO,6200.51,0.000473,EXITOSO
run_20260726_084433_08a1a2bb,5,adriana_56,adriana,MEDIO,RELEVANTE,False,260.27,7.22,0.000517,100.0,25.0,BUENO ACA ENCONTRAMOS CUATRO CAZUELAS Y NUEVE PLATOS,bueno acá encontramos 4 cazuelas y 9 platos,4458.18,EXACT_CONSENSUS,100.0,0.0,0.0,0.0,104,50,4.6e-05,2.55,CAZUELAS,N/A,matched,100.0,NO,4721.15,0.000563,EXITOSO
run_20260726_084433_08a1a2bb,5,adriana_57,adriana,MEDIO,RELEVANTE,False,442.44,8.95,0.000641,100.0,20.0,POR FAVOR ANOTA DIEZ CAJAS DE IBUPROFENO Y SEIS PLATOS,por favor anota 10 cajas de ibuprofeno y 6 platos,2859.83,EXACT_CONSENSUS,100.0,0.0,0.0,0.0,110,50,4.6e-05,2.38,IBUPROFENO,N/A,matched,100.0,NO,3304.83,0.000687,EXITOSO
run_20260726_084433_08a1a2bb,5,adriana_58,adriana,MEDIO,RELEVANTE,False,273.32,8.95,0.000641,100.0,36.36,EN ESTE ESTANTE HAY DOS CALDEROS OCHO CINTAS Y QUINCE PLATOS,en este estante hay 2 calderos y 8 cintas y 15 platos,4741.04,EXACT_CONSENSUS,100.0,0.0,0.0,0.0,116,65,5.6e-05,3.32,CALDERO,N/A,matched,100.0,NO,5017.95,0.000697,EXITOSO
run_20260726_084433_08a1a2bb,5,adriana_59,adriana,MEDIO,RELEVANTE,False,580.71,5.88,0.000421,100.0,28.57,SIGUE CON CINCO CAZUELAS Y DOCE PLATOS,sigue con 5 cazuelas y 12 platos,5648.11,EXACT_CONSENSUS,100.0,0.0,0.0,0.0,101,50,4.5e-05,3.36,CAZUELAS,N/A,matched,100.0,NO,6232.39,0.000466,EXITOSO
run_20260726_084433_08a1a2bb,5,adriana_60,adriana,MEDIO,RELEVANTE,False,382.73,7.7,0.000552,100.0,22.22,AQUI QUEDARON SIETE CAJAS DE IBUPROFENO Y CUATRO CINTAS,aquí quedaron 7 cajas de ibuprofeno y 4 cintas,2510.34,EXACT_CONSENSUS,100.0,0.0,0.0,0.0,107,50,4.6e-05,2.36,IBUPROFENO,N/A,matched,100.0,NO,2895.65,0.000598,EXITOSO
run_20260726_084433_08a1a2bb,5,adriana_61,adriana,MEDIO,RELEVANTE,False,297.7,6.26,0.000449,100.0,33.33,REGISTRA NUEVE PLATOS Y TRES CALDEROS,registra 9 platos y 3 calderos,3396.65,EXACT_CONSENSUS,100.0,0.0,0.0,0.0,100,50,4.5e-05,2.2,PLATOS,N/A,matched,100.0,NO,3696.8,0.000494,EXITOSO
run_20260726_084433_08a1a2bb,5,adriana_62,adriana,MEDIO,RELEVANTE,False,263.07,7.89,0.000565,100.0,20.0,EN ESTA FILA VEO DIEZ CINTAS Y SEIS PLATOS CUADRADOS,en esta fila veo 10 cintas y 6 platos cuadrados,3072.65,EXACT_CONSENSUS,100.0,0.0,0.0,0.0,110,50,4.6e-05,3.08,CINTAS,N/A,matched,100.0,NO,3338.98,0.000611,EXITOSO
run_20260726_084433_08a1a2bb,5,adriana_63,adriana,MEDIO,RELEVANTE,False,259.57,7.99,0.000573,100.0,18.18,YA REVISE TODO SON OCHO CAJAS DE IBUPROFENO Y CINCO CAZUELAS,ya revisé todo son 8 cajas de ibuprofeno y 5 cazuelas,5310.76,EXACT_CONSENSUS,100.0,0.0,0.0,0.0,113,50,4.7e-05,3.25,IBUPROFENO,N/A,matched,100.0,NO,5573.79,0.00062,EXITOSO
run_20260726_084433_08a1a2bb,5,adriana_64,adriana,MEDIO,RELEVANTE,False,225.91,7.12,0.00051,100.0,37.5,ANOTA CUATRO PLATOS SIETE CINTAS Y DOS CALDEROS,anota 4 platos 7 cintas y 2 calderos,4066.23,EXACT_CONSENSUS,100.0,0.0,0.0,0.0,104,65,5.5e-05,2.52,PLATOS,N/A,matched,100.0,NO,4294.82,0.000565,EXITOSO
run_20260726_084433_08a1a2bb,5,adriana_65,adriana,MEDIO,RELEVANTE,False,364.57,6.84,0.00049,100.0,22.22,AQUI QUEDARON ONCE PLATOS Y TRES CAJAS DE IBUPROFENO,aquí quedaron 11 platos y 3 cajas de ibuprofeno,7132.37,EXACT_CONSENSUS,100.0,0.0,0.0,0.0,107,50,4.6e-05,3.12,PLATOS,N/A,matched,100.0,NO,7500.36,0.000536,EXITOSO
run_20260726_084433_08a1a2bb,5,adriana_66,adriana,MEDIO,RELEVANTE,False,255.37,7.8,0.000559,100.0,33.33,REGISTRA CINCO CALDEROS Y DIEZ PLATOS,registra 5 calderos y 10 platos,6187.55,EXACT_CONSENSUS,100.0,0.0,0.0,0.0,100,50,4.5e-05,2.02,CALDEROS,N/A,matched,100.0,NO,6445.1,0.000604,EXITOSO
run_20260726_084433_08a1a2bb,5,adriana_67,adriana,MEDIO,RELEVANTE,False,236.6,9.81,0.000703,100.0,18.18,ESPERA UN MOMENTO LISTO CONTINUA HAY OCHO PLATOS Y CUATRO CINTAS,espera un momento listo continúa hay 8 platos y 4 cintas,2405.2,EXACT_CONSENSUS,100.0,0.0,0.0,0.0,113,50,4.7e-05,3.04,PLATOS,N/A,matched,100.0,NO,2645.08,0.00075,EXITOSO
run_20260726_084433_08a1a2bb,5,adriana_68,adriana,MEDIO,RELEVANTE,False,457.27,8.18,0.000586,100.0,18.18,EN ESTE LADO ENCONTRAMOS DOCE CAJAS DE IBUPROFENO Y SEIS PLATOS,en este lado encontramos 12 cajas de ibuprofeno y 6 platos,5285.94,EXACT_CONSENSUS,100.0,0.0,0.0,0.0,113,50,4.7e-05,2.35,IBUPROFENO,N/A,matched,100.0,NO,5745.82,0.000633,EXITOSO
run_20260726_084433_08a1a2bb,5,adriana_69,adriana,MEDIO,RELEVANTE,False,245.38,7.22,0.000517,100.0,37.5,ANOTA CINCO CAZUELAS OCHO PLATOS Y DOS CALDEROS,anota 5 cazuelas 8 platos y 2 calderos,7183.09,EXACT_CONSENSUS,100.0,0.0,0.0,0.0,104,65,5.5e-05,2.18,CAZUELA,N/A,matched,100.0,NO,7430.85,0.000572,EXITOSO
run_20260726_084433_08a1a2bb,5,adriana_70,adriana,MEDIO,RELEVANTE,False,229.15,7.12,0.00051,100.0,22.22,YA CASI TERMINAMOS QUEDARON SIETE CINTAS Y NUEVE PLATOS,ya casi terminamos quedaron 7 cintas y 9 platos,5005.83,EXACT_CONSENSUS,100.0,0.0,0.0,0.0,107,50,4.6e-05,2.7,CINTAS,N/A,matched,100.0,NO,5237.84,0.000556,EXITOSO
run_20260726_084433_08a1a2bb,5,adriana_71,adriana,MEDIO,RELEVANTE,False,188.22,7.03,0.000504,100.0,20.0,AQUI SOLAMENTE HAY TRES CAJAS DE IBUPROFENO Y CUATRO PLATOS,aquí solamente hay 3 cajas de ibuprofeno y 4 platos,4310.59,EXACT_CONSENSUS,100.0,0.0,0.0,0.0,110,50,4.6e-05,2.56,IBUPROFENO,N/A,matched,100.0,NO,4501.53,0.00055,EXITOSO
run_20260726_084433_08a1a2bb,5,adriana_72,adriana,MEDIO,RELEVANTE,False,222.21,7.12,0.00051,100.0,25.0,REGISTRA UN CALDERO DIEZ PLATOS Y SEIS CINTAS,registra un caldero 10 platos y 6 cintas,6068.99,EXACT_CONSENSUS,100.0,0.0,0.0,0.0,104,65,5.5e-05,2.44,CALDERO,N/A,matched,100.0,NO,6293.85,0.000565,EXITOSO
run_20260726_084433_08a1a2bb,5,adriana_73,adriana,MEDIO,RELEVANTE,False,355.5,7.12,0.00051,100.0,18.18,EN LA REPISA DE ARRIBA VEO OCHO CAZUELAS Y CINCO PLATOS,en la repisa de arriba veo 8 cazuelas y 5 platos,3578.84,EXACT_CONSENSUS,100.0,0.0,0.0,0.0,113,50,4.7e-05,2.56,CAZUELAS,N/A,matched,100.0,NO,3937.19,0.000557,EXITOSO
run_20260726_084433_08a1a2bb,5,adriana_74,adriana,MEDIO,RELEVANTE,False,349.1,5.49,0.000393,100.0,33.33,APUNTA DOS CALDEROS Y DOCE PLATOS,apunta 2 calderos y 12 platos,8546.32,EXACT_CONSENSUS,100.0,0.0,0.0,0.0,100,50,4.5e-05,2.87,CALDEROS,N/A,matched,100.0,NO,8898.46,0.000438,EXITOSO
run_20260726_084433_08a1a2bb,5,adriana_75,adriana,MEDIO,RELEVANTE,False,399.95,6.45,0.000462,100.0,25.0,HAY NUEVE CAJAS DE IBUPROFENO Y SIETE CINTAS,hay 9 cajas de ibuprofeno y 7 cintas,7402.74,EXACT_CONSENSUS,100.0,0.0,0.0,0.0,104,50,4.6e-05,2.56,IBUPROFENO,N/A,matched,100.0,NO,7805.45,0.000508,EXITOSO
run_20260726_084433_08a1a2bb,5,adriana_76,adriana,MEDIO,RELEVANTE,False,941.49,6.16,0.000441,100.0,33.33,REGISTRA QUINCE PLATOS Y CUATRO CAZUELAS,registra 15 platos y 4 cazuelas,6175.85,EXACT_CONSENSUS,100.0,0.0,0.0,0.0,100,50,4.5e-05,2.42,PLATOS,N/A,matched,100.0,NO,7119.95,0.000486,EXITOSO
run_20260726_084433_08a1a2bb,5,adriana_77,adriana,MEDIO,RELEVANTE,False,410.29,7.51,0.000538,100.0,22.22,BUENO SEGUIMOS AQUI HAY SEIS PLATOS Y TRES CALDEROS,bueno seguimos aquí hay 6 platos y 3 calderos,6311.81,EXACT_CONSENSUS,100.0,0.0,0.0,0.0,107,50,4.6e-05,2.12,PLATOS,N/A,matched,100.0,NO,6724.39,0.000584,EXITOSO
run_20260726_084433_08a1a2bb,5,adriana_78,adriana,MEDIO,RELEVANTE,False,376.32,6.93,0.000497,100.0,25.0,ANOTA OCHO CINTAS Y CINCO CAJAS DE IBUPROFENO,anota 8 cintas y 5 cajas de ibuprofeno,3737.33,EXACT_CONSENSUS,100.0,0.0,0.0,0.0,104,50,4.6e-05,2.83,CINTAS,N/A,matched,100.0,NO,4116.64,0.000543,EXITOSO
run_20260726_084433_08a1a2bb,5,adriana_79,adriana,MEDIO,RELEVANTE,False,431.93,6.36,0.000456,100.0,22.22,EN ESTA PARTE VEO ONCE PLATOS Y CUATRO CINTAS,en esta parte veo 11 platos y 4 cintas,5072.84,EXACT_CONSENSUS,100.0,0.0,0.0,0.0,107,50,4.6e-05,2.34,PLATOS,N/A,matched,100.0,NO,5507.3,0.000502,EXITOSO
run_20260726_084433_08a1a2bb,5,adriana_80,adriana,MEDIO,RELEVANTE,False,186.54,5.59,0.000401,100.0,33.33,REGISTRA SIETE CAZUELAS Y OCHO PLATOS,registra 7 cazuelas y 8 platos,6671.27,EXACT_CONSENSUS,100.0,0.0,0.0,0.0,100,50,4.5e-05,2.42,CAZUELAS,N/A,matched,100.0,NO,6860.37,0.000446,EXITOSO
run_20260726_084433_08a1a2bb,5,adriana_81,adriana,MEDIO,RELEVANTE,False,267.94,6.93,0.000497,100.0,20.0,YA TERMINE ESTE PASILLO HAY TRES CALDEROS Y SEIS PLATOS,ya terminé este pasillo hay 3 calderos y 6 platos,3590.31,EXACT_CONSENSUS,100.0,0.0,0.0,0.0,110,50,4.6e-05,2.37,CALDERO,N/A,matched,100.0,NO,3860.87,0.000543,EXITOSO
run_20260726_084433_08a1a2bb,5,adriana_82,adriana,MEDIO,RELEVANTE,False,244.88,5.78,0.000414,100.0,22.22,AQUI QUEDARON DIEZ CAJAS DE IBUPROFENO Y NUEVE PLATOS,aquí quedaron 10 cajas de ibuprofeno y 9 platos,5884.5,EXACT_CONSENSUS,100.0,0.0,0.0,0.0,107,50,4.6e-05,2.06,IBUPROFENO,N/A,matched,100.0,NO,6131.68,0.00046,EXITOSO
run_20260726_084433_08a1a2bb,5,adriana_83,adriana,MEDIO,RELEVANTE,False,911.61,6.84,0.00049,100.0,50.0,ANOTA CINCO CINTAS CUATRO PLATOS Y DOS CAZUELAS,anotas 5 cintas 4 platos y 2 cazuelas,5378.05,EXACT_CONSENSUS,100.0,0.0,0.0,0.0,104,65,5.5e-05,2.85,CINTAS,N/A,matched,100.0,NO,6292.72,0.000545,EXITOSO
run_20260726_084433_08a1a2bb,5,adriana_84,adriana,MEDIO,RELEVANTE,False,1013.45,6.07,0.000435,100.0,28.57,POR ACA SOLAMENTE VEO OCHO PLATOS CUADRADOS,por acá solo veo 8 platos cuadrados,2715.91,EXACT_CONSENSUS,100.0,0.0,0.0,0.0,101,35,3.6e-05,2.4,PLATOS CUADRADOS,N/A,matched,100.0,NO,3731.93,0.000471,EXITOSO
run_20260726_084433_08a1a2bb,5,adriana_85,adriana,MEDIO,RELEVANTE,False,1047.78,6.36,0.000456,100.0,25.0,REGISTRA CUATRO CAJAS DE IBUPROFENO Y SIETE CINTAS,registra 4 cajas de ibuprofeno y 7 cintas,3206.31,EXACT_CONSENSUS,100.0,0.0,0.0,0.0,104,50,4.6e-05,2.31,IBUPROFENO,N/A,matched,100.0,NO,4256.6,0.000502,EXITOSO
run_20260726_084433_08a1a2bb,5,adriana_86,adriana,MEDIO,RELEVANTE,False,927.93,5.01,0.000359,100.0,33.33,HAY SEIS CALDEROS Y NUEVE PLATOS,hay 6 calderos y 9 platos,6066.02,EXACT_CONSENSUS,100.0,0.0,0.0,0.0,100,50,4.5e-05,2.19,CALDEROS,N/A,matched,100.0,NO,6996.29,0.000404,EXITOSO
run_20260726_084433_08a1a2bb,5,adriana_87,adriana,MEDIO,RELEVANTE,False,394.71,6.55,0.000469,100.0,22.22,EN ESTA ESQUINA ENCONTRAMOS CINCO PLATOS Y TRES CINTAS,en esta esquina encontramos 5 platos y 3 cintas,2954.55,EXACT_CONSENSUS,100.0,0.0,0.0,0.0,107,50,4.6e-05,3.53,PLATOS,N/A,matched,100.0,NO,3352.94,0.000515,EXITOSO
run_20260726_084433_08a1a2bb,5,adriana_88,adriana,MEDIO,RELEVANTE,False,2069.96,5.88,0.000421,100.0,25.0,REGISTRA OCHO CAJAS DE IBUPROFENO Y DOS CALDEROS,registra 8 cajas de ibuprofeno y 2 calderos,5376.88,EXACT_CONSENSUS,100.0,0.0,0.0,0.0,104,50,4.6e-05,2.51,IBUPROFENO,N/A,matched,100.0,NO,7449.54,0.000467,EXITOSO
run_20260726_084433_08a1a2bb,5,adriana_89,adriana,MEDIO,RELEVANTE,False,275.06,5.49,0.000393,100.0,28.57,AQUI QUEDARON NUEVE PLATOS Y CINCO CAZUELAS,aquí quedaron 9 platos y 5 cazuelas,6029.96,EXACT_CONSENSUS,100.0,0.0,0.0,0.0,101,50,4.5e-05,2.67,PLATOS,N/A,matched,100.0,NO,6307.89,0.000438,EXITOSO
run_20260726_084433_08a1a2bb,5,adriana_90,adriana,MEDIO,RELEVANTE,False,263.8,5.3,0.00038,100.0,33.33,ANOTE DOCE CINTAS Y CUATRO PLATOS,anoté 12 cintas y 4 platos,2567.8,PARTIAL_CONSENSUS,70.0,0.0,0.0,0.0,100,50,4.5e-05,2.26,CINTAS,N/A,matched,100.0,NO,2834.03,0.000425,EXITOSO
run_20260726_084433_08a1a2bb,5,adriana_91,adriana,MEDIO,RELEVANTE,False,434.61,7.6,0.000545,100.0,15.38,YA REVISE TODO ESTE LADO HAY SIETE PLATOS Y TRES CAJAS DE IBUPROFENO,ya revisé todo este lado hay 7 platos y 3 cajas de ibuprofeno,3357.57,PARTIAL_CONSENSUS,70.0,0.0,0.0,0.0,119,50,4.8e-05,2.49,PLATOS,N/A,matched,100.0,NO,3794.96,0.000593,EXITOSO
run_20260726_084433_08a1a2bb,5,adriana_92,adriana,MEDIO,RELEVANTE,False,259.64,5.2,0.000373,100.0,33.33,REGISTRA SEIS CALDEROS Y DIEZ PLATOS,registra 6 calderos y 10 platos,6070.85,EXACT_CONSENSUS,100.0,0.0,0.0,0.0,100,50,4.5e-05,2.73,CALDEROS,N/A,matched,100.0,NO,6333.38,0.000418,EXITOSO
run_20260726_084433_08a1a2bb,5,adriana_93,adriana,MEDIO,RELEVANTE,False,248.66,5.78,0.000414,100.0,25.0,AQUI SOLAMENTE HAY CINCO CINTAS Y OCHO PLATOS,aquí solamente hay 5 cintas y 8 platos,2360.31,EXACT_CONSENSUS,100.0,0.0,0.0,0.0,104,50,4.6e-05,2.04,CINTAS,N/A,matched,100.0,NO,2611.19,0.00046,EXITOSO
run_20260726_084433_08a1a2bb,5,adriana_94,adriana,MEDIO,RELEVANTE,False,445.81,6.26,0.000449,100.0,25.0,ANOTE NUEVE CAZUELAS Y CUATRO CAJAS DE IBUPROFENO,anoté 9 cazuelas y 4 cajas de ibuprofeno,6058.39,EXACT_CONSENSUS,100.0,0.0,0.0,0.0,104,50,4.6e-05,3.14,CAZUELA,N/A,matched,100.0,NO,6507.55,0.000495,EXITOSO
run_20260726_084433_08a1a2bb,5,adriana_95,adriana,MEDIO,RELEVANTE,False,296.31,7.03,0.000504,100.0,33.33,AQUI VEO DOS CALDEROS SIETE PLATOS Y TRES CINTAS,aquí veo 2 calderos 7 platos y 3 cintas,5270.22,EXACT_CONSENSUS,100.0,0.0,0.0,0.0,107,65,5.5e-05,2.54,CALDERO,N/A,matched,100.0,NO,5569.25,0.000559,EXITOSO
run_20260726_084433_08a1a2bb,5,adriana_96,adriana,MEDIO,RELEVANTE,False,257.18,7.03,0.000504,100.0,22.22,REGISTRA DIEZ PLATOS CUADRADOS Y CINCO CAJAS DE IBUPROFENO,registra 10 platos cuadrados y 5 cajas de ibuprofeno,2590.49,EXACT_CONSENSUS,100.0,0.0,0.0,0.0,107,50,4.6e-05,2.33,PLATOS CUADRADOS,N/A,matched,100.0,NO,2850.2,0.00055,EXITOSO
run_20260726_084433_08a1a2bb,5,adriana_97,adriana,MEDIO,RELEVANTE,False,267.07,6.84,0.00049,100.0,20.0,BUENO YA CASI ACABAMOS HAY OCHO PLATOS Y CUATRO CALDEROS,bueno ya casi acabamos hay 8 platos y 4 calderos,6144.9,EXACT_CONSENSUS,100.0,0.0,0.0,0.0,110,50,4.6e-05,3.26,PLATO,N/A,matched,100.0,NO,6415.41,0.000536,EXITOSO
run_20260726_084433_08a1a2bb,5,adriana_98,adriana,MEDIO,RELEVANTE,False,360.27,7.7,0.000552,100.0,25.0,ANOTE SEIS CINTAS DE SELLAMIENTO Y NUEVE PLATOS,anoté 6 cintas de sellamiento y 9 platos,2981.83,EXACT_CONSENSUS,100.0,0.0,0.0,0.0,104,50,4.6e-05,1.89,CINTAS DE SELLAMIENTO,N/A,matched,100.0,NO,3344.17,0.000598,EXITOSO
run_20260726_084433_08a1a2bb,5,adriana_99,adriana,MEDIO,RELEVANTE,False,255.63,6.84,0.00049,100.0,77.78,AQUI QUEDARON CINCO CAJAS DE IBUPROFENO Y DOS CAZUELAS,aquí quedaron 11 platos y 3 cajas de ibuprofeno,7883.09,PARTIAL_CONSENSUS,70.0,0.0,0.0,0.0,107,50,4.6e-05,2.71,PLATOS,N/A,matched,100.0,NO,8141.6,0.000536,EXITOSO
run_20260726_084433_08a1a2bb,5,adriana_100,adriana,MEDIO,RELEVANTE,False,266.76,5.2,0.000373,100.0,33.33,REGISTRA DOCE PLATOS Y CUATRO CINTAS,registra 12 platos y 4 cintas,2427.74,EXACT_CONSENSUS,100.0,0.0,0.0,0.0,100,50,4.5e-05,2.49,PLATOS,N/A,matched,100.0,NO,2697.24,0.000418,EXITOSO
run_20260726_084433_08a1a2bb,5,adriana_101,adriana,MEDIO,RELEVANTE,False,211.46,6.36,0.000456,100.0,50.0,EN ESTA PARTE SOLAMENTE VEO TRES CALDEROS Y DIEZ PLATOS,en esta parte veo 11 platos y 4 cintas,5439.81,EXACT_CONSENSUS,100.0,0.0,0.0,0.0,107,50,4.6e-05,2.73,PLATOS,N/A,matched,100.0,NO,5654.29,0.000502,EXITOSO
run_20260726_084433_08a1a2bb,5,adriana_102,adriana,MEDIO,RELEVANTE,False,632.34,6.16,0.000441,100.0,25.0,ANOTA OCHO CAJAS DE IBUPROFENO Y CINCO PLATOS,anota 8 cajas de ibuprofeno y 5 platos,7077.29,EXACT_CONSENSUS,100.0,0.0,0.0,0.0,104,50,4.6e-05,2.11,IBUPROFENO,N/A,matched,100.0,NO,7711.94,0.000487,EXITOSO
run_20260726_084433_08a1a2bb,5,adriana_103,adriana,MEDIO,RELEVANTE,False,432.64,7.6,0.000545,100.0,22.22,AQUI ENCONTRAMOS SIETE CINTAS SEIS PLATOS Y UNA CAZUELA,aquí encontramos 7 cintas 6 platos y una cazuela,4932.55,EXACT_CONSENSUS,100.0,0.0,0.0,0.0,107,65,5.5e-05,3.46,CINTAS,N/A,matched,100.0,NO,5368.87,0.0006,EXITOSO
run_20260726_084433_08a1a2bb,5,adriana_104,adriana,MEDIO,RELEVANTE,False,396.71,5.78,0.000414,100.0,33.33,REGISTRA CUATRO CALDEROS Y ONCE PLATOS,registra 4 calderos y 11 platos,8045.56,EXACT_CONSENSUS,100.0,0.0,0.0,0.0,100,50,4.5e-05,2.91,CALDERO,N/A,matched,100.0,NO,8445.37,0.000459,EXITOSO
run_20260726_084433_08a1a2bb,5,adriana_105,adriana,MEDIO,RELEVANTE,False,174.55,7.6,0.000545,100.0,16.67,YA TERMINAMOS ESTA FILA HAY NUEVE CAJAS DE IBUPROFENO Y SEIS PLATOS,ya terminamos esta fila hay 9 cajas de ibuprofeno y 6 platos,4654.51,EXACT_CONSENSUS,100.0,0.0,0.0,0.0,116,50,4.7e-05,2.36,IBUPROFENO,N/A,matched,100.0,NO,4831.65,0.000592,EXITOSO
run_20260726_084433_08a1a2bb,5,adriana_106,adriana,MEDIO,RELEVANTE,False,356.08,7.8,0.000559,100.0,33.33,FINALMENTE ANOTA CINCO PLATOS CUATRO CINTAS Y DOS CALDEROS,finalmente anota 5 platos 4 cintas y 2 calderos,3326.12,EXACT_CONSENSUS,100.0,0.0,0.0,0.0,107,65,5.5e-05,2.27,PLATOS,N/A,matched,100.0,NO,3684.65,0.000614,EXITOSO
run_20260726_084433_08a1a2bb,5,adriana_107,adriana,DIFICIL,RELEVANTE,False,569.94,17.59,0.001261,100.0,0.0,PENSE QUE YA HABIAMOS TERMINADO EL CONTEO PERO FALTABA AHI HAY 28 CAJAS DE SERVILLETAS 15 BOTELLAS DE SALSA DE TOMATE Y 32 PAQUETES DE CUBIERTOS DESECHABLES,pensé que ya habíamos terminado el conteo pero faltaba ahí hay 28 cajas de servilletas 15 botellas de salsa de tomate y 32 paquetes de cubiertos desechables,2311.78,EXACT_CONSENSUS,100.0,0.0,0.0,0.0,161,65,6.3e-05,2.48,SERVILLETAS,N/A,matched,100.0,NO,2884.59,0.001324,EXITOSO
run_20260726_084433_08a1a2bb,5,adriana_108,adriana,DIFICIL,RELEVANTE,False,469.29,15.48,0.001109,100.0,0.0,MARIA MANANA LLEGAN TEMPRANO LOS PROVEEDORES ANOTA 85 GASEOSAS 60 CHOCOLATES Y 45 PAQUETES DE GALLETAS,maría mañana llegan temprano los proveedores anota 85 gaseosas 60 chocolates y 45 paquetes de galletas,4621.37,EXACT_CONSENSUS,100.0,0.0,0.0,0.0,128,65,5.8e-05,2.86,GASEOSA,N/A,matched,100.0,NO,5093.81,0.001167,EXITOSO
run_20260726_084433_08a1a2bb,5,adriana_109,adriana,DIFICIL,RELEVANTE,False,513.49,13.56,0.000972,100.0,0.0,NO OLVIDES CERRAR LA PUERTA CUANDO SALGAS AH Y REGISTRA 40 KILOS DE ARROZ 12 KILOS DE SAL Y 30 LITROS DE ACEITE,no olvides cerrar la puerta cuando salgas ah y registra 40 kilos de arroz 12 kilos de sal y 30 litros de aceite,4543.65,EXACT_CONSENSUS,100.0,0.0,0.0,0.0,149,65,6.1e-05,2.54,ARROZ,N/A,matched,100.0,NO,5059.97,0.001033,EXITOSO
run_20260726_084433_08a1a2bb,5,adriana_110,adriana,DIFICIL,RELEVANTE,False,275.3,18.16,0.001301,100.0,0.0,ESPERA UN MOMENTO QUE ME ESTA LLAMANDO EL SUPERVISOR LISTO CONTINUEMOS HAY 22 PAQUETES DE AZUCAR 35 BOLSAS DE CAFE Y 16 CAJAS DE VASOS DESECHABLES,espera un momento que me está llamando el supervisor listo continuemos hay 22 paquetes de azúcar 35 bolsas de café y 16 cajas de vasos desechables,4658.8,EXACT_CONSENSUS,100.0,0.0,0.0,0.0,158,65,6.3e-05,2.49,AZÚCAR,N/A,matched,100.0,NO,4936.88,0.001364,EXITOSO
run_20260726_084433_08a1a2bb,5,adriana_111,adriana,DIFICIL,RELEVANTE,False,551.21,14.61,0.001047,100.0,0.0,BUENOS DIAS YA TERMINE LA REVISION DEL PARQUEADERO AHORA SI ENCONTRAMOS 18 CAJAS DE GALLETAS 9 PAQUETES DE CAFE Y 14 BOTELLAS DE AGUA,buenos días ya terminé la revisión del parqueadero ahora sí encontramos 18 cajas de galletas 9 paquetes de café y 14 botellas de agua,4729.56,EXACT_CONSENSUS,100.0,0.0,0.0,0.0,152,65,6.2e-05,3.02,GALLETAS,N/A,matched,100.0,NO,5284.09,0.001109,EXITOSO
run_20260726_084433_08a1a2bb,5,adriana_112,adriana,DIFICIL,RELEVANTE,False,313.19,11.83,0.000848,100.0,28.57,HAY OCHO CAJAS DE IBUPROFENO CUATRO CALDEROS RECORD Y DIECIOCHO CAZUELAS DE DIECISEIS ONZAS,hay 8 cajas de ibuprofeno 4 calderos récord y 18 cazuelas de 16 onzas,3022.46,EXACT_CONSENSUS,100.0,0.0,0.0,0.0,122,65,5.7e-05,3.62,IBUPROFENO,N/A,matched,100.0,NO,3339.58,0.000905,EXITOSO
run_20260726_084433_08a1a2bb,5,adriana_113,adriana,DIFICIL,RELEVANTE,False,653.22,10.87,0.000779,100.0,30.77,REGISTRA DOCE PLATOS BLANCOS CUADRADOS SIETE CINTAS DE SELLAMIENTO Y DOS CALDEROS RECORD,registra 12 platos blancos cuadrados 7 cintas de sellamiento y 2 calderos,3660.02,EXACT_CONSENSUS,100.0,0.0,0.0,0.0,116,65,5.6e-05,2.74,PLATOS BLANCOS CUADRADOS,N/A,matched,100.0,NO,4316.15,0.000835,EXITOSO
run_20260726_084433_08a1a2bb,5,adriana_114,adriana,DIFICIL,RELEVANTE,False,377.67,11.83,0.000848,100.0,23.08,TENEMOS CUATRO CALDEROS RECORD DIECISEIS CINTAS DE SELLAMIENTO Y ONCE PLATOS BLANCOS CUADRADOS,tenemos 4 calderos récord 16 cintas de sellamiento y 11 platos blancos cuadrados,2996.94,EXACT_CONSENSUS,100.0,0.0,0.0,0.0,119,65,5.7e-05,2.87,CALDEROS,N/A,matched,100.0,NO,3377.78,0.000905,EXITOSO
run_20260726_084433_08a1a2bb,5,adriana_115,adriana,DIFICIL,RELEVANTE,False,582.44,14.52,0.001041,100.0,28.57,REGISTRA SEIS CALDEROS RECORD DIEZ CAZUELAS DE DIECISEIS ONZAS Y CATORCE PLATOS BLANCOS CUADRADOS,registra 6 calderos récord 10 cazuelas de 16 onzas y 14 platos blancos cuadrados,7143.06,EXACT_CONSENSUS,100.0,0.0,0.0,0.0,122,65,5.7e-05,2.48,CALDERO,N/A,matched,100.0,NO,7728.22,0.001098,EXITOSO
run_20260726_084433_08a1a2bb,5,adriana_116,adriana,DIFICIL,RELEVANTE,False,287.82,12.4,0.000889,100.0,21.43,HAY QUINCE CINTAS DE SELLAMIENTO TRES CAJAS DE IBUPROFENO Y OCHO PLATOS BLANCOS CUADRADOS,hay 15 cintas de sellamiento 3 cajas de ibuprofeno y 8 platos blancos cuadrados,4478.52,EXACT_CONSENSUS,100.0,0.0,0.0,0.0,122,65,5.7e-05,3.62,CINTAS DE SELLAMIENTO,N/A,matched,100.0,NO,4770.24,0.000946,EXITOSO
run_20260726_084433_08a1a2bb,5,adriana_117,adriana,DIFICIL,RELEVANTE,False,261.37,13.17,0.000944,100.0,28.57,ANOTA SIETE CALDEROS RECORD DOCE PLATOS BLANCOS CUADRADOS Y CUATRO CAZUELAS DE DIECISEIS ONZAS,anota 7 calderos récord 12 platos blancos cuadrados y 4 cazuelas de 16 onzas,3198.09,EXACT_CONSENSUS,100.0,0.0,0.0,0.0,122,65,5.7e-05,2.29,CALDEROS,N/A,matched,100.0,NO,3462.01,0.001001,EXITOSO
run_20260726_084433_08a1a2bb,5,adriana_118,adriana,DIFICIL,RELEVANTE,False,220.73,13.08,0.000937,100.0,21.43,REGISTRA ONCE CAJAS DE IBUPROFENO NUEVE CINTAS DE SELLAMIENTO Y CINCO PLATOS BLANCOS CUADRADOS,registra 11 cajas de ibuprofeno 9 cintas de sellamiento y 5 platos blancos cuadrados,2767.66,EXACT_CONSENSUS,100.0,0.0,0.0,0.0,122,65,5.7e-05,2.81,IBUPROFENO,N/A,matched,100.0,NO,2991.41,0.000994,EXITOSO
run_20260726_084433_08a1a2bb,5,adriana_119,adriana,DIFICIL,RELEVANTE,False,267.38,10.96,0.000785,100.0,30.77,TENEMOS DIECIOCHO PLATOS BLANCOS CUADRADOS TRES CALDEROS RECORD Y SEIS CINTAS DE SELLAMIENTO,tenemos 18 platos blancos cuadrados 3 calderos récord y 6 cintas de,5063.25,HIGH_DISCREPANCY,67.0,0.0,0.0,0.0,116,65,5.6e-05,3.06,PLATOS BLANCOS CUADRADOS,N/A,matched,100.0,NO,5333.91,0.000841,EXITOSO
run_20260726_084433_08a1a2bb,5,adriana_120,adriana,DIFICIL,RELEVANTE,False,335.04,14.13,0.001013,100.0,26.67,ANOTA CINCO CAJAS DE IBUPROFENO VEINTE CAZUELAS DE DIECISEIS ONZAS Y OCHO PLATOS BLANCOS CUADRADOS,anota 5 cajas de ibuprofeno 20 cazuelas de 16 onzas y 8 platos blancos cuadrados,5636.96,EXACT_CONSENSUS,100.0,0.0,0.0,0.0,125,65,5.8e-05,2.54,IBUPROFENO,N/A,matched,100.0,NO,5974.75,0.001071,EXITOSO
run_20260726_084433_08a1a2bb,5,adriana_121,adriana,DIFICIL,RELEVANTE,False,280.12,12.21,0.000875,100.0,23.08,REGISTRA DOS CALDEROS RECORD QUINCE PLATOS BLANCOS CUADRADOS Y DIEZ CINTAS DE SELLAMIENTO,registra 2 calderos récord 15 platos blancos cuadrados y 10 cintas de sellamiento,3295.52,EXACT_CONSENSUS,100.0,0.0,0.0,0.0,119,65,5.7e-05,2.3,CALDEROS,N/A,matched,100.0,NO,3578.24,0.000932,EXITOSO
run_20260726_084433_08a1a2bb,5,adriana_122,adriana,DIFICIL,RELEVANTE,False,292.39,12.69,0.000909,100.0,40.0,HAY NUEVE CAZUELAS DE DIECISEIS ONZAS SIETE CAJAS DE IBUPROFENO Y DOCE PLATOS BLANCOS CUADRADOS,este rompecabezas hay 9 cazuelas de 16 onzas 7 cajas de ibuprofeno y 12 platos blancos cuadrados,7706.91,EXACT_CONSENSUS,100.0,0.0,0.0,0.0,131,65,5.9e-05,2.14,CAZUELAS DE 16 ONZAS,N/A,matched,100.0,NO,8001.64,0.000968,EXITOSO
run_20260726_084433_08a1a2bb,5,adriana_123,adriana,DIFICIL,RELEVANTE,False,240.35,10.39,0.000745,100.0,23.08,ANOTA CUATRO PLATOS BLANCOS CUADRADOS CUATRO CALDEROS RECORD Y CATORCE CINTAS DE SELLAMIENTO,anota 4 platos blancos cuadrados 4 calderos récord y 14 cintas de sellamiento,5823.62,EXACT_CONSENSUS,100.0,0.0,0.0,0.0,119,65,5.7e-05,2.41,PLATOS BLANCOS CUADRADOS,N/A,matched,100.0,NO,6066.55,0.000802,EXITOSO
run_20260726_084433_08a1a2bb,5,adriana_124,adriana,DIFICIL,RELEVANTE,False,313.98,10.87,0.000779,100.0,26.67,REGISTRA OCHO CAJAS DE IBUPROFENO DIEZ PLATOS BLANCOS CUADRADOS Y TRES CAZUELAS DE DIECISEIS ONZAS,registra 8 cajas de ibuprofeno 10 platos blancos cuadrados y 3 cazuelas de 16 onzas,4144.09,EXACT_CONSENSUS,100.0,0.0,0.0,0.0,125,65,5.8e-05,2.23,IBUPROFENO,N/A,matched,100.0,NO,4460.55,0.000837,EXITOSO
run_20260726_084433_08a1a2bb,5,adriana_125,adriana,DIFICIL,RELEVANTE,False,286.15,11.16,0.0008,100.0,23.08,TENEMOS SEIS CALDEROS RECORD DIECIOCHO PLATOS BLANCOS CUADRADOS Y CINCO CINTAS DE SELLAMIENTO,tenemos 6 calderos récord 18 platos blancos cuadrados y 5 cintas de sellamiento,5463.58,EXACT_CONSENSUS,100.0,0.0,0.0,0.0,119,65,5.7e-05,2.95,CALDEROS RÉCORD,N/A,matched,100.0,NO,5752.99,0.000857,EXITOSO
run_20260726_084433_08a1a2bb,5,adriana_126,adriana,DIFICIL,RELEVANTE,False,267.51,13.46,0.000965,100.0,33.33,HAY DIEZ CAJAS DE IBUPROFENO CUATRO PLATOS BLANCOS CUADRADOS Y SEIS CAZUELAS DE DIECISEIS ONZAS,hay 10 cajas ibuprofeno 4 platos blancos cuadrados y 6 cazuelas de 16 onzas,3544.53,EXACT_CONSENSUS,100.0,0.0,0.0,0.0,122,65,5.7e-05,3.33,IBUPROFENO,N/A,matched,100.0,NO,3815.74,0.001022,EXITOSO
run_20260726_084433_08a1a2bb,5,adriana_127,adriana,DIFICIL,RELEVANTE,False,434.58,10.29,0.000737,100.0,23.08,ANOTA OCHO CALDEROS RECORD QUINCE CINTAS DE SELLAMIENTO Y TRECE PLATOS BLANCOS CUADRADOS,anota 8 calderos récord 15 cintas de sellamiento y 13 platos blancos cuadrados,4454.74,EXACT_CONSENSUS,100.0,0.0,0.0,0.0,119,65,5.7e-05,3.22,CALDEROS RÉCORD,N/A,matched,100.0,NO,4892.79,0.000794,EXITOSO
run_20260726_084433_08a1a2bb,5,adriana_128,adriana,DIFICIL,RELEVANTE,False,481.71,12.02,0.000861,100.0,26.67,REGISTRA CINCO CAJAS DE IBUPROFENO DOCE PLATOS BLANCOS CUADRADOS Y SIETE CAZUELAS DE DIECISEIS ONZAS,registra 5 cajas de ibuprofeno 12 platos blancos cuadrados y 7 cazuelas de 16 onzas,5524.41,EXACT_CONSENSUS,100.0,0.0,0.0,0.0,125,65,5.8e-05,2.87,IBUPROFENO,N/A,matched,100.0,NO,6009.19,0.000919,EXITOSO
run_20260726_084433_08a1a2bb,5,adriana_129,adriana,DIFICIL,RELEVANTE,False,687.38,13.56,0.000972,100.0,40.0,ANOTA SEIS CAJAS DE IBUPROFENO CINCO CAZUELAS DE DIECISEIS ONZAS Y VEINTE PLATOS BLANCOS CUADRADOS,aprovechen casera anota 6 cajas de ibuprofeno 5 cazuelas de 16 onzas y 20 platos blancos cuadrados,2810.48,EXACT_CONSENSUS,100.0,0.0,0.0,0.0,131,65,5.9e-05,2.42,IBUPROFENO,N/A,matched,100.0,NO,3500.61,0.001031,EXITOSO
run_20260726_084433_08a1a2bb,5,adriana_130,adriana,DIFICIL,RELEVANTE,False,299.76,19.6,0.001405,100.0,10.34,QUE CALOR HACE HOY SUBELE UN POQUITO AL VOLUMEN PORQUE CASI NO ESCUCHO BUENO REGISTRA 15 CAJAS DE TONER PARA IMPRESORA 8 PAQUETES DE HOJAS A4 Y 12 CALCULADORAS,qué calor hace hoy súbele un poquito el volumen porque casi no escucho bueno registra 15 cajas de tóner para impresora 8 paquetes de hojas a 4 y 12 calculadoras,6067.99,EXACT_CONSENSUS,100.0,0.0,0.0,0.0,170,65,6.4e-05,2.85,TÓNER PARA IMPRESORA,N/A,matched,100.0,NO,6370.93,0.001469,EXITOSO
run_20260726_084433_08a1a2bb,5,adriana_131,adriana,DIFICIL,RELEVANTE,False,256.4,22.48,0.001611,100.0,3.12,OIGA SI VIO EL PARTIDO ANOCHE ESPERE QUE ESTA PASANDO MUCHA GENTE BUENO CONTINUE NO ESPERE SI SON 42 CAJAS DE MARCADORES 16 RESMAS DE PAPEL OFICIO Y 8 CAJAS DE ARCHIVADORES,oiga sí vio el partido anoche espere que está pasando mucha gente bueno continúe no espere sí son 42 cajas de marcadores 16 reglas de papel oficio y 8 cajas de archivadores,5455.47,EXACT_CONSENSUS,100.0,0.0,0.0,0.0,176,65,6.5e-05,3.33,MARCADORES,N/A,matched,100.0,NO,5715.69,0.001676,EXITOSO
run_20260726_084433_08a1a2bb,5,adriana_132,adriana,DIFICIL,RELEVANTE,False,309.64,25.08,0.001797,100.0,0.0,AYER ME DIJERON QUE YA HABIAN CONTADO ESTA BODEGA PERO MEJOR CONFIRMEMOS EN COCINA PRINCIPAL SUMINISTROS ENCONTRAMOS 55 KILOS DE ARROZ NO PERDON 65 KILOS DE ARROZ ADEMAS 20 LITROS DE ACEITE Y 18 KILOS DE AZUCAR,ayer me dijeron que ya habían contado esta bodega pero mejor confirmemos en cocina principal suministros encontramos 55 kilos de arroz no perdón 65 kilos de arroz además 20 litros de aceite y 18 kilos de azúcar,4679.75,EXACT_CONSENSUS,100.0,0.0,0.0,0.0,191,65,6.8e-05,2.37,ARROZ,N/A,matched,100.0,NO,4992.21,0.001865,EXITOSO
run_20260726_084433_08a1a2bb,5,adriana_133,adriana,DIFICIL,RELEVANTE,False,259.13,16.82,0.001205,100.0,0.0,ESPERE QUE ACABA DE PASAR UN CARRO Y NO ESCUCHE NADA LISTO HAY 20 CAJAS DE TAPABOCAS 14 LITROS DE ALCOHOL Y 35 CAJAS DE GUANTES DE NITRILO,espere que acaba de pasar un carro y no escuché nada listo hay 20 cajas de tapabocas 14 litros de alcohol y 35 cajas de guantes de nitrilo,5875.15,EXACT_CONSENSUS,100.0,0.0,0.0,0.0,164,65,6.4e-05,2.19,TAPABOCAS,N/A,matched,100.0,NO,6136.76,0.001269,EXITOSO
run_20260726_084433_08a1a2bb,5,daniel_1,daniel,FACIL,RELEVANTE,False,236.57,6.2,0.000444,100.0,0.0,350 KILOS DE ACELGA,350 kilos de acelga,3113.81,EXACT_CONSENSUS,100.0,0.0,0.0,0.0,100,35,3.6e-05,3.47,ACELGA,N/A,matched,100.0,NO,3354.05,0.00048,EXITOSO
run_20260726_084433_08a1a2bb,5,daniel_2,daniel,FACIL,RELEVANTE,False,390.92,4.38,0.000314,100.0,0.0,600 KILOS DE CALABACIN,600 kilos de calabacín,2755.19,EXACT_CONSENSUS,100.0,0.0,0.0,0.0,100,35,3.6e-05,2.95,CALABACÍN,N/A,matched,100.0,NO,3149.25,0.00035,EXITOSO
run_20260726_084433_08a1a2bb,5,daniel_3,daniel,FACIL,RELEVANTE,False,605.83,5.35,0.000383,100.0,0.0,400 KILOS DE KIWI,400 kilos de kiwi,1824.5,EXACT_CONSENSUS,100.0,0.0,0.0,0.0,100,35,3.6e-05,2.11,KIWI,N/A,matched,100.0,NO,2432.61,0.000419,EXITOSO
run_20260726_084433_08a1a2bb,5,daniel_4,daniel,FACIL,RELEVANTE,False,424.08,8.25,0.000591,100.0,0.0,ALMOHADILLA PARA SELLO 600 UNIDADES,almohadilla para sello 600 unidades,3123.71,EXACT_CONSENSUS,100.0,0.0,0.0,0.0,100,35,3.6e-05,2.95,ALMOHADILLA PARA SELLO,N/A,matched,100.0,NO,3550.93,0.000627,EXITOSO
run_20260726_084433_08a1a2bb,5,daniel_5,daniel,FACIL,RELEVANTE,False,1007.24,11.63,0.000833,100.0,0.0,AMBIENTADOR EN AEROSOL MARCA AROMA POR 600 UNIDADES,ambientador en aerosol marca aroma por 600 unidades,2622.23,EXACT_CONSENSUS,100.0,0.0,0.0,0.0,104,35,3.7e-05,3.53,AMBIENTADOR EN AEROSOL MARCA AROMA,N/A,matched,100.0,NO,3633.2,0.00087,EXITOSO
run_20260726_084433_08a1a2bb,5,daniel_6,daniel,FACIL,RELEVANTE,False,848.23,11.87,0.000851,100.0,0.0,BANDEJA PLASTICA POR 9320 UNIDADES,bandeja plástica por 9320 unidades,4806.9,EXACT_CONSENSUS,100.0,0.0,0.0,0.0,100,35,3.6e-05,2.83,BANDEJA PLÁSTICA,N/A,matched,100.0,NO,5658.5,0.000887,EXITOSO
run_20260726_084433_08a1a2bb,5,daniel_7,daniel,FACIL,RELEVANTE,False,1026.97,9.21,0.00066,100.0,16.67,CAJA PARA PIZZA CARTON 4500 UNIDADES,caja para pizza de cartón 4500 unidades,2692.15,EXACT_CONSENSUS,100.0,0.0,0.0,0.0,101,35,3.6e-05,3.43,CAJA PARA PIZZA DE CARTÓN,N/A,matched,100.0,NO,3722.79,0.000696,EXITOSO
run_20260726_084433_08a1a2bb,5,daniel_8,daniel,FACIL,RELEVANTE,False,544.54,9.09,0.000651,100.0,14.29,CALDERO RECORD CON TAPA POR 800 UNIDADES,caldero ricor con tapa por 800 unidades,2516.32,EXACT_CONSENSUS,100.0,0.0,0.0,0.0,101,35,3.6e-05,3.02,CALDERO RICOR CON TAPA,N/A,matched,100.0,NO,3064.04,0.000687,EXITOSO
run_20260726_084433_08a1a2bb,5,daniel_9,daniel,FACIL,RELEVANTE,False,1205.45,13.56,0.000972,100.0,0.0,BOWL POR 500 UNIDADES Y 7 CALCULADORAS MANUALES DE 12 DIGITOS,bowl por 500 unidades y 7 calculadoras manuales de 12 dígitos,5482.24,EXACT_CONSENSUS,100.0,0.0,0.0,0.0,113,50,4.7e-05,2.18,BOWL,N/A,matched,100.0,NO,6690.13,0.001019,EXITOSO
run_20260726_084433_08a1a2bb,5,daniel_10,daniel,FACIL,RELEVANTE,False,232.77,11.15,0.000799,100.0,0.0,AREPA PAISA POR 500 UNIDADES Y 750 KILOS DE ARANDANOS,arepa paisa por 500 unidades y 750 kilos de arándanos,7962.4,EXACT_CONSENSUS,100.0,0.0,0.0,0.0,110,50,4.6e-05,3.5,AREPA PAISA,N/A,matched,100.0,NO,8198.9,0.000845,EXITOSO
run_20260726_084433_08a1a2bb,5,daniel_11,daniel,MEDIO,RELEVANTE,False,470.9,20.93,0.0015,100.0,5.0,DON JAIME ENCONTRAMOS 750 KILOS DE ARVEJA AMARILLA TAMBIEN ENCONTRAMOS EN LA BODEGA 1 DOS KILOS DE CEBADA DE PERLA,don jaime encontramos 750 kilos de arveja amarilla también encontramos en la bodega 1 2 kilos de cebada de perla,3422.01,EXACT_CONSENSUS,100.0,0.0,0.0,0.0,140,50,5.1e-05,2.89,ARVEJA AMARILLA,N/A,matched,100.0,NO,3896.05,0.001551,EXITOSO
run_20260726_084433_08a1a2bb,5,daniel_12,daniel,MEDIO,RELEVANTE,False,266.73,13.68,0.00098,100.0,6.67,BUENOS DIAS SENORA ISABEL SON 4 UNIDADES DE SODA BRETANA Y 8 UNIDADES DE BONYURT,buenos días señora isabel son 4 unidades de soda bretaña y 8 unidades de bonjour,3115.68,EXACT_CONSENSUS,100.0,0.0,0.0,0.0,125,50,4.9e-05,2.33,SODA BRETAÑA,N/A,matched,100.0,NO,3384.94,0.001029,EXITOSO
run_20260726_084433_08a1a2bb,5,daniel_13,daniel,MEDIO,RELEVANTE,False,483.8,13.68,0.00098,100.0,6.67,KAROL ANOTE AHI QUE SON 60 KILOS DE CEBOLLA ROJA Y 50000 UNIDADES DE STEVIA,carol anote ahí que son 60 kilos de cebolla roja y 50000 unidades de stevia,3889.86,EXACT_CONSENSUS,100.0,0.0,0.0,0.0,125,50,4.9e-05,2.21,CEBOLLA ROJA,N/A,matched,100.0,NO,4376.14,0.001029,EXITOSO
run_20260726_084433_08a1a2bb,5,daniel_14,daniel,MEDIO,RELEVANTE,False,398.79,19.84,0.001422,100.0,6.25,UFF VI LA MORCILLA Y ME ANTOJE SON 700 KILOS DE MORCILLA Y 400 DE CHORIZO,uf vi la morcilla y me antojé son 700 kilos de morcilla y 400 de chorizo,4236.91,EXACT_CONSENSUS,100.0,0.0,0.0,0.0,128,50,4.9e-05,2.22,MORCILLA,N/A,matched,100.0,NO,4638.2,0.001471,EXITOSO
run_20260726_084433_08a1a2bb,5,daniel_15,daniel,MEDIO,RELEVANTE,False,330.76,23.34,0.001673,100.0,9.52,QUE MAN TAN SALADO NACHOS NATURALES POR 200 UNIDADES 400 UNIDADES DE NATUCHIPS Y 150 KILOS DE PAPA A LA FRANCESA,qué mantan salado nachos naturales por 200 unidades 400 unidades de natuchips y 150 kilos de papa a la francesa,5555.02,EXACT_CONSENSUS,100.0,0.0,0.0,0.0,140,65,6e-05,2.37,NACHOS NATURALES,N/A,matched,100.0,NO,5888.48,0.001733,EXITOSO
run_20260726_084433_08a1a2bb,5,daniel_16,daniel,DIFICIL,RELEVANTE,False,254.26,30.95,0.002218,100.0,32.0,PARCE IMAGINESE QUE VI ESTO NATUCHIPS Y ME ACORDE DE ANOCHE AUDIO INAUDIBLE 400 UNIDADES DE NATUCHIP 400 UNIDADES DE PAPAS MARGARITAS Y 200 COCACOLAS,parce imagínese que vi esos natuchips y me acordé 400 unidades de natuchips 400 unidades de papas margaritas y 200 coca-colas,6408.81,EXACT_CONSENSUS,100.0,0.0,0.0,0.0,143,65,6e-05,3.17,NATUCHIPS,N/A,matched,100.0,NO,6666.51,0.002278,EXITOSO
run_20260726_084433_08a1a2bb,5,daniel_17,daniel,DIFICIL,RELEVANTE,False,550.01,36.99,0.002651,100.0,0.0,AY AQUI ESTOY YO EN EL MISMO LUGAR QUE TE CONOCI SIGO PENSANDO EN TU BOCA PARCE NO SE PONGA A CANTAR QUE ESTAMOS HACIENDO EL INVENTARIO DICTE AHI 800 KILOS DE AZUCAR MORENA 700 KILOS DE CAFE Y 80 UNIDADES DE HAMBURGUESA MIXTA,ay aquí estoy yo en el mismo lugar que te conocí sigo pensando en tu boca parce no se ponga a cantar que estamos haciendo el inventario dicte ahí 800 kilos de azúcar morena 700 kilos de café y 80 unidades de hamburguesa mixta,4399.69,EXACT_CONSENSUS,100.0,0.0,0.0,0.0,212,65,7.1e-05,2.74,AZÚCAR MORENA,N/A,matched,100.0,NO,4953.19,0.002722,EXITOSO
run_20260726_084433_08a1a2bb,5,daniel_18,daniel,DIFICIL,RELEVANTE,False,411.51,30.35,0.002175,100.0,0.0,Y SU MAMA COMO SIGUE TENEMOS RATO SIN HABLAR ESPERA YA LE RESPONDO VOY A REGISTRAR UNOS PRODUCTOS EN LA HERRAMIENTA 19 KILOS DE BERENJENA 190 KILOS DE CHORIZO Y 700 LITROS DE AGUARDIENTE NECTAR,y su mamá cómo sigue tenemos rato sin hablar espera ya le respondo voy a registrar unos productos en la herramienta 19 kilos de berenjena 190 kilos de chorizo y 700 litros de aguardiente néctar,4713.97,EXACT_CONSENSUS,100.0,0.0,0.0,0.0,185,65,6.7e-05,2.22,BERENJENA,N/A,matched,100.0,NO,5128.12,0.002242,EXITOSO
run_20260726_084433_08a1a2bb,5,daniel_19,daniel,DIFICIL,RELEVANTE,False,645.98,40.13,0.002876,100.0,9.76,ESTO DE HACER EL INVENTARIO ES MUY TEDIOSO QUE HAGO AQUI CONTANDO UNAS ALCACHOFAS BUENO PERO SIGAMOS QUE SI NO NO TERMINAMOS HOY ALCACHOFAS 500 KILOS 400 UNIDADES DE BOTELLONES DE AGUA 19 KILOS DE ACELGA Y 60 KILOS DE AJO,esto al ser el inventario es muy tedioso qué hago aquí contando unas alcachofas bueno pero sigamos que sino no terminamos hoy alcachofas 500 kilos 400 unidades de botellones de agua 19 kilos de acelga y 60 kilos de ajo,2954.78,EXACT_CONSENSUS,100.0,0.0,0.0,0.0,200,80,7.8e-05,2.27,ALCACHOFAS,N/A,matched,100.0,NO,3603.54,0.002954,EXITOSO
run_20260726_084433_08a1a2bb,5,daniel_20,daniel,FACIL,RELEVANTE,False,264.72,5.95,0.000426,100.0,0.0,50 KILOS DE PAPA PASTUSA,50 kilos de papa pastusa,3170.87,EXACT_CONSENSUS,100.0,0.0,0.0,0.0,100,35,3.6e-05,2.35,PAPA PASTUSA,N/A,matched,100.0,NO,3438.07,0.000462,EXITOSO
run_20260726_084433_08a1a2bb,5,daniel_21,daniel,FACIL,RELEVANTE,False,347.23,4.75,0.00034,100.0,0.0,120 LITROS DE ACEITE DE GIRASOL,120 litros de aceite de girasol,11311.01,EXACT_CONSENSUS,100.0,0.0,0.0,0.0,100,35,3.6e-05,2.74,ACEITE DE GIRASOL,N/A,matched,100.0,NO,11661.18,0.000376,EXITOSO
run_20260726_084433_08a1a2bb,5,daniel_22,daniel,FACIL,RELEVANTE,False,513.85,5.23,0.000375,100.0,0.0,30 PORCIONES DE CARNE DE RES,30 porciones de carne de res,2775.74,EXACT_CONSENSUS,100.0,0.0,0.0,0.0,100,35,3.6e-05,2.43,CARNE DE RES,N/A,matched,100.0,NO,3292.3,0.000411,EXITOSO
run_20260726_084433_08a1a2bb,5,daniel_23,daniel,FACIL,RELEVANTE,False,459.9,5.83,0.000418,100.0,40.0,200 UNIDADES DE HUEVOS FRESCOS,200 unidades de huevo fresco,3163.77,EXACT_CONSENSUS,100.0,0.0,0.0,0.0,100,35,3.6e-05,2.31,HUEVO FRESCO,N/A,matched,100.0,NO,3626.11,0.000454,EXITOSO
run_20260726_084433_08a1a2bb,5,daniel_24,daniel,FACIL,RELEVANTE,False,441.9,5.47,0.000392,100.0,0.0,80 KILOS DE MANZANA ROJA,80 kilos de manzana roja,2717.39,EXACT_CONSENSUS,100.0,0.0,0.0,0.0,100,35,3.6e-05,3.95,MANZANA ROJA,N/A,matched,100.0,NO,3163.45,0.000428,EXITOSO
run_20260726_084433_08a1a2bb,5,daniel_25,daniel,FACIL,RELEVANTE,False,265.39,5.83,0.000418,100.0,20.0,15 LITROS DE LECHE ENTERA,15 litros de lechuga entera,13797.45,HIGH_DISCREPANCY,40.0,0.0,0.0,0.0,100,35,3.6e-05,3.05,LECHUGA ENTERA,N/A,matched,100.0,NO,14066.25,0.000454,EXITOSO
run_20260726_084433_08a1a2bb,5,daniel_26,daniel,FACIL,RELEVANTE,False,706.1,5.71,0.000409,100.0,25.0,40 KILOS DE ZANAHORIA,400 kilos de zanahoria,3244.63,EXACT_CONSENSUS,100.0,0.0,0.0,0.0,100,35,3.6e-05,2.91,ZANAHORIA,N/A,matched,100.0,NO,3953.78,0.000445,EXITOSO
run_20260726_084433_08a1a2bb,5,daniel_27,daniel,FACIL,RELEVANTE,False,531.81,6.32,0.000453,100.0,0.0,500 UNIDADES DE VASOS DESECHABLES,500 unidades de vasos desechables,2215.98,EXACT_CONSENSUS,100.0,0.0,0.0,0.0,100,35,3.6e-05,2.39,VASOS DESECHABLES,N/A,matched,100.0,NO,2750.36,0.000489,EXITOSO
run_20260726_084433_08a1a2bb,5,daniel_28,daniel,FACIL,RELEVANTE,False,555.83,6.92,0.000496,100.0,20.0,90 KILOS DE LIMON TAITI,90 kilos de limón tahití,3559.17,EXACT_CONSENSUS,100.0,0.0,0.0,0.0,100,35,3.6e-05,2.31,LIMÓN TAHITÍ,N/A,matched,100.0,NO,4117.51,0.000532,EXITOSO
run_20260726_084433_08a1a2bb,5,daniel_29,daniel,FACIL,RELEVANTE,False,257.96,6.56,0.00047,100.0,0.0,25 PORCIONES DE POLLO ASADO,25 porciones de pollo asado,1661.96,EXACT_CONSENSUS,100.0,0.0,0.0,0.0,100,35,3.6e-05,2.95,POLLO ASADO,N/A,matched,100.0,NO,1923.05,0.000506,EXITOSO
run_20260726_084433_08a1a2bb,5,daniel_30,daniel,FACIL,RELEVANTE,False,589.24,5.47,0.000392,100.0,0.0,300 KILOS DE ARROZ BLANCO,300 kilos de arroz blanco,8708.89,EXACT_CONSENSUS,100.0,0.0,0.0,0.0,100,35,3.6e-05,2.5,ARROZ BLANCO,N/A,matched,100.0,NO,9300.81,0.000428,EXITOSO
run_20260726_084433_08a1a2bb,5,daniel_31,daniel,FACIL,RELEVANTE,False,260.21,6.44,0.000462,100.0,0.0,150 LITROS DE JUGO DE NARANJA,150 litros de jugo de naranja,2841.09,EXACT_CONSENSUS,100.0,0.0,0.0,0.0,100,35,3.6e-05,3.02,JUGO DE NARANJA,N/A,matched,100.0,NO,3104.53,0.000498,EXITOSO
run_20260726_084433_08a1a2bb,5,daniel_32,daniel,FACIL,RELEVANTE,False,253.96,6.92,0.000496,100.0,20.0,60 UNIDADES DE PAN HAMBURGUESA,60 unidades de pan de hamburguesa,3570.5,EXACT_CONSENSUS,100.0,0.0,0.0,0.0,100,35,3.6e-05,2.38,PAN DE HAMBURGUESA,N/A,matched,100.0,NO,3826.98,0.000532,EXITOSO
run_20260726_084433_08a1a2bb,5,daniel_33,daniel,FACIL,RELEVANTE,False,253.5,5.23,0.000375,100.0,0.0,75 KILOS DE CEBOLLA CABEZONA,75 kilos de cebolla cabezona,2753.86,EXACT_CONSENSUS,100.0,0.0,0.0,0.0,100,35,3.6e-05,2.85,CEBOLLA CABEZONA,N/A,matched,100.0,NO,3010.37,0.000411,EXITOSO
run_20260726_084433_08a1a2bb,5,daniel_34,daniel,FACIL,RELEVANTE,False,265.84,7.4,0.00053,100.0,0.0,50 PORCIONES DE LASANA DE CARNE,50 porciones de lasaña de carne,3318.77,EXACT_CONSENSUS,100.0,0.0,0.0,0.0,100,35,3.6e-05,2.28,LASAÑA DE CARNE,N/A,matched,100.0,NO,3587.12,0.000566,EXITOSO
run_20260726_084433_08a1a2bb,5,daniel_35,daniel,FACIL,RELEVANTE,False,224.03,9.09,0.000651,100.0,0.0,100 KILOS DE TOMATE DE ARBOL,100 kilos de tomate de árbol,2748.29,EXACT_CONSENSUS,100.0,0.0,0.0,0.0,100,35,3.6e-05,2.16,TOMATE DE ÁRBOL,N/A,matched,100.0,NO,2974.68,0.000687,EXITOSO
run_20260726_084433_08a1a2bb,5,daniel_36,daniel,FACIL,RELEVANTE,False,352.58,6.56,0.00047,100.0,0.0,400 LITROS DE DETERGENTE LIQUIDO,400 litros de detergente líquido,6016.41,EXACT_CONSENSUS,100.0,0.0,0.0,0.0,100,35,3.6e-05,2.84,DETERGENTE LÍQUIDO,N/A,matched,100.0,NO,6372.01,0.000506,EXITOSO
run_20260726_084433_08a1a2bb,5,daniel_37,daniel,FACIL,RELEVANTE,False,304.63,6.68,0.000479,100.0,0.0,800 UNIDADES DE SERVILLETA DE PAPEL,800 unidades de servilleta de papel,2869.36,EXACT_CONSENSUS,100.0,0.0,0.0,0.0,100,35,3.6e-05,3.06,SERVILLETA DE PAPEL,N/A,matched,100.0,NO,3177.26,0.000515,EXITOSO
run_20260726_084433_08a1a2bb,5,daniel_38,daniel,FACIL,RELEVANTE,False,616.4,7.28,0.000522,100.0,0.0,35 KILOS DE QUESO CAMPESINO,35 kilos de queso campesino,2835.75,EXACT_CONSENSUS,100.0,0.0,0.0,0.0,100,35,3.6e-05,2.76,QUESO CAMPESINO,N/A,matched,100.0,NO,3455.07,0.000558,EXITOSO
run_20260726_084433_08a1a2bb,5,daniel_39,daniel,FACIL,RELEVANTE,False,226.12,5.95,0.000426,100.0,0.0,12 PORCIONES DE SALMON FRESCO,12 porciones de salmón fresco,3405.46,EXACT_CONSENSUS,100.0,0.0,0.0,0.0,100,35,3.6e-05,2.61,SALMÓN FRESCO,N/A,matched,100.0,NO,3634.39,0.000462,EXITOSO
run_20260726_084433_08a1a2bb,5,daniel_40,daniel,FACIL,RELEVANTE,False,562.47,8.37,0.0006,100.0,0.0,45 KILOS DE PAPAYA MARADOL,45 kilos de papaya maradol,2335.3,EXACT_CONSENSUS,100.0,0.0,0.0,0.0,100,35,3.6e-05,3.12,PAPAYA MARADOL,N/A,matched,100.0,NO,2901.06,0.000636,EXITOSO
run_20260726_084433_08a1a2bb,5,daniel_41,daniel,FACIL,RELEVANTE,False,654.36,6.92,0.000496,100.0,0.0,600 UNIDADES DE TENEDOR PLASTICO,600 unidades de tenedor plástico,2336.86,EXACT_CONSENSUS,100.0,0.0,0.0,0.0,100,35,3.6e-05,2.76,TENEDOR PLÁSTICO,N/A,matched,100.0,NO,2994.18,0.000532,EXITOSO
run_20260726_084433_08a1a2bb,5,daniel_42,daniel,FACIL,RELEVANTE,False,249.44,5.83,0.000418,100.0,0.0,200 KILOS DE HARINA DE TRIGO,200 kilos de harina de trigo,2968.88,EXACT_CONSENSUS,100.0,0.0,0.0,0.0,100,35,3.6e-05,2.09,HARINA DE TRIGO,N/A,matched,100.0,NO,3220.57,0.000454,EXITOSO
run_20260726_084433_08a1a2bb,5,daniel_43,daniel,FACIL,RELEVANTE,False,646.03,6.8,0.000487,100.0,0.0,85 LITROS DE AGUA EMBOTELLADA,85 litros de agua embotellada,3218.86,EXACT_CONSENSUS,100.0,0.0,0.0,0.0,100,35,3.6e-05,3.11,AGUA EMBOTELLADA,N/A,matched,100.0,NO,3868.18,0.000523,EXITOSO
run_20260726_084433_08a1a2bb,5,daniel_44,daniel,FACIL,RELEVANTE,False,273.43,6.32,0.000453,100.0,20.0,110 KILOS DE PLATANO VERDE,110 litros de plátano verde,2878.17,EXACT_CONSENSUS,100.0,0.0,0.0,0.0,100,35,3.6e-05,3.24,PLÁTANO VERDE,N/A,matched,100.0,NO,3155.05,0.000489,EXITOSO
run_20260726_084433_08a1a2bb,5,daniel_45,daniel,FACIL,RELEVANTE,False,274.97,6.68,0.000479,100.0,16.67,40 PORCIONES DE PUDIN DE CHOCOLATE,40 porciones de budín de chocolate,2237.93,EXACT_CONSENSUS,100.0,0.0,0.0,0.0,100,35,3.6e-05,2.85,BUDÍN DE CHOCOLATE,N/A,matched,100.0,NO,2515.92,0.000515,EXITOSO
run_20260726_084433_08a1a2bb,5,daniel_46,daniel,FACIL,RELEVANTE,False,405.12,6.92,0.000496,100.0,0.0,350 UNIDADES DE PLATOS DESECHABLES,350 unidades de platos desechables,2293.02,EXACT_CONSENSUS,100.0,0.0,0.0,0.0,100,35,3.6e-05,3.23,PLATOS DESECHABLES,N/A,matched,100.0,NO,2701.54,0.000532,EXITOSO
run_20260726_084433_08a1a2bb,5,daniel_47,daniel,FACIL,RELEVANTE,False,281.37,9.58,0.000687,100.0,0.0,800 KILOS DE GUAYABA Y 15 PORCIONES DE LOMO DE CERDO,800 kilos de guayaba y 15 porciones de lomo de cerdo,2675.74,EXACT_CONSENSUS,100.0,0.0,0.0,0.0,113,50,4.7e-05,2.04,GUAYABA,N/A,matched,100.0,NO,2959.41,0.000734,EXITOSO
run_20260726_084433_08a1a2bb,5,daniel_48,daniel,FACIL,RELEVANTE,False,259.19,6.8,0.000487,100.0,20.0,50 LITROS DE DESINFECTANTE MULTIUSOS,50 litros de desinfectante multiuso,3185.74,EXACT_CONSENSUS,100.0,0.0,0.0,0.0,100,35,3.6e-05,3.58,DESINFECTANTE MULTIUSO,N/A,matched,100.0,NO,3448.67,0.000523,EXITOSO
run_20260726_084433_08a1a2bb,5,daniel_49,daniel,FACIL,RELEVANTE,False,366.3,6.68,0.000479,100.0,0.0,18 PORCIONES DE PECHUGA A LA PLANCHA,18 porciones de pechuga a la plancha,5267.72,EXACT_CONSENSUS,100.0,0.0,0.0,0.0,101,35,3.6e-05,2.83,PECHUGA A LA PLANCHA,N/A,matched,100.0,NO,5637.02,0.000515,EXITOSO
run_20260726_084433_08a1a2bb,5,daniel_50,daniel,FACIL,RELEVANTE,False,1088.77,11.27,0.000808,100.0,0.0,120 KILOS DE YUCA BLANCA Y 45 KILOS DE MARACUYA,120 kilos de yuca blanca y 45 kilos de maracuyá,2296.01,EXACT_CONSENSUS,100.0,0.0,0.0,0.0,110,50,4.6e-05,3.38,YUCA BLANCA,N/A,matched,100.0,NO,3388.4,0.000854,EXITOSO
run_20260726_084433_08a1a2bb,5,daniel_51,daniel,FACIL,RELEVANTE,False,281.96,8.37,0.0006,100.0,0.0,300 UNIDADES DE BOLSA PLASTICA Y 20 LITROS DE JABON LIQUIDO,300 unidades de bolsa plástica y 20 litros de jabón líquido,9998.13,EXACT_CONSENSUS,100.0,0.0,0.0,0.0,113,50,4.7e-05,2.42,BOLSA PLÁSTICA,N/A,matched,100.0,NO,10282.79,0.000647,EXITOSO
run_20260726_084433_08a1a2bb,5,daniel_52,daniel,FACIL,RELEVANTE,False,873.05,9.21,0.00066,100.0,0.0,80 KILOS DE GUAYABA Y 15 PORCIONES DE LOMO DE CERDO,80 kilos de guayaba y 15 porciones de lomo de cerdo,2682.89,EXACT_CONSENSUS,100.0,0.0,0.0,0.0,113,50,4.7e-05,2.4,GUAYABA,N/A,matched,100.0,NO,3558.51,0.000707,EXITOSO
run_20260726_084433_08a1a2bb,5,daniel_53,daniel,FACIL,RELEVANTE,False,407.06,11.03,0.00079,100.0,0.0,150 UNIDADES DE EMPAQUE PARA SUBSIDIO Y 90 KILOS DE MANGO,150 unidades de empaque para subsidio y 90 kilos de mango,4717.99,EXACT_CONSENSUS,100.0,0.0,0.0,0.0,113,50,4.7e-05,3.41,EMPAQUE PARA SUBSIDIO,N/A,matched,100.0,NO,5128.69,0.000837,EXITOSO
run_20260726_084433_08a1a2bb,5,daniel_54,daniel,FACIL,RELEVANTE,False,872.81,11.51,0.000825,100.0,0.0,400 UNIDADES DE CUCHILLO PLASTICO Y 60 LITROS DE LECHE DE SOYA,400 unidades de cuchillo plástico y 60 litros de leche de soya,5358.69,EXACT_CONSENSUS,100.0,0.0,0.0,0.0,116,50,4.7e-05,2.73,CUCHILLO PLÁSTICO,N/A,matched,100.0,NO,6234.44,0.000872,EXITOSO
run_20260726_084433_08a1a2bb,5,daniel_55,daniel,FACIL,RELEVANTE,False,402.83,13.44,0.000963,100.0,16.67,70 KILOS DE PINA ORO MIEL Y 250 UNIDADES DE GORRO DESECHABLE,70 kilos de pina oromiel y 250 unidades de gorro desechable,3946.12,EXACT_CONSENSUS,100.0,0.0,0.0,0.0,113,50,4.7e-05,2.83,PINA OROMIEL,N/A,matched,100.0,NO,4352.03,0.00101,EXITOSO
run_20260726_084433_08a1a2bb,5,daniel_56,daniel,FACIL,RELEVANTE,False,3699.34,9.94,0.000712,100.0,0.0,95 KILOS DE BROCOLI Y 35 PORCIONES DE SOPA DE VERDURAS,95 kilos de brócoli y 35 porciones de sopa de verduras,2462.8,EXACT_CONSENSUS,100.0,0.0,0.0,0.0,113,50,4.7e-05,2.12,BRÓCOLI,N/A,matched,100.0,NO,6164.47,0.000759,EXITOSO
run_20260726_084433_08a1a2bb,5,daniel_57,daniel,FACIL,RELEVANTE,False,278.23,9.46,0.000678,100.0,0.0,500 UNIDADES DE TAPA PLASTICA Y 130 LITROS DE CLORO,500 unidades de tapa plástica y 130 litros de cloro,2586.86,EXACT_CONSENSUS,100.0,0.0,0.0,0.0,110,50,4.6e-05,3.05,TAPA PLÁSTICA,N/A,matched,100.0,NO,2868.36,0.000724,EXITOSO
run_20260726_084433_08a1a2bb,5,daniel_58,daniel,FACIL,RELEVANTE,False,286.24,8.85,0.000634,100.0,0.0,85 KILOS DE PERA VERDE Y 40 LITROS DE ACEITE DE OLIVA,85 kilos de pera verde y 40 litros de aceite de oliva,2745.08,EXACT_CONSENSUS,100.0,0.0,0.0,0.0,116,50,4.7e-05,2.08,PERA VERDE,N/A,matched,100.0,NO,3033.61,0.000681,EXITOSO
run_20260726_084433_08a1a2bb,5,daniel_59,daniel,FACIL,RELEVANTE,False,262.01,9.21,0.00066,100.0,0.0,220 UNIDADES DE CAJA DE CARTON Y 15 KILOS DE MANTEQUILLA,220 unidades de caja de cartón y 15 kilos de mantequilla,2400.63,EXACT_CONSENSUS,100.0,0.0,0.0,0.0,113,50,4.7e-05,2.32,CAJA DE CARTÓN,N/A,matched,100.0,NO,2665.31,0.000707,EXITOSO
run_20260726_084433_08a1a2bb,5,daniel_60,daniel,FACIL,RELEVANTE,False,269.12,6.8,0.000487,100.0,0.0,150 KILOS DE PAPA CRIOLLA,150 kilos de papa criolla,2485.68,EXACT_CONSENSUS,100.0,0.0,0.0,0.0,100,35,3.6e-05,2.98,PAPA CRIOLLA,N/A,matched,100.0,NO,2757.96,0.000523,EXITOSO
run_20260726_084433_08a1a2bb,5,daniel_61,daniel,FACIL,RELEVANTE,False,301.41,5.71,0.000409,100.0,0.0,80 LITROS DE VINAGRE BLANCO,80 litros de vinagre blanco,2821.7,EXACT_CONSENSUS,100.0,0.0,0.0,0.0,100,35,3.6e-05,2.47,VINAGRE BLANCO,N/A,matched,100.0,NO,3125.79,0.000445,EXITOSO
run_20260726_084433_08a1a2bb,5,daniel_62,daniel,FACIL,RELEVANTE,False,1582.96,6.07,0.000435,100.0,0.0,400 UNIDADES DE MECHERO PARA VELA,400 unidades de mechero para vela,3160.97,EXACT_CONSENSUS,100.0,0.0,0.0,0.0,100,35,3.6e-05,3.3,MECHERO PARA VELA,N/A,matched,100.0,NO,4747.39,0.000471,EXITOSO
run_20260726_084433_08a1a2bb,5,daniel_63,daniel,FACIL,RELEVANTE,False,265.72,8.13,0.000583,100.0,0.0,90 KILOS DE DURAZNO EN ALMIBAR,90 kilos de durazno en almíbar,5633.96,EXACT_CONSENSUS,100.0,0.0,0.0,0.0,100,35,3.6e-05,2.02,DURAZNO EN ALMÍBAR,N/A,matched,100.0,NO,5901.86,0.000619,EXITOSO
run_20260726_084433_08a1a2bb,5,daniel_64,daniel,FACIL,RELEVANTE,False,540.85,5.47,0.000392,100.0,0.0,35 PORCIONES DE FILETE DE POLLO,35 porciones de filete de pollo,3146.04,EXACT_CONSENSUS,100.0,0.0,0.0,0.0,100,35,3.6e-05,2.57,FILETE DE POLLO,N/A,matched,100.0,NO,3689.64,0.000428,EXITOSO
run_20260726_084433_08a1a2bb,5,daniel_65,daniel,FACIL,RELEVANTE,False,872.95,8.01,0.000574,100.0,0.0,600 UNIDADES DE CAPUCHON DE PAPEL,600 unidades de capuchón de papel,2265.48,EXACT_CONSENSUS,100.0,0.0,0.0,0.0,100,35,3.6e-05,2.73,CAPUCHÓN DE PAPEL,N/A,matched,100.0,NO,3141.31,0.00061,EXITOSO
run_20260726_084433_08a1a2bb,5,daniel_66,daniel,FACIL,RELEVANTE,False,307.6,6.56,0.00047,100.0,0.0,110 KILOS DE AJO EN POLVO,110 kilos de ajo en polvo,2982.36,EXACT_CONSENSUS,100.0,0.0,0.0,0.0,100,35,3.6e-05,2.02,AJO EN POLVO,N/A,matched,100.0,NO,3292.16,0.000506,EXITOSO
run_20260726_084433_08a1a2bb,5,daniel_67,daniel,FACIL,RELEVANTE,False,269.03,6.8,0.000487,100.0,0.0,75 LITROS DE JUGO DE MARACUYA,75 litros de jugo de maracuyá,5546.81,EXACT_CONSENSUS,100.0,0.0,0.0,0.0,100,35,3.6e-05,258.18,JUGO DE MARACUYÁ,N/A,matched,100.0,NO,6074.18,0.000523,EXITOSO
run_20260726_084433_08a1a2bb,5,daniel_68,daniel,FACIL,RELEVANTE,False,364.78,6.32,0.000453,100.0,0.0,50 PORCIONES DE CARNE MOLIDA,50 porciones de carne molida,10403.88,EXACT_CONSENSUS,100.0,0.0,0.0,0.0,100,35,3.6e-05,2.75,CARNE MOLIDA,N/A,matched,100.0,NO,10771.56,0.000489,EXITOSO
run_20260726_084433_08a1a2bb,5,daniel_70,daniel,MEDIO,RELEVANTE,False,300.49,16.82,0.001205,100.0,4.55,HOLA BUENAS TARDES PARA INFORMAR QUE EN EL ESTANTE TRES TENEMOS 45 KILOS DE AVENA EN HOJUELAS Y 20 LITROS DE MIEL,hola buenas tardes para informar que en el estante 3 tenemos 45 kilos de avena en hojuelas y 20 litros de miel,8266.11,EXACT_CONSENSUS,100.0,0.0,0.0,0.0,146,50,5.2e-05,3.07,AVENA EN HOJUELAS,N/A,matched,100.0,NO,8569.97,0.001257,EXITOSO
run_20260726_084433_08a1a2bb,5,daniel_71,daniel,MEDIO,RELEVANTE,False,273.89,13.32,0.000955,100.0,0.0,DON MARIO REVISANDO EL CONGELADOR HAY 80 PORCIONES DE PESCADO Y 120 KILOS DE ESPINACA,don mario revisando el congelador hay 80 porciones de pescado y 120 kilos de espinaca,4272.41,EXACT_CONSENSUS,100.0,0.0,0.0,0.0,125,50,4.9e-05,2.34,PESCADO,N/A,matched,100.0,NO,4548.82,0.001004,EXITOSO
run_20260726_084433_08a1a2bb,5,daniel_72,daniel,MEDIO,RELEVANTE,False,1317.82,17.3,0.00124,100.0,6.25,OIGA MARGARITA ANOTE POR FAVOR SON 300 UNIDADES DE EMPAQUE TERMOFORMADO Y 15 KILOS DE CANELA,oiga margarita anote por favor son 300 unidades de empaque terraformado y 15 kilos de canela,5612.51,EXACT_CONSENSUS,100.0,0.0,0.0,0.0,128,50,4.9e-05,2.2,EMPAQUE TERRAFORMADO,N/A,matched,100.0,NO,6932.75,0.001289,EXITOSO
run_20260726_084433_08a1a2bb,5,daniel_73,daniel,MEDIO,RELEVANTE,False,297.01,17.06,0.001223,100.0,0.0,HOLA CARLOS COMO VAS MIRA AQUI REVISANDO LA BODEGA PRINCIPAL HAY 90 KILOS DE LENTEJA Y 200 LITROS DE VINAGRE,hola carlos cómo vas mira aquí revisando la bodega principal hay 90 kilos de lenteja y 200 litros de vinagre,5506.85,EXACT_CONSENSUS,100.0,0.0,0.0,0.0,140,50,5.1e-05,3.53,LENTEJA,N/A,matched,100.0,NO,5807.72,0.001274,EXITOSO
run_20260726_084433_08a1a2bb,5,daniel_74,daniel,MEDIO,RELEVANTE,False,278.44,14.41,0.001033,100.0,6.25,BUENAS NOCHES EQUIPO CONFIRMO RECEPCION DE 150 UNIDADES DE BANDEJA ICOPOR Y 60 KILOS DE GUISANTES,buenas noches equipo confirmo recepción de 150 unidades de bandeja de icopor y 60 kilos de guisantes,2302.38,EXACT_CONSENSUS,100.0,0.0,0.0,0.0,131,50,5e-05,3.36,BANDEJA DE ICOPOR,N/A,matched,100.0,NO,2584.52,0.001083,EXITOSO
run_20260726_084433_08a1a2bb,5,daniel_75,daniel,MEDIO,RELEVANTE,False,261.4,14.16,0.001015,100.0,0.0,HOLA JEFE YA LLEGARON LOS INSUMOS SON 500 UNIDADES DE PALILLOS DE DIENTES Y 30 LITROS DE SALSA DE TOMATE,hola jefe ya llegaron los insumos son 500 unidades de palillos de dientes y 30 litros de salsa de tomate,3365.63,EXACT_CONSENSUS,100.0,0.0,0.0,0.0,140,50,5.1e-05,2.64,PALILLOS DE DIENTES,N/A,matched,100.0,NO,3630.0,0.001066,EXITOSO
run_20260726_084433_08a1a2bb,5,daniel_76,daniel,MEDIO,RELEVANTE,False,434.3,16.34,0.001171,100.0,0.0,DON ALBERTO REVISE EL SECTOR B Y TENEMOS 70 PORCIONES DE PECHUGA Y 40 KILOS DE LIMA,don alberto revisé el sector b y tenemos 70 porciones de pechuga y 40 kilos de lima,5146.33,EXACT_CONSENSUS,100.0,0.0,0.0,0.0,131,50,5e-05,2.42,PECHUGA,N/A,matched,100.0,NO,5583.25,0.001221,EXITOSO
run_20260726_084433_08a1a2bb,5,daniel_77,daniel,MEDIO,RELEVANTE,False,300.24,23.46,0.001681,100.0,10.0,QUE MAS PUES HERMANO AQUI REPORTANDO EN LA LISTA VAN 250 UNIDADES DE CAPUCHON PLASTICO Y 85 KILOS DE GARBANZO,qué más puede ser hermano aquí reportando en la lista van 250 unidades de capuchón plástico y 85 kilos de garbanzo,3097.6,EXACT_CONSENSUS,100.0,0.0,0.0,0.0,143,50,5.1e-05,3.65,CAPUCHÓN PLÁSTICO,N/A,matched,100.0,NO,3401.75,0.001732,EXITOSO
run_20260726_084433_08a1a2bb,5,daniel_78,daniel,MEDIO,RELEVANTE,False,404.71,12.23,0.000876,100.0,0.0,NIDIA CONFIRMA SI LLEGARON 100 LITROS DE CREMA DE LECHE Y 40 KILOS DE MANI SALADO,nidia confirma si llegaron 100 litros de crema de leche y 40 kilos de maní salado,3918.1,EXACT_CONSENSUS,100.0,0.0,0.0,0.0,128,50,4.9e-05,2.57,CREMA DE LECHE,N/A,matched,100.0,NO,4325.57,0.000925,EXITOSO
run_20260726_084433_08a1a2bb,5,daniel_79,daniel,MEDIO,RELEVANTE,False,349.37,16.94,0.001214,100.0,0.0,BUENOS DIAS ALMACEN DICTO CONTEO RAPIDO 60 PORCIONES DE ARROZ CON POLLO Y 18 KILOS DE OREGANO,buenos días almacén dicto conteo rápido 60 porciones de arroz con pollo y 18 kilos de orégano,4737.44,EXACT_CONSENSUS,100.0,0.0,0.0,0.0,131,50,5e-05,2.94,ARROZ CON POLLO,N/A,matched,100.0,NO,5090.0,0.001264,EXITOSO
run_20260726_084433_08a1a2bb,5,daniel_80,daniel,MEDIO,RELEVANTE,False,482.81,21.29,0.001526,100.0,0.0,HOLA A TODOS ESPERO ESTEN BIEN REVISANDO HOY SE INGRESAN 500 UNIDADES DE POPOTE BIO Y 75 LITROS DE DESINFECTANTE,hola a todos espero estén bien revisando hoy se ingresan 500 unidades de popote bio y 75 litros de desinfectante,5059.08,EXACT_CONSENSUS,100.0,0.0,0.0,0.0,140,50,5.1e-05,2.45,POPOTE BIO,N/A,matched,100.0,NO,5544.6,0.001577,EXITOSO
run_20260726_084433_08a1a2bb,5,daniel_81,daniel,MEDIO,RELEVANTE,False,418.08,17.18,0.001231,100.0,5.88,SENOR LUCHO ME DICE SI COPIO 35 KILOS DE UVA PASA Y 120 PORCIONES DE PASTA BOLOGNESA,señor lucho me dice si copió 35 kilos de uva pasa y 120 porciones de pasta boloñesa,4236.88,EXACT_CONSENSUS,100.0,0.0,0.0,0.0,131,50,5e-05,2.26,UVA PASA,N/A,matched,100.0,NO,4657.42,0.001281,EXITOSO
run_20260726_084433_08a1a2bb,5,daniel_82,daniel,MEDIO,RELEVANTE,False,286.07,16.94,0.001214,100.0,0.0,CHICOS REVISEN LA SECCION DE ASEO HAY 90 LITROS DE JABON MULTIUSOS Y 400 UNIDADES DE ESPONJA,chicos revisen la sección de aseo hay 90 litros de jabón multiusos y 400 unidades de esponja,2159.4,EXACT_CONSENSUS,100.0,0.0,0.0,0.0,131,50,5e-05,2.39,JABÓN MULTIUSOS,N/A,matched,100.0,NO,2448.15,0.001264,EXITOSO
run_20260726_084433_08a1a2bb,5,daniel_83,daniel,MEDIO,RELEVANTE,False,272.81,17.43,0.001249,100.0,6.25,HOLA LINA DICTO INVENTARIO DE REFRIGERADOR 65 KILOS DE QUESO MOZZARELLA Y 25 LITROS DE YOGURT,hola lina dicto inventario de refrigerador 65 kilos de queso mozzarella y 25 litros de yogur,5435.52,EXACT_CONSENSUS,100.0,0.0,0.0,0.0,128,50,4.9e-05,2.46,QUESO MOZZARELLA,N/A,matched,100.0,NO,5711.0,0.001298,EXITOSO
run_20260726_084433_08a1a2bb,5,daniel_84,daniel,MEDIO,RELEVANTE,False,434.32,17.55,0.001258,100.0,0.0,DON ROBERTO BUENAS TARDES TENEMOS EN STOCK 180 UNIDADES DE ENVASE ALUMINIO Y 50 KILOS DE AVENA,don roberto buenas tardes tenemos en stock 180 unidades de envase aluminio y 50 kilos de avena,5041.78,EXACT_CONSENSUS,100.0,0.0,0.0,0.0,131,50,5e-05,3.55,ENVASE ALUMINIO,N/A,matched,100.0,NO,5480.0,0.001308,EXITOSO
run_20260726_084433_08a1a2bb,5,daniel_85,daniel,MEDIO,OMITIR,True,311.27,13.08,0.000937,0.0,0.0,HOLA AMIGOS COMO ESTAN HACE MUCHO CALOR HOY PERO SEGUIMOS CON EL CONTEO,hola amigos cómo están hace mucho calor hoy pero seguimos con el conteo,5999.64,EXACT_CONSENSUS,100.0,100.0,100.0,100.0,119,30,3.6e-05,0.0,N/A,N/A,OMITIDO,0.0,NO,6311.02,0.000973,EXITOSO
run_20260726_084433_08a1a2bb,5,daniel_86,daniel,MEDIO,OMITIR,True,707.86,12.72,0.000912,0.0,0.0,DON PEDRO ME ESCUCHA BUENOS DIAS SOLO QUERIA SALUDAR Y SABER A QUE HORA LLEGA EL CAMION,don pedro me escucha buenos días solo quería saludar y saber a qué hora llega el camión,6653.72,EXACT_CONSENSUS,100.0,100.0,100.0,100.0,131,30,3.8e-05,0.0,N/A,N/A,OMITIDO,0.0,NO,7361.68,0.00095,EXITOSO
run_20260726_084433_08a1a2bb,5,daniel_88,daniel,MEDIO,RELEVANTE,False,1028.25,16.22,0.001162,100.0,5.88,HOLA MARIA CONFIRMO QUE LLEGARON 300 UNIDADES DE BOLSA PAPEL KRAFT Y 40 KILOS DE COCO RALLADO,hola maría confirmo que llegaron 300 unidades de bolsa papel craft y 40 kilos de coco rallado,3575.66,EXACT_CONSENSUS,100.0,0.0,0.0,0.0,131,50,5e-05,2.79,BOLSA PAPEL CRAFT,N/A,matched,100.0,NO,4606.96,0.001212,EXITOSO
run_20260726_084433_08a1a2bb,5,daniel_89,daniel,MEDIO,RELEVANTE,False,327.63,13.44,0.000963,100.0,0.0,SALUDOS A TODOS REGISTRO 95 LITROS DE JUGO DE MORA Y 50 PORCIONES DE CARNE DESMECHADA,saludos a todos registro 95 litros de jugo de mora y 50 porciones de carne desmechada,4492.98,EXACT_CONSENSUS,100.0,0.0,0.0,0.0,128,50,4.9e-05,2.16,JUGO DE MORA,N/A,matched,100.0,NO,4823.01,0.001012,EXITOSO
run_20260726_084433_08a1a2bb,5,daniel_90,daniel,MEDIO,RELEVANTE,False,273.92,15.86,0.001137,100.0,5.56,OIGA ANDRES REVISE EL ESTANTE CUATRO HAY 40 KILOS DE AJONJOLI Y 12 LITROS DE ESENCIA DE VAINILLA,oiga andrés revise el estante 4 hay 40 kilos de ajonjolí y 12 litros de esencia de vainilla,3937.22,EXACT_CONSENSUS,100.0,0.0,0.0,0.0,134,50,5e-05,2.2,AJONJOLÍ,N/A,matched,100.0,NO,4213.64,0.001187,EXITOSO
run_20260726_084433_08a1a2bb,5,daniel_91,daniel,MEDIO,RELEVANTE,False,285.74,13.68,0.00098,100.0,6.67,BUENAS DIAS CONFIRMO QUE TENEMOS 220 UNIDADES DE VASO CARTON Y 70 KILOS DE CAMOTE,buenos días confirmo que tenemos 220 unidades de vaso cartón y 70 kilos de camote,3652.19,EXACT_CONSENSUS,100.0,0.0,0.0,0.0,125,50,4.9e-05,2.51,VASO CARTÓN,N/A,matched,100.0,NO,3940.65,0.001029,EXITOSO
run_20260726_084433_08a1a2bb,5,daniel_92,daniel,MEDIO,RELEVANTE,False,330.0,15.01,0.001076,100.0,0.0,DON FELIPE LE INFORMO QUE SE CONTARON 85 PORCIONES DE EMBUTIDO Y 30 LITROS DE SIROPE,don felipe le informo que se contaron 85 porciones de embutido y 30 litros de sirope,5916.14,EXACT_CONSENSUS,100.0,0.0,0.0,0.0,128,50,4.9e-05,2.71,EMBUTIDO,N/A,matched,100.0,NO,6249.06,0.001125,EXITOSO
run_20260726_084433_08a1a2bb,5,daniel_93,daniel,MEDIO,OMITIR,True,274.08,12.84,0.00092,0.0,0.0,CHICOS NO OLVIDEN QUE HOY HAY REUNION A LAS CUATRO DE LA TARDE EN LA SALA PRINCIPAL,chicos no olviden que hoy hay reunión a las 4 de la tarde en la sala principal,6354.63,EXACT_CONSENSUS,100.0,100.0,100.0,100.0,131,30,3.8e-05,0.0,N/A,N/A,OMITIDO,0.0,NO,6628.82,0.000958,EXITOSO
run_20260726_084433_08a1a2bb,5,daniel_94,daniel,MEDIO,RELEVANTE,False,718.58,17.79,0.001275,100.0,0.0,HOLA DIANA POR FAVOR ANOTA 400 UNIDADES DE MECHA PARA TRAPEADOR Y 50 LITROS DE CERA,hola diana por favor anota 400 unidades de mecha para trapeador y 50 litros de cera,4179.75,EXACT_CONSENSUS,100.0,0.0,0.0,0.0,128,50,4.9e-05,2.07,MECHA PARA TRAPEADOR,N/A,matched,100.0,NO,4900.61,0.001324,EXITOSO
run_20260726_084433_08a1a2bb,5,daniel_95,daniel,DIFICIL,RELEVANTE,False,464.86,24.19,0.001734,100.0,0.0,PARCE SE CAYO UNA CAJA ESPERA REVISO BUENO DICTE AHI 50 KILOS DE ATUN Y 300 UNIDADES DE LATA,parce se cayó una caja espera reviso bueno dicte ahí 50 kilos de atún y 300 unidades de lata,6491.87,EXACT_CONSENSUS,100.0,0.0,0.0,0.0,137,50,5.1e-05,2.02,ATÚN,N/A,matched,100.0,NO,6959.03,0.001785,EXITOSO
run_20260726_084433_08a1a2bb,5,daniel_96,daniel,DIFICIL,RELEVANTE,False,307.13,32.16,0.002305,100.0,5.26,QUE DIJO NO SE LE ESCUCHA BIEN AH YA DIJO 150 LITROS DE ACEITE Y 80 KILOS DE MAIZ,qué dijo que no se le escucha bien ah ya dijo 150 litros de aceite y 80 kilos de maíz,6776.19,EXACT_CONSENSUS,100.0,0.0,0.0,0.0,140,50,5.1e-05,2.09,ACEITE,N/A,matched,100.0,NO,7085.62,0.002356,EXITOSO
run_20260726_084433_08a1a2bb,5,daniel_98,daniel,DIFICIL,RELEVANTE,False,511.82,44.47,0.003187,100.0,0.0,ESPERA ESPERA QUE PASE EL CAMION BUENO 600 UNIDADES DE VASO TERMICO Y 20 KILOS DE CHOCOLATE,espera espera que pase el camión bueno 600 unidades de vaso térmico y 20 kilos de chocolate,3631.49,EXACT_CONSENSUS,100.0,0.0,0.0,0.0,131,50,5e-05,1.86,VASO TÉRMICO,N/A,matched,100.0,NO,4145.45,0.003237,EXITOSO
run_20260726_084433_08a1a2bb,5,daniel_99,daniel,DIFICIL,RELEVANTE,False,512.6,22.98,0.001647,100.0,4.35,PARCE TENGO UN HAMBRE TERRIBLE VAMOS A ALMORZAR YA CASI PERO PRIMERO DICTE 40 KILOS DE CAMARON Y 100 PORCIONES DE ARROZ CHAUFA,parce tengo un hambre terrible vamos a almorzar ya casi pero 1º dicte 40 kilos de camarón y 100 porciones de arroz chaufa,5909.93,EXACT_CONSENSUS,100.0,0.0,0.0,0.0,149,50,5.2e-05,2.0,CAMARÓN,N/A,matched,100.0,NO,6424.9,0.001699,EXITOSO
run_20260726_084433_08a1a2bb,5,daniel_100,daniel,DIFICIL,RELEVANTE,False,292.2,19.12,0.00137,100.0,0.0,OIGA APAGUE ESO NO SE OYE NADA A VER 35 LITROS DE SALSA DE SOYA Y 500 UNIDADES DE CAJAS,oiga apagué eso no se oye nada a ver 35 litros de salsa de soya y 500 unidades de cajas,5463.66,EXACT_CONSENSUS,100.0,0.0,0.0,0.0,140,50,5.1e-05,2.6,SALSA DE SOYA,N/A,matched,100.0,NO,5758.75,0.001421,EXITOSO
run_20260726_084433_08a1a2bb,5,daniel_101,daniel,DIFICIL,RELEVANTE,False,341.37,23.1,0.001656,100.0,3.57,CHISME DE PASILLO Y ENTONCES LE DIJO QUE NO Y ELLA SE FUE AJA BUENO ESPERA QUE ESTOY GRABANDO 120 KILOS DE YUCA Y 40 PORCIONES DE SANCOCHO,chisme de pasillo y entonces le dije que no y ella se fue ajá bueno espera que estoy grabando 120 kilos de yuca y 40 porciones de sancocho,5296.31,EXACT_CONSENSUS,100.0,0.0,0.0,0.0,164,50,5.5e-05,2.55,YUCA,N/A,matched,100.0,NO,5640.51,0.001711,EXITOSO
run_20260726_084433_08a1a2bb,5,daniel_102,daniel,DIFICIL,RELEVANTE,False,356.69,28.65,0.002053,100.0,6.25,ESPERA QUE PASE LA SIRENA LISTO ANOTA 70 KILOS DE MANGO Y 200 UNIDADES DE ETIQUETA,espera a que pase la sirena listo anota 70 kilos de mango y 200 unidades de etiqueta,5574.5,EXACT_CONSENSUS,100.0,0.0,0.0,0.0,131,50,5e-05,2.26,MANGO,N/A,matched,100.0,NO,5933.67,0.002103,EXITOSO
run_20260726_084433_08a1a2bb,5,daniel_104,daniel,DIFICIL,RELEVANTE,False,308.86,24.91,0.001785,100.0,0.0,OIGA DON JOSE SE LE OLVIDO EL CASCO ESPERA SE LO LLEVO YA VUELVO BUENO ANOTE AHI 450 UNIDADES DE PITILLO Y 60 KILOS DE LENTEJA,oiga don josé se le olvidó el casco espera se lo llevo ya vuelvo bueno anote ahí 450 unidades de pitillo y 60 kilos de lenteja,3029.08,EXACT_CONSENSUS,100.0,0.0,0.0,0.0,158,50,5.4e-05,2.2,PITILLO,N/A,matched,100.0,NO,3340.4,0.001839,EXITOSO
run_20260726_084433_08a1a2bb,5,daniel_105,daniel,DIFICIL,RELEVANTE,False,286.65,31.91,0.002287,100.0,56.52,RUIDO DE VENTILADOR FUERTE Y SUSURROS AL FONDO NO SE ENTIENDE CASI A VER 110 KILOS DE FRITO Y 30 PORCIONES DE ENSALADA,a ver 110 kilos de frito y 70 porciones de ensalada,2325.35,EXACT_CONSENSUS,100.0,0.0,0.0,0.0,113,50,4.7e-05,2.37,FRITO,N/A,matched,100.0,NO,2614.6,0.002334,EXITOSO
run_20260726_084433_08a1a2bb,5,daniel_108,daniel,DIFICIL,OMITIR,True,431.42,13.44,0.000963,0.0,0.0,PARCE ME DA UN CAFE POR FAVOR GRACIAS OIGA ESTOY HABLANDO CON EL MESERO NO CON LA GRABADORA,parce me da un café por favor gracias oiga estoy hablando con el mesero no con la grabadora,13501.59,EXACT_CONSENSUS,100.0,0.0,0.0,0.0,134,35,4.1e-05,270.08,CAFÉ,N/A,OMITIDO,0.0,NO,14203.22,0.001004,EXITOSO
run_20260726_084433_08a1a2bb,5,daniel_110,daniel,DIFICIL,OMITIR,True,264.19,14.04,0.001006,0.0,0.0,,,0.0,EXACT_CONSENSUS,100.0,100.0,100.0,100.0,100,30,3.3e-05,0.0,N/A,N/A,OMITIDO,0.0,NO,264.24,0.001039,EXITOSO
run_20260726_084433_08a1a2bb,5,daniel_111,daniel,DIFICIL,OMITIR,True,959.3,16.94,0.001214,0.0,0.0,QUE PASO AHI SE CAYO EL ESTANTE PARCE QUE DESASTRE,qué pasó ahí se cayó el estante parce qué desastre,3194.85,EXACT_CONSENSUS,100.0,100.0,100.0,100.0,110,30,3.4e-05,0.0,N/A,N/A,OMITIDO,0.0,NO,4154.3,0.001248,EXITOSO
run_20260726_084433_08a1a2bb,5,daniel_112,daniel,DIFICIL,OMITIR,True,353.53,18.39,0.001318,0.0,0.0,CUIDADO CON EL MONTACARGAS ESPERA FRENEN ESO,cuidado con el montacargas espera frena eso,5785.91,EXACT_CONSENSUS,100.0,100.0,100.0,100.0,101,30,3.3e-05,0.0,N/A,N/A,OMITIDO,0.0,NO,6139.53,0.001351,EXITOSO
run_20260726_084433_08a1a2bb,6,adriana_1,adriana,FACIL,RELEVANTE,False,1058.19,6.74,0.000483,100.0,0.0,150 KILOS DE ARROZ,150 kilos de arroz,6578.0,EXACT_CONSENSUS,100.0,0.0,0.0,0.0,100,35,3.6e-05,2.98,ARROZ,N/A,matched,100.0,NO,7639.28,0.000519,EXITOSO
run_20260726_084433_08a1a2bb,6,adriana_2,adriana,FACIL,RELEVANTE,False,1075.05,7.8,0.000559,100.0,0.0,220 KILOS DE AZUCAR RUBIA,220 kilos de azúcar rubia,2818.24,EXACT_CONSENSUS,100.0,0.0,0.0,0.0,100,35,3.6e-05,2.31,AZÚCAR RUBIA,N/A,matched,100.0,NO,3895.71,0.000595,EXITOSO
run_20260726_084433_08a1a2bb,6,adriana_3,adriana,FACIL,RELEVANTE,False,1143.8,6.07,0.000435,100.0,0.0,75 LITROS DE ACEITE,75 litros de aceite,3931.7,EXACT_CONSENSUS,100.0,0.0,0.0,0.0,100,35,3.6e-05,2.38,ACEITE,N/A,matched,100.0,NO,5078.01,0.000471,EXITOSO
run_20260726_084433_08a1a2bb,6,adriana_4,adriana,FACIL,RELEVANTE,False,967.27,6.84,0.00049,100.0,0.0,12 LITROS DE ACEITE DE AJONJOLI,12 litros de aceite de ajonjolí,3283.87,EXACT_CONSENSUS,100.0,0.0,0.0,0.0,100,35,3.6e-05,2.72,ACEITE DE AJONJOLÍ,N/A,matched,100.0,NO,4254.05,0.000526,EXITOSO
run_20260726_084433_08a1a2bb,6,adriana_5,adriana,FACIL,RELEVANTE,False,1055.55,6.07,0.000435,100.0,0.0,18 LITROS DE ACEITE DE OLIVA,18 litros de aceite de oliva,3829.28,EXACT_CONSENSUS,100.0,0.0,0.0,0.0,100,35,3.6e-05,2.05,ACEITE DE OLIVA,N/A,matched,100.0,NO,4886.97,0.000471,EXITOSO
run_20260726_084433_08a1a2bb,6,adriana_6,adriana,FACIL,RELEVANTE,False,1064.47,6.55,0.000469,100.0,0.0,35 UNIDADES DE ACEITE DE OLIVA EN SOBRES,35 unidades de aceite de oliva en sobres,2870.41,EXACT_CONSENSUS,100.0,0.0,0.0,0.0,104,35,3.7e-05,2.61,ACEITE DE OLIVA,N/A,matched,100.0,NO,3937.62,0.000506,EXITOSO
run_20260726_084433_08a1a2bb,6,adriana_7,adriana,FACIL,RELEVANTE,False,1057.53,5.59,0.000401,100.0,0.0,22 KILOS DE ACHIOTE MOLIDO,22 kilos de achiote molido,3033.67,EXACT_CONSENSUS,100.0,0.0,0.0,0.0,100,35,3.6e-05,2.83,ACHIOTE MOLIDO,N/A,matched,100.0,NO,4094.12,0.000437,EXITOSO
run_20260726_084433_08a1a2bb,6,adriana_8,adriana,FACIL,RELEVANTE,False,1053.31,6.36,0.000456,100.0,0.0,16 LITROS DE ADEREZO DE QUESO CHEDDAR,16 litros de aderezo de queso cheddar,3707.11,EXACT_CONSENSUS,100.0,0.0,0.0,0.0,101,35,3.6e-05,2.16,ADEREZO DE QUESO CHEDDAR,N/A,matched,100.0,NO,4762.73,0.000492,EXITOSO
run_20260726_084433_08a1a2bb,6,adriana_9,adriana,FACIL,RELEVANTE,False,172.62,7.41,0.000531,100.0,0.0,240 UNIDADES DE AGUA DE 280 MILILITROS,240 unidades de agua de 280 mililitros,2754.02,EXACT_CONSENSUS,100.0,0.0,0.0,0.0,101,35,3.6e-05,2.39,AGUA,N/A,matched,100.0,NO,2929.18,0.000567,EXITOSO
run_20260726_084433_08a1a2bb,6,adriana_10,adriana,FACIL,RELEVANTE,False,266.56,7.51,0.000538,100.0,0.0,520 UNIDADES DE AGUA EN BOTELLA,520 unidades de agua en botella,3245.39,EXACT_CONSENSUS,100.0,0.0,0.0,0.0,100,35,3.6e-05,1.93,AGUA EN BOTELLA,N/A,matched,100.0,NO,3514.05,0.000574,EXITOSO
run_20260726_084433_08a1a2bb,6,adriana_11,adriana,FACIL,RELEVANTE,False,272.86,8.37,0.0006,100.0,50.0,430 UNIDADES DE AGUA SABORIZADA H2O,430 unidades de agua saborizada h 2 o,2585.55,EXACT_CONSENSUS,100.0,0.0,0.0,0.0,104,35,3.7e-05,3.06,AGUA SABORIZADA H 2 O,N/A,matched,100.0,NO,2861.63,0.000637,EXITOSO
run_20260726_084433_08a1a2bb,6,adriana_12,adriana,FACIL,RELEVANTE,False,433.41,8.56,0.000613,100.0,16.67,680 UNIDADES DE AGUA WAIRA SABORIZADA,680 unidades de agua guaira saborizada,3515.44,EXACT_CONSENSUS,100.0,0.0,0.0,0.0,100,35,3.6e-05,2.08,AGUA GUAIRA SABORIZADA,N/A,matched,100.0,NO,3951.11,0.000649,EXITOSO
run_20260726_084433_08a1a2bb,6,adriana_13,adriana,FACIL,RELEVANTE,False,257.5,6.36,0.000456,100.0,0.0,15 LITROS DE AGUARDIENTE AMARILLO PIONERO,15 litros de aguardiente amarillo pionero,2911.21,EXACT_CONSENSUS,100.0,0.0,0.0,0.0,100,35,3.6e-05,2.64,AGUARDIENTE AMARILLO PIONERO,N/A,matched,100.0,NO,3171.58,0.000492,EXITOSO
run_20260726_084433_08a1a2bb,6,adriana_14,adriana,FACIL,RELEVANTE,False,168.03,5.97,0.000428,100.0,0.0,9 LITROS DE AGUARDIENTE ANTIOQUENO SIN AZUCAR,9 litros de aguardiente antioqueño sin azúcar,3015.71,EXACT_CONSENSUS,100.0,0.0,0.0,0.0,101,35,3.6e-05,2.13,AGUARDIENTE ANTIOQUEÑO SIN AZÚCAR,N/A,matched,100.0,NO,3186.04,0.000464,EXITOSO
run_20260726_084433_08a1a2bb,6,adriana_15,adriana,FACIL,RELEVANTE,False,258.52,6.74,0.000483,100.0,0.0,7 LITROS DE AGUARDIENTE ANTIOQUENO ROJO,7 litros de aguardiente antioqueño rojo,2178.22,EXACT_CONSENSUS,100.0,0.0,0.0,0.0,100,35,3.6e-05,2.08,AGUARDIENTE ANTIOQUEÑO ROJO,N/A,matched,100.0,NO,2439.02,0.000519,EXITOSO
run_20260726_084433_08a1a2bb,6,adriana_16,adriana,FACIL,RELEVANTE,False,653.28,6.45,0.000462,100.0,0.0,18 LITROS DE AGUARDIENTE NECTAR CLUB,18 litros de aguardiente néctar club,1983.99,EXACT_CONSENSUS,100.0,0.0,0.0,0.0,100,35,3.6e-05,1.88,AGUARDIENTE NÉCTAR CLUB,N/A,matched,100.0,NO,2639.31,0.000498,EXITOSO
run_20260726_084433_08a1a2bb,6,adriana_17,adriana,FACIL,RELEVANTE,False,733.38,4.82,0.000345,100.0,0.0,25 KILOS DE AJO,25 kilos de ajo,3512.98,EXACT_CONSENSUS,100.0,0.0,0.0,0.0,100,35,3.6e-05,2.24,AJO,N/A,matched,100.0,NO,4248.84,0.000381,EXITOSO
run_20260726_084433_08a1a2bb,6,adriana_18,adriana,FACIL,RELEVANTE,False,530.27,5.88,0.000421,100.0,0.0,6 KILOS DE AJO GRANULADO,6 kilos de ajo granulado,2291.53,EXACT_CONSENSUS,100.0,0.0,0.0,0.0,100,35,3.6e-05,2.43,AJO GRANULADO,N/A,matched,100.0,NO,2824.39,0.000457,EXITOSO
run_20260726_084433_08a1a2bb,6,adriana_19,adriana,FACIL,RELEVANTE,False,255.46,6.26,0.000449,100.0,0.0,14 KILOS DE AJONJOLI,14 kilos de ajonjolí,4233.47,EXACT_CONSENSUS,100.0,0.0,0.0,0.0,100,35,3.6e-05,2.48,AJONJOLÍ,N/A,matched,100.0,NO,4491.56,0.000485,EXITOSO
run_20260726_084433_08a1a2bb,6,adriana_20,adriana,FACIL,RELEVANTE,False,416.79,6.26,0.000449,100.0,0.0,45 KILOS DE ALAS DE POLLO,45 kilos de alas de pollo,3149.31,EXACT_CONSENSUS,100.0,0.0,0.0,0.0,100,35,3.6e-05,259.42,ALAS DE POLLO,N/A,matched,100.0,NO,3825.7,0.000485,EXITOSO
run_20260726_084433_08a1a2bb,6,adriana_21,adriana,FACIL,RELEVANTE,False,768.73,7.03,0.000504,100.0,0.0,28 KILOS DE ALAS DE POLLO BBQ,28 kilos de alas de pollo bbq,2908.09,EXACT_CONSENSUS,100.0,0.0,0.0,0.0,101,35,3.6e-05,2.62,ALAS DE POLLO BBQ,N/A,matched,100.0,NO,3679.61,0.00054,EXITOSO
run_20260726_084433_08a1a2bb,6,adriana_22,adriana,FACIL,RELEVANTE,False,422.48,4.63,0.000332,100.0,0.0,16 KILOS DE ALBACON,16 kilos de albacón,3527.78,EXACT_CONSENSUS,100.0,0.0,0.0,0.0,100,35,3.6e-05,2.67,ALBACÓN,N/A,matched,100.0,NO,3953.07,0.000368,EXITOSO
run_20260726_084433_08a1a2bb,6,adriana_23,adriana,FACIL,RELEVANTE,False,255.63,5.68,0.000407,100.0,0.0,12 KILOS DE ALCAPARRAS EN FRASCO,12 kilos de alcaparras en frasco,2701.7,EXACT_CONSENSUS,100.0,0.0,0.0,0.0,100,35,3.6e-05,2.18,ALCAPARRAS EN FRASCO,N/A,matched,100.0,NO,2959.63,0.000443,EXITOSO
run_20260726_084433_08a1a2bb,6,adriana_24,adriana,FACIL,RELEVANTE,False,258.19,4.53,0.000325,100.0,0.0,9 KILOS DE ALMENDRAS,9 kilos de almendras,2912.89,EXACT_CONSENSUS,100.0,0.0,0.0,0.0,100,35,3.6e-05,2.86,ALMENDRAS,N/A,matched,100.0,NO,3174.17,0.000361,EXITOSO
run_20260726_084433_08a1a2bb,6,adriana_25,adriana,FACIL,RELEVANTE,False,257.04,4.44,0.000318,100.0,0.0,18 KILOS DE APANADO,18 kilos de apanado,4689.19,EXACT_CONSENSUS,100.0,0.0,0.0,0.0,100,35,3.6e-05,1.86,APANADO,N/A,matched,100.0,NO,4948.25,0.000354,EXITOSO
run_20260726_084433_08a1a2bb,6,adriana_26,adriana,FACIL,RELEVANTE,False,165.16,7.7,0.000552,100.0,0.0,85 KILOS DE APIO,85 kilos de apio,3412.82,EXACT_CONSENSUS,100.0,0.0,0.0,0.0,100,35,3.6e-05,1.92,APIO,N/A,matched,100.0,NO,3580.05,0.000588,EXITOSO
run_20260726_084433_08a1a2bb,6,adriana_27,adriana,FACIL,RELEVANTE,False,255.06,4.34,0.000311,100.0,25.0,24 KILOS DE ARANDANOS,24 kilos de arándano,2919.92,EXACT_CONSENSUS,100.0,0.0,0.0,0.0,100,35,3.6e-05,2.2,ARÁNDANO,N/A,matched,100.0,NO,3177.33,0.000347,EXITOSO
run_20260726_084433_08a1a2bb,6,adriana_28,adriana,FACIL,RELEVANTE,False,259.13,5.68,0.000407,100.0,0.0,450 UNIDADES DE AREPA DE HUEVO,450 unidades de arepa de huevo,3066.11,EXACT_CONSENSUS,100.0,0.0,0.0,0.0,100,35,3.6e-05,1.85,AREPA DE HUEVO,N/A,matched,100.0,NO,3327.23,0.000443,EXITOSO
run_20260726_084433_08a1a2bb,6,adriana_29,adriana,FACIL,RELEVANTE,False,265.22,5.01,0.000359,100.0,0.0,380 UNIDADES DE AREPA DE QUESO,380 unidades de arepa de queso,2402.69,EXACT_CONSENSUS,100.0,0.0,0.0,0.0,100,35,3.6e-05,2.71,AREPA DE QUESO,N/A,matched,100.0,NO,2670.82,0.000395,EXITOSO
run_20260726_084433_08a1a2bb,6,adriana_30,adriana,FACIL,RELEVANTE,False,266.72,5.59,0.000401,100.0,0.0,650 UNIDADES DE AREPA PAISA,650 unidades de arepa paisa,2616.32,EXACT_CONSENSUS,100.0,0.0,0.0,0.0,100,35,3.6e-05,2.54,AREPA PAISA,N/A,matched,100.0,NO,2885.74,0.000437,EXITOSO
run_20260726_084433_08a1a2bb,6,adriana_31,adriana,FACIL,RELEVANTE,False,159.53,6.16,0.000441,100.0,0.0,120 UNIDADES DE AROMATICAS EN SOBRES,120 unidades de aromáticas en sobres,3180.52,EXACT_CONSENSUS,100.0,0.0,0.0,0.0,100,35,3.6e-05,2.02,AROMÁTICAS EN SOBRES,N/A,matched,100.0,NO,3342.27,0.000477,EXITOSO
run_20260726_084433_08a1a2bb,6,adriana_32,adriana,FACIL,RELEVANTE,False,278.81,4.82,0.000345,100.0,0.0,260 KILOS DE ARROZ,260 kilos de arroz,3633.53,EXACT_CONSENSUS,100.0,0.0,0.0,0.0,100,35,3.6e-05,2.76,ARROZ,N/A,matched,100.0,NO,3915.25,0.000381,EXITOSO
run_20260726_084433_08a1a2bb,6,adriana_33,adriana,FACIL,RELEVANTE,False,323.47,5.88,0.000421,100.0,0.0,18 KILOS DE ARROZ BASMATI,18 kilos de arroz basmatí,2970.92,EXACT_CONSENSUS,100.0,0.0,0.0,0.0,100,35,3.6e-05,2.33,ARROZ BASMATÍ,N/A,matched,100.0,NO,3296.87,0.000457,EXITOSO
run_20260726_084433_08a1a2bb,6,adriana_34,adriana,FACIL,RELEVANTE,False,267.55,5.4,0.000387,100.0,0.0,420 KILOS DE ARROZ FEDERAL,420 kilos de arroz federal,3117.22,EXACT_CONSENSUS,100.0,0.0,0.0,0.0,100,35,3.6e-05,2.3,ARROZ FEDERAL,N/A,matched,100.0,NO,3387.2,0.000423,EXITOSO
run_20260726_084433_08a1a2bb,6,adriana_35,adriana,FACIL,RELEVANTE,False,158.52,5.97,0.000428,100.0,0.0,38 KILOS DE ARVEJA AMARILLA,38 kilos de arveja amarilla,2429.6,EXACT_CONSENSUS,100.0,0.0,0.0,0.0,100,35,3.6e-05,3.64,ARVEJA AMARILLA,N/A,matched,100.0,NO,2591.91,0.000464,EXITOSO
run_20260726_084433_08a1a2bb,6,adriana_36,adriana,MEDIO,RELEVANTE,False,276.76,11.64,0.000834,100.0,23.08,ANOTA TRES CALDEROS RECORD QUINCE PLATOS BLANCOS CUADRADOS Y OCHO CINTAS DE SELLAMIENTO,anota 3 calderos récord 15 platos blancos cuadrados y 8 cintas de sellamiento,2935.6,EXACT_CONSENSUS,100.0,0.0,0.0,0.0,119,65,5.7e-05,1.98,CALDEROS RÉCORD,N/A,matched,100.0,NO,3214.52,0.000891,EXITOSO
run_20260726_084433_08a1a2bb,6,adriana_37,adriana,MEDIO,RELEVANTE,False,533.56,15.28,0.001095,100.0,27.78,REGISTRA DIEZ CAJAS DE IBUPROFENO DE OCHOCIENTOS MILIGRAMOS DOCE CAZUELAS DE DIECISEIS ONZAS Y VEINTE PLATOS BLANCOS CUADRADOS,registra 10 cajas de ibuprofeno de 800 miligramos 12 cazuelas de 16 onzas y 20 platos blancos cuadrados,7083.66,EXACT_CONSENSUS,100.0,0.0,0.0,0.0,134,65,5.9e-05,1.95,IBUPROFENO DE 800 MILIGRAMOS,N/A,matched,100.0,NO,7619.43,0.001154,EXITOSO
run_20260726_084433_08a1a2bb,6,adriana_38,adriana,MEDIO,RELEVANTE,False,267.11,13.46,0.000965,100.0,23.08,TENEMOS CINCO CALDEROS RECORD TREINTA CINTAS DE SELLAMIENTO Y NUEVE PLATOS BLANCOS CUADRADOS,tenemos 5 calderos récord 30 cintas de sellamiento y 9 platos blancos cuadrados,2944.43,EXACT_CONSENSUS,100.0,0.0,0.0,0.0,119,65,5.7e-05,1.98,CALDEROS RÉCORD,N/A,matched,100.0,NO,3213.74,0.001022,EXITOSO
run_20260726_084433_08a1a2bb,6,adriana_39,adriana,MEDIO,RELEVANTE,False,732.6,11.44,0.00082,100.0,26.67,ENCONTRAMOS VEINTE CAZUELAS DE DIECISEIS ONZAS SEIS CAJAS DE IBUPROFENO Y QUINCE PLATOS BLANCOS CUADRADOS,encontramos 20 cazuelas de 16 onzas 6 cajas de ibuprofeno y 15 platos blancos cuadrados,6786.89,EXACT_CONSENSUS,100.0,0.0,0.0,0.0,125,65,5.8e-05,3.33,CAZUELAS,N/A,matched,100.0,NO,7523.06,0.000878,EXITOSO
run_20260726_084433_08a1a2bb,6,adriana_40,adriana,MEDIO,RELEVANTE,False,270.92,10.39,0.000745,100.0,15.38,ANOTA UN CALDERO RECORD DIEZ CINTAS DE SELLAMIENTO Y TREINTA PLATOS BLANCOS CUADRADOS,anota un caldero récord 10 cintas de sellamiento y 30 platos blancos cuadrados,2970.95,EXACT_CONSENSUS,100.0,0.0,0.0,0.0,119,65,5.7e-05,2.95,CALDERO,N/A,matched,100.0,NO,3245.18,0.000802,EXITOSO
run_20260726_084433_08a1a2bb,6,adriana_41,adriana,MEDIO,RELEVANTE,False,264.19,11.44,0.00082,100.0,26.67,REGISTRA NUEVE CAJAS DE IBUPROFENO OCHO PLATOS BLANCOS CUADRADOS Y CINCO CAZUELAS DE DIECISEIS ONZAS,registra 9 cajas de ibuprofeno 8 platos blancos cuadrados y 5 cazuelas de 16 onzas,6543.4,EXACT_CONSENSUS,100.0,0.0,0.0,0.0,125,65,5.8e-05,3.12,IBUPROFENO,N/A,matched,100.0,NO,6810.94,0.000878,EXITOSO
run_20260726_084433_08a1a2bb,6,adriana_42,adriana,MEDIO,RELEVANTE,False,315.13,13.56,0.000972,100.0,21.43,ANOTA VEINTICINCO PLATOS BLANCOS CUADRADOS CINCO CAJAS DE IBUPROFENO Y DOS CINTAS DE SELLAMIENTO,anota 25 platos blancos cuadrados 5 cajas de ibuprofeno y 2 cintas de sellamiento,5448.49,EXACT_CONSENSUS,100.0,0.0,0.0,0.0,122,65,5.7e-05,2.21,PLATOS BLANCOS CUADRADOS,N/A,matched,100.0,NO,5766.13,0.001029,EXITOSO
run_20260726_084433_08a1a2bb,6,adriana_43,adriana,MEDIO,RELEVANTE,False,275.88,13.17,0.000944,100.0,26.67,ANOTA DOCE CAJAS DE IBUPROFENO OCHO CAZUELAS DE DIECISEIS ONZAS Y VEINTIDOS PLATOS BLANCOS CUADRADOS,anota 12 cajas de ibuprofeno 8 cazuelas de 16 onzas y 22 platos blancos cuadrados,2890.67,EXACT_CONSENSUS,100.0,0.0,0.0,0.0,125,65,5.8e-05,2.46,IBUPROFENO,N/A,matched,100.0,NO,3169.25,0.001002,EXITOSO
run_20260726_084433_08a1a2bb,6,adriana_44,adriana,MEDIO,RELEVANTE,False,255.28,10.77,0.000772,100.0,23.08,REGISTRA SIETE PLATOS BLANCOS CUADRADOS NUEVE CINTAS DE SELLAMIENTO Y DOS CALDEROS RECORD,registra 7 platos blancos cuadrados 9 cintas de sellamiento y 2 calderos récord,3041.42,EXACT_CONSENSUS,100.0,0.0,0.0,0.0,119,65,5.7e-05,1.92,PLATOS BLANCOS CUADRADOS,N/A,matched,100.0,NO,3298.89,0.000829,EXITOSO
run_20260726_084433_08a1a2bb,6,adriana_45,adriana,MEDIO,RELEVANTE,False,169.46,10.68,0.000765,100.0,23.08,TENEMOS TRES CALDEROS RECORD ONCE PLATOS BLANCOS CUADRADOS Y NUEVE CINTAS DE SELLAMIENTO,tenemos 3 calderos récord 11 platos blancos cuadrados y 9 cintas de sellamiento,6435.96,EXACT_CONSENSUS,100.0,0.0,0.0,0.0,119,65,5.7e-05,2.34,CALDEROS RÉCORD,N/A,matched,100.0,NO,6608.05,0.000822,EXITOSO
run_20260726_084433_08a1a2bb,6,adriana_46,adriana,MEDIO,RELEVANTE,False,265.51,10.2,0.000731,100.0,38.46,REGISTRA NUEVE CALDEROS RECORD DIEZ PLATOS BLANCOS CUADRADOS Y CUATRO CINTAS DE SELLAMIENTO,registra 9 calderos récord 10 platos blancos cuadrados y 4 cintas de 6 a,3133.38,EXACT_CONSENSUS,100.0,0.0,0.0,0.0,122,65,5.7e-05,2.48,CALDEROS,N/A,matched,100.0,NO,3401.61,0.000788,EXITOSO
run_20260726_084433_08a1a2bb,6,adriana_47,adriana,MEDIO,RELEVANTE,False,302.52,7.51,0.000538,100.0,18.18,BUENO POR AQUI VEO CINCO CALDEROS RECORD Y DOCE PLATOS CUADRADOS,bueno por aquí veo 5 calderos récord y 12 platos cuadrados,2438.78,EXACT_CONSENSUS,100.0,0.0,0.0,0.0,113,50,4.7e-05,2.84,CALDEROS RÉCORD,N/A,matched,100.0,NO,2744.38,0.000585,EXITOSO
run_20260726_084433_08a1a2bb,6,adriana_48,adriana,MEDIO,RELEVANTE,False,272.2,8.47,0.000607,100.0,18.18,ANOTE SEIS CAJAS DE IBUPROFENO Y UNAS QUINCE CINTAS DE SELLAMIENTO,anoté 6 cajas de ibuprofeno y unas 15 cintas de sellamiento,3436.01,EXACT_CONSENSUS,100.0,0.0,0.0,0.0,113,50,4.7e-05,2.51,IBUPROFENO,N/A,matched,100.0,NO,3710.97,0.000654,EXITOSO
run_20260726_084433_08a1a2bb,6,adriana_49,adriana,MEDIO,RELEVANTE,False,269.39,6.26,0.000449,100.0,25.0,AQUI QUEDARON DIEZ CAZUELAS Y OCHO PLATOS BLANCOS,aquí quedaron 10 cazuelas y 8 platos blancos,3534.05,EXACT_CONSENSUS,100.0,0.0,0.0,0.0,104,50,4.6e-05,3.16,CAZUELAS,N/A,matched,100.0,NO,3806.9,0.000495,EXITOSO
run_20260726_084433_08a1a2bb,6,adriana_50,adriana,MEDIO,RELEVANTE,False,267.58,6.36,0.000456,100.0,33.33,REGISTRA CUATRO CALDEROS Y VEINTE PLATOS,registra 4 calderos y 20 platos,5650.54,EXACT_CONSENSUS,100.0,0.0,0.0,0.0,100,50,4.5e-05,2.73,CALDERO,N/A,matched,100.0,NO,5921.05,0.000501,EXITOSO
run_20260726_084433_08a1a2bb,6,adriana_51,adriana,MEDIO,RELEVANTE,False,168.91,7.32,0.000525,100.0,18.18,POR ESTE LADO HAY NUEVE CAJAS DE IBUPROFENO Y TRES CINTAS,por este lado hay 9 cajas de ibuprofeno y 3 cintas,2242.38,EXACT_CONSENSUS,100.0,0.0,0.0,0.0,113,50,4.7e-05,2.89,IBUPROFENO,N/A,matched,100.0,NO,2414.39,0.000572,EXITOSO
run_20260726_084433_08a1a2bb,6,adriana_52,adriana,MEDIO,RELEVANTE,False,537.55,7.6,0.000545,100.0,33.33,APUNTA QUINCE PLATOS CUADRADOS SEIS CAZUELAS Y DOS CALDEROS,apunta 15 platos cuadrados 6 cazuelas y 2 calderos,5175.52,EXACT_CONSENSUS,100.0,0.0,0.0,0.0,107,65,5.5e-05,3.09,PLATOS CUADRADOS,N/A,matched,100.0,NO,5716.36,0.0006,EXITOSO
run_20260726_084433_08a1a2bb,6,adriana_53,adriana,MEDIO,RELEVANTE,False,783.49,7.32,0.000525,100.0,20.0,YA TERMINE ESTE ESTANTE QUEDARON OCHO CINTAS Y ONCE PLATOS,ya terminé este estante quedaron 8 cintas y 11 platos,4032.04,EXACT_CONSENSUS,100.0,0.0,0.0,0.0,110,50,4.6e-05,3.23,CINTAS,N/A,matched,100.0,NO,4818.99,0.000571,EXITOSO
run_20260726_084433_08a1a2bb,6,adriana_54,adriana,MEDIO,RELEVANTE,False,170.62,7.22,0.000517,100.0,20.0,AQUI SOLAMENTE VEO TRES CALDEROS Y SIETE CAJAS DE IBUPROFENO,aquí solamente veo 3 calderos y 7 cajas de ibuprofeno,5004.1,EXACT_CONSENSUS,100.0,0.0,0.0,0.0,110,50,4.6e-05,2.47,CALDEROS,N/A,matched,100.0,NO,5177.5,0.000563,EXITOSO
run_20260726_084433_08a1a2bb,6,adriana_55,adriana,MEDIO,RELEVANTE,False,249.61,5.97,0.000428,100.0,33.33,REGISTRA DOCE PLATOS Y CINCO CINTAS,registra 12 platos y 5 cintas,7648.33,EXACT_CONSENSUS,100.0,0.0,0.0,0.0,100,50,4.5e-05,2.12,PLATOS,N/A,matched,100.0,NO,7900.21,0.000473,EXITOSO
run_20260726_084433_08a1a2bb,6,adriana_56,adriana,MEDIO,RELEVANTE,False,811.12,7.22,0.000517,100.0,25.0,BUENO ACA ENCONTRAMOS CUATRO CAZUELAS Y NUEVE PLATOS,bueno acá encontramos 4 cazuelas y 9 platos,3964.04,EXACT_CONSENSUS,100.0,0.0,0.0,0.0,104,50,4.6e-05,2.83,CAZUELAS,N/A,matched,100.0,NO,4778.16,0.000563,EXITOSO
run_20260726_084433_08a1a2bb,6,adriana_57,adriana,MEDIO,RELEVANTE,False,285.21,8.95,0.000641,100.0,20.0,POR FAVOR ANOTA DIEZ CAJAS DE IBUPROFENO Y SEIS PLATOS,por favor anota 10 cajas de ibuprofeno y 6 platos,6033.86,EXACT_CONSENSUS,100.0,0.0,0.0,0.0,110,50,4.6e-05,2.83,IBUPROFENO,N/A,matched,100.0,NO,6322.1,0.000687,EXITOSO
run_20260726_084433_08a1a2bb,6,adriana_58,adriana,MEDIO,RELEVANTE,False,172.39,8.95,0.000641,100.0,36.36,EN ESTE ESTANTE HAY DOS CALDEROS OCHO CINTAS Y QUINCE PLATOS,en este estante hay 2 calderos y 8 cintas y 15 platos,2545.85,EXACT_CONSENSUS,100.0,0.0,0.0,0.0,116,65,5.6e-05,3.12,CALDERO,N/A,matched,100.0,NO,2721.62,0.000697,EXITOSO
run_20260726_084433_08a1a2bb,6,adriana_59,adriana,MEDIO,RELEVANTE,False,160.63,5.88,0.000421,100.0,28.57,SIGUE CON CINCO CAZUELAS Y DOCE PLATOS,sigue con 5 cazuelas y 12 platos,6365.4,EXACT_CONSENSUS,100.0,0.0,0.0,0.0,101,50,4.5e-05,2.33,CAZUELAS,N/A,matched,100.0,NO,6528.53,0.000466,EXITOSO
run_20260726_084433_08a1a2bb,6,adriana_60,adriana,MEDIO,RELEVANTE,False,491.94,7.7,0.000552,100.0,22.22,AQUI QUEDARON SIETE CAJAS DE IBUPROFENO Y CUATRO CINTAS,aquí quedaron 7 cajas de ibuprofeno y 4 cintas,2594.83,EXACT_CONSENSUS,100.0,0.0,0.0,0.0,107,50,4.6e-05,3.22,IBUPROFENO,N/A,matched,100.0,NO,3090.19,0.000598,EXITOSO
run_20260726_084433_08a1a2bb,6,adriana_61,adriana,MEDIO,RELEVANTE,False,299.0,6.26,0.000449,100.0,33.33,REGISTRA NUEVE PLATOS Y TRES CALDEROS,registra 9 platos y 3 calderos,3559.13,EXACT_CONSENSUS,100.0,0.0,0.0,0.0,100,50,4.5e-05,3.7,PLATOS,N/A,matched,100.0,NO,3862.04,0.000494,EXITOSO
run_20260726_084433_08a1a2bb,6,adriana_62,adriana,MEDIO,RELEVANTE,False,515.87,7.89,0.000565,100.0,20.0,EN ESTA FILA VEO DIEZ CINTAS Y SEIS PLATOS CUADRADOS,en esta fila veo 10 cintas y 6 platos cuadrados,3866.61,EXACT_CONSENSUS,100.0,0.0,0.0,0.0,110,50,4.6e-05,3.23,CINTAS,N/A,matched,100.0,NO,4385.93,0.000611,EXITOSO
run_20260726_084433_08a1a2bb,6,adriana_63,adriana,MEDIO,RELEVANTE,False,814.62,7.99,0.000573,100.0,18.18,YA REVISE TODO SON OCHO CAJAS DE IBUPROFENO Y CINCO CAZUELAS,ya revisé todo son 8 cajas de ibuprofeno y 5 cazuelas,2305.51,EXACT_CONSENSUS,100.0,0.0,0.0,0.0,113,50,4.7e-05,3.22,IBUPROFENO,N/A,matched,100.0,NO,3123.54,0.00062,EXITOSO
run_20260726_084433_08a1a2bb,6,adriana_64,adriana,MEDIO,RELEVANTE,False,258.93,7.12,0.00051,100.0,37.5,ANOTA CUATRO PLATOS SIETE CINTAS Y DOS CALDEROS,anota 4 platos 7 cintas y 2 calderos,7740.57,EXACT_CONSENSUS,100.0,0.0,0.0,0.0,104,65,5.5e-05,2.27,PLATOS,N/A,matched,100.0,NO,8001.94,0.000565,EXITOSO
run_20260726_084433_08a1a2bb,6,adriana_65,adriana,MEDIO,RELEVANTE,False,269.7,6.84,0.00049,100.0,22.22,AQUI QUEDARON ONCE PLATOS Y TRES CAJAS DE IBUPROFENO,aquí quedaron 11 platos y 3 cajas de ibuprofeno,8450.04,PARTIAL_CONSENSUS,70.0,0.0,0.0,0.0,107,50,4.6e-05,2.0,PLATOS,N/A,matched,100.0,NO,8721.9,0.000536,EXITOSO
run_20260726_084433_08a1a2bb,6,adriana_66,adriana,MEDIO,RELEVANTE,False,239.89,7.8,0.000559,100.0,33.33,REGISTRA CINCO CALDEROS Y DIEZ PLATOS,registra 5 calderos y 10 platos,5797.84,EXACT_CONSENSUS,100.0,0.0,0.0,0.0,100,50,4.5e-05,1.96,CALDEROS,N/A,matched,100.0,NO,6039.92,0.000604,EXITOSO
run_20260726_084433_08a1a2bb,6,adriana_67,adriana,MEDIO,RELEVANTE,False,275.68,9.81,0.000703,100.0,18.18,ESPERA UN MOMENTO LISTO CONTINUA HAY OCHO PLATOS Y CUATRO CINTAS,espera un momento listo continúa hay 8 platos y 4 cintas,2289.36,EXACT_CONSENSUS,100.0,0.0,0.0,0.0,113,50,4.7e-05,2.55,PLATOS,N/A,matched,100.0,NO,2567.86,0.00075,EXITOSO
run_20260726_084433_08a1a2bb,6,adriana_68,adriana,MEDIO,RELEVANTE,False,263.69,8.18,0.000586,100.0,18.18,EN ESTE LADO ENCONTRAMOS DOCE CAJAS DE IBUPROFENO Y SEIS PLATOS,en este lado encontramos 12 cajas de ibuprofeno y 6 platos,4170.78,EXACT_CONSENSUS,100.0,0.0,0.0,0.0,113,50,4.7e-05,3.03,IBUPROFENO,N/A,matched,100.0,NO,4437.75,0.000633,EXITOSO
run_20260726_084433_08a1a2bb,6,adriana_69,adriana,MEDIO,RELEVANTE,False,410.76,7.22,0.000517,100.0,37.5,ANOTA CINCO CAZUELAS OCHO PLATOS Y DOS CALDEROS,anota 5 cazuelas 8 platos y 2 calderos,3008.22,EXACT_CONSENSUS,100.0,0.0,0.0,0.0,104,65,5.5e-05,3.08,CAZUELA,N/A,matched,100.0,NO,3422.23,0.000572,EXITOSO
run_20260726_084433_08a1a2bb,6,adriana_70,adriana,MEDIO,RELEVANTE,False,285.1,7.12,0.00051,100.0,22.22,YA CASI TERMINAMOS QUEDARON SIETE CINTAS Y NUEVE PLATOS,ya casi terminamos quedaron 7 cintas y 9 platos,5095.32,EXACT_CONSENSUS,100.0,0.0,0.0,0.0,107,50,4.6e-05,2.48,CINTAS,N/A,matched,100.0,NO,5383.19,0.000556,EXITOSO
run_20260726_084433_08a1a2bb,6,adriana_71,adriana,MEDIO,RELEVANTE,False,171.82,7.03,0.000504,100.0,20.0,AQUI SOLAMENTE HAY TRES CAJAS DE IBUPROFENO Y CUATRO PLATOS,aquí solamente hay 3 cajas de ibuprofeno y 4 platos,7311.32,EXACT_CONSENSUS,100.0,0.0,0.0,0.0,110,50,4.6e-05,2.29,IBUPROFENO,N/A,matched,100.0,NO,7485.6,0.00055,EXITOSO
run_20260726_084433_08a1a2bb,6,adriana_72,adriana,MEDIO,RELEVANTE,False,393.79,7.12,0.00051,100.0,25.0,REGISTRA UN CALDERO DIEZ PLATOS Y SEIS CINTAS,registra un caldero 10 platos y 6 cintas,5192.29,EXACT_CONSENSUS,100.0,0.0,0.0,0.0,104,65,5.5e-05,2.45,CALDERO,N/A,matched,100.0,NO,5588.72,0.000565,EXITOSO
run_20260726_084433_08a1a2bb,6,adriana_73,adriana,MEDIO,RELEVANTE,False,259.85,7.12,0.00051,100.0,18.18,EN LA REPISA DE ARRIBA VEO OCHO CAZUELAS Y CINCO PLATOS,en la repisa de arriba veo 8 cazuelas y 5 platos,3894.42,EXACT_CONSENSUS,100.0,0.0,0.0,0.0,113,50,4.7e-05,2.84,CAZUELAS,N/A,matched,100.0,NO,4157.39,0.000557,EXITOSO
run_20260726_084433_08a1a2bb,6,adriana_74,adriana,MEDIO,RELEVANTE,False,463.84,5.49,0.000393,100.0,33.33,APUNTA DOS CALDEROS Y DOCE PLATOS,apunta 2 calderos y 12 platos,6397.65,EXACT_CONSENSUS,100.0,0.0,0.0,0.0,100,50,4.5e-05,2.73,CALDEROS,N/A,matched,100.0,NO,6864.36,0.000438,EXITOSO
run_20260726_084433_08a1a2bb,6,adriana_75,adriana,MEDIO,RELEVANTE,False,258.51,6.45,0.000462,100.0,25.0,HAY NUEVE CAJAS DE IBUPROFENO Y SIETE CINTAS,hay 9 cajas de ibuprofeno y 7 cintas,3161.92,EXACT_CONSENSUS,100.0,0.0,0.0,0.0,104,50,4.6e-05,2.97,IBUPROFENO,N/A,matched,100.0,NO,3423.61,0.000508,EXITOSO
run_20260726_084433_08a1a2bb,6,adriana_76,adriana,MEDIO,RELEVANTE,False,375.43,6.16,0.000441,100.0,33.33,REGISTRA QUINCE PLATOS Y CUATRO CAZUELAS,registra 15 platos y 4 cazuelas,5247.67,EXACT_CONSENSUS,100.0,0.0,0.0,0.0,100,50,4.5e-05,2.2,PLATOS,N/A,matched,100.0,NO,5625.54,0.000486,EXITOSO
run_20260726_084433_08a1a2bb,6,adriana_77,adriana,MEDIO,RELEVANTE,False,591.48,7.51,0.000538,100.0,22.22,BUENO SEGUIMOS AQUI HAY SEIS PLATOS Y TRES CALDEROS,bueno seguimos aquí hay 6 platos y 3 calderos,6297.83,EXACT_CONSENSUS,100.0,0.0,0.0,0.0,107,50,4.6e-05,1.95,PLATOS,N/A,matched,100.0,NO,6891.47,0.000584,EXITOSO
run_20260726_084433_08a1a2bb,6,adriana_78,adriana,MEDIO,RELEVANTE,False,168.69,6.93,0.000497,100.0,25.0,ANOTA OCHO CINTAS Y CINCO CAJAS DE IBUPROFENO,anota 8 cintas y 5 cajas de ibuprofeno,4785.98,EXACT_CONSENSUS,100.0,0.0,0.0,0.0,104,50,4.6e-05,2.64,CINTAS,N/A,matched,100.0,NO,4957.47,0.000543,EXITOSO
run_20260726_084433_08a1a2bb,6,adriana_79,adriana,MEDIO,RELEVANTE,False,253.89,6.36,0.000456,100.0,22.22,EN ESTA PARTE VEO ONCE PLATOS Y CUATRO CINTAS,en esta parte veo 11 platos y 4 cintas,5894.63,EXACT_CONSENSUS,100.0,0.0,0.0,0.0,107,50,4.6e-05,3.3,PLATOS,N/A,matched,100.0,NO,6152.15,0.000502,EXITOSO
run_20260726_084433_08a1a2bb,6,adriana_80,adriana,MEDIO,RELEVANTE,False,507.7,5.59,0.000401,100.0,33.33,REGISTRA SIETE CAZUELAS Y OCHO PLATOS,registra 7 cazuelas y 8 platos,8829.5,HIGH_DISCREPANCY,40.0,0.0,0.0,0.0,100,50,4.5e-05,2.82,CAZUELAS,N/A,matched,100.0,NO,9340.18,0.000446,EXITOSO
run_20260726_084433_08a1a2bb,6,adriana_81,adriana,MEDIO,RELEVANTE,False,270.16,6.93,0.000497,100.0,20.0,YA TERMINE ESTE PASILLO HAY TRES CALDEROS Y SEIS PLATOS,ya terminé este pasillo hay 3 calderos y 6 platos,3525.95,EXACT_CONSENSUS,100.0,0.0,0.0,0.0,110,50,4.6e-05,2.87,CALDERO,N/A,matched,100.0,NO,3799.17,0.000543,EXITOSO
run_20260726_084433_08a1a2bb,6,adriana_82,adriana,MEDIO,RELEVANTE,False,271.23,5.78,0.000414,100.0,22.22,AQUI QUEDARON DIEZ CAJAS DE IBUPROFENO Y NUEVE PLATOS,aquí quedaron 10 cajas de ibuprofeno y 9 platos,6038.15,EXACT_CONSENSUS,100.0,0.0,0.0,0.0,107,50,4.6e-05,2.53,IBUPROFENO,N/A,matched,100.0,NO,6312.13,0.00046,EXITOSO
run_20260726_084433_08a1a2bb,6,adriana_83,adriana,MEDIO,RELEVANTE,False,267.11,6.84,0.00049,100.0,50.0,ANOTA CINCO CINTAS CUATRO PLATOS Y DOS CAZUELAS,anotas 5 cintas 4 platos y 2 cazuelas,5239.26,EXACT_CONSENSUS,100.0,0.0,0.0,0.0,104,65,5.5e-05,2.43,CINTAS,N/A,matched,100.0,NO,5509.02,0.000545,EXITOSO
run_20260726_084433_08a1a2bb,6,adriana_84,adriana,MEDIO,RELEVANTE,False,258.01,6.07,0.000435,100.0,28.57,POR ACA SOLAMENTE VEO OCHO PLATOS CUADRADOS,por acá solo veo 8 platos cuadrados,2764.41,EXACT_CONSENSUS,100.0,0.0,0.0,0.0,101,35,3.6e-05,2.54,PLATOS CUADRADOS,N/A,matched,100.0,NO,3025.16,0.000471,EXITOSO
run_20260726_084433_08a1a2bb,6,adriana_85,adriana,MEDIO,RELEVANTE,False,269.32,6.36,0.000456,100.0,25.0,REGISTRA CUATRO CAJAS DE IBUPROFENO Y SIETE CINTAS,registra 4 cajas de ibuprofeno y 7 cintas,2250.85,EXACT_CONSENSUS,100.0,0.0,0.0,0.0,104,50,4.6e-05,3.06,IBUPROFENO,N/A,matched,100.0,NO,2523.4,0.000502,EXITOSO
run_20260726_084433_08a1a2bb,6,adriana_86,adriana,MEDIO,RELEVANTE,False,264.8,5.01,0.000359,100.0,33.33,HAY SEIS CALDEROS Y NUEVE PLATOS,hay 6 calderos y 9 platos,6171.36,EXACT_CONSENSUS,100.0,0.0,0.0,0.0,100,50,4.5e-05,2.92,CALDEROS,N/A,matched,100.0,NO,6439.24,0.000404,EXITOSO
run_20260726_084433_08a1a2bb,6,adriana_87,adriana,MEDIO,RELEVANTE,False,276.82,6.55,0.000469,100.0,22.22,EN ESTA ESQUINA ENCONTRAMOS CINCO PLATOS Y TRES CINTAS,en esta esquina encontramos 5 platos y 3 cintas,2332.4,EXACT_CONSENSUS,100.0,0.0,0.0,0.0,107,50,4.6e-05,2.08,PLATOS,N/A,matched,100.0,NO,2611.43,0.000515,EXITOSO
run_20260726_084433_08a1a2bb,6,adriana_88,adriana,MEDIO,RELEVANTE,False,296.98,5.88,0.000421,100.0,25.0,REGISTRA OCHO CAJAS DE IBUPROFENO Y DOS CALDEROS,registra 8 cajas de ibuprofeno y 2 calderos,3271.48,EXACT_CONSENSUS,100.0,0.0,0.0,0.0,104,50,4.6e-05,2.88,IBUPROFENO,N/A,matched,100.0,NO,3571.59,0.000467,EXITOSO
run_20260726_084433_08a1a2bb,6,adriana_89,adriana,MEDIO,RELEVANTE,False,281.33,5.49,0.000393,100.0,28.57,AQUI QUEDARON NUEVE PLATOS Y CINCO CAZUELAS,aquí quedaron 9 platos y 5 cazuelas,4473.02,EXACT_CONSENSUS,100.0,0.0,0.0,0.0,101,50,4.5e-05,2.35,PLATOS,N/A,matched,100.0,NO,4756.88,0.000438,EXITOSO
run_20260726_084433_08a1a2bb,6,adriana_90,adriana,MEDIO,RELEVANTE,False,259.94,5.3,0.00038,100.0,33.33,ANOTE DOCE CINTAS Y CUATRO PLATOS,anoté 12 cintas y 4 platos,7752.97,PARTIAL_CONSENSUS,70.0,0.0,0.0,0.0,100,50,4.5e-05,2.46,CINTAS,N/A,matched,100.0,NO,8015.53,0.000425,EXITOSO
run_20260726_084433_08a1a2bb,6,adriana_91,adriana,MEDIO,RELEVANTE,False,266.06,7.6,0.000545,100.0,15.38,YA REVISE TODO ESTE LADO HAY SIETE PLATOS Y TRES CAJAS DE IBUPROFENO,ya revisé todo este lado hay 7 platos y 3 cajas de ibuprofeno,2977.23,PARTIAL_CONSENSUS,70.0,0.0,0.0,0.0,119,50,4.8e-05,2.57,PLATOS,N/A,matched,100.0,NO,3246.11,0.000593,EXITOSO
run_20260726_084433_08a1a2bb,6,adriana_92,adriana,MEDIO,RELEVANTE,False,290.29,5.2,0.000373,100.0,33.33,REGISTRA SEIS CALDEROS Y DIEZ PLATOS,registra 6 calderos y 10 platos,5968.33,EXACT_CONSENSUS,100.0,0.0,0.0,0.0,100,50,4.5e-05,2.38,CALDEROS,N/A,matched,100.0,NO,6261.16,0.000418,EXITOSO
run_20260726_084433_08a1a2bb,6,adriana_93,adriana,MEDIO,RELEVANTE,False,250.19,5.78,0.000414,100.0,25.0,AQUI SOLAMENTE HAY CINCO CINTAS Y OCHO PLATOS,aquí solamente hay 5 cintas y 8 platos,2032.32,EXACT_CONSENSUS,100.0,0.0,0.0,0.0,104,50,4.6e-05,2.47,CINTAS,N/A,matched,100.0,NO,2285.25,0.00046,EXITOSO
run_20260726_084433_08a1a2bb,6,adriana_94,adriana,MEDIO,RELEVANTE,False,286.95,6.26,0.000449,100.0,25.0,ANOTE NUEVE CAZUELAS Y CUATRO CAJAS DE IBUPROFENO,anoté 9 cazuelas y 4 cajas de ibuprofeno,4679.18,EXACT_CONSENSUS,100.0,0.0,0.0,0.0,104,50,4.6e-05,2.88,CAZUELA,N/A,matched,100.0,NO,4969.2,0.000495,EXITOSO
run_20260726_084433_08a1a2bb,6,adriana_95,adriana,MEDIO,RELEVANTE,False,457.02,7.03,0.000504,100.0,33.33,AQUI VEO DOS CALDEROS SIETE PLATOS Y TRES CINTAS,aquí veo 2 calderos 7 platos y 3 cintas,3570.46,EXACT_CONSENSUS,100.0,0.0,0.0,0.0,107,65,5.5e-05,2.94,CALDERO,N/A,matched,100.0,NO,4030.62,0.000559,EXITOSO
run_20260726_084433_08a1a2bb,6,adriana_96,adriana,MEDIO,RELEVANTE,False,276.7,7.03,0.000504,100.0,22.22,REGISTRA DIEZ PLATOS CUADRADOS Y CINCO CAJAS DE IBUPROFENO,registra 10 platos cuadrados y 5 cajas de ibuprofeno,2680.53,EXACT_CONSENSUS,100.0,0.0,0.0,0.0,107,50,4.6e-05,2.32,PLATOS CUADRADOS,N/A,matched,100.0,NO,2959.72,0.00055,EXITOSO
run_20260726_084433_08a1a2bb,6,adriana_97,adriana,MEDIO,RELEVANTE,False,534.52,6.84,0.00049,100.0,20.0,BUENO YA CASI ACABAMOS HAY OCHO PLATOS Y CUATRO CALDEROS,bueno ya casi acabamos hay 8 platos y 4 calderos,2497.31,EXACT_CONSENSUS,100.0,0.0,0.0,0.0,110,50,4.6e-05,2.73,PLATO,N/A,matched,100.0,NO,3034.78,0.000536,EXITOSO
run_20260726_084433_08a1a2bb,6,adriana_98,adriana,MEDIO,RELEVANTE,False,905.34,7.7,0.000552,100.0,25.0,ANOTE SEIS CINTAS DE SELLAMIENTO Y NUEVE PLATOS,anoté 6 cintas de sellamiento y 9 platos,3006.11,EXACT_CONSENSUS,100.0,0.0,0.0,0.0,104,50,4.6e-05,3.0,CINTAS DE SELLAMIENTO,N/A,matched,100.0,NO,3914.65,0.000598,EXITOSO
run_20260726_084433_08a1a2bb,6,adriana_99,adriana,MEDIO,RELEVANTE,False,434.99,6.84,0.00049,100.0,77.78,AQUI QUEDARON CINCO CAJAS DE IBUPROFENO Y DOS CAZUELAS,aquí quedaron 11 platos y 3 cajas de ibuprofeno,6510.88,PARTIAL_CONSENSUS,70.0,0.0,0.0,0.0,107,50,4.6e-05,2.45,PLATOS,N/A,matched,100.0,NO,6948.52,0.000536,EXITOSO
run_20260726_084433_08a1a2bb,6,adriana_100,adriana,MEDIO,RELEVANTE,False,285.6,5.2,0.000373,100.0,33.33,REGISTRA DOCE PLATOS Y CUATRO CINTAS,registra 12 platos y 4 cintas,2303.85,EXACT_CONSENSUS,100.0,0.0,0.0,0.0,100,50,4.5e-05,3.38,PLATOS,N/A,matched,100.0,NO,2593.0,0.000418,EXITOSO
run_20260726_084433_08a1a2bb,6,adriana_101,adriana,MEDIO,RELEVANTE,False,355.91,6.36,0.000456,100.0,50.0,EN ESTA PARTE SOLAMENTE VEO TRES CALDEROS Y DIEZ PLATOS,en esta parte veo 11 platos y 4 cintas,5541.29,EXACT_CONSENSUS,100.0,0.0,0.0,0.0,107,50,4.6e-05,2.08,PLATOS,N/A,matched,100.0,NO,5899.53,0.000502,EXITOSO
run_20260726_084433_08a1a2bb,6,adriana_102,adriana,MEDIO,RELEVANTE,False,863.04,6.16,0.000441,100.0,25.0,ANOTA OCHO CAJAS DE IBUPROFENO Y CINCO PLATOS,anota 8 cajas de ibuprofeno y 5 platos,5835.9,EXACT_CONSENSUS,100.0,0.0,0.0,0.0,104,50,4.6e-05,2.17,IBUPROFENO,N/A,matched,100.0,NO,6701.28,0.000487,EXITOSO
run_20260726_084433_08a1a2bb,6,adriana_103,adriana,MEDIO,RELEVANTE,False,281.5,7.6,0.000545,100.0,22.22,AQUI ENCONTRAMOS SIETE CINTAS SEIS PLATOS Y UNA CAZUELA,aquí encontramos 7 cintas 6 platos y una cazuela,4930.06,EXACT_CONSENSUS,100.0,0.0,0.0,0.0,107,65,5.5e-05,2.39,CINTAS,N/A,matched,100.0,NO,5214.15,0.0006,EXITOSO
run_20260726_084433_08a1a2bb,6,adriana_104,adriana,MEDIO,RELEVANTE,False,483.66,5.78,0.000414,100.0,33.33,REGISTRA CUATRO CALDEROS Y ONCE PLATOS,registra 4 calderos y 11 platos,2836.73,EXACT_CONSENSUS,100.0,0.0,0.0,0.0,100,50,4.5e-05,3.53,CALDERO,N/A,matched,100.0,NO,3324.09,0.000459,EXITOSO
run_20260726_084433_08a1a2bb,6,adriana_105,adriana,MEDIO,RELEVANTE,False,476.86,7.6,0.000545,100.0,16.67,YA TERMINAMOS ESTA FILA HAY NUEVE CAJAS DE IBUPROFENO Y SEIS PLATOS,ya terminamos esta fila hay 9 cajas de ibuprofeno y 6 platos,6689.6,EXACT_CONSENSUS,100.0,0.0,0.0,0.0,116,50,4.7e-05,2.11,IBUPROFENO,N/A,matched,100.0,NO,7168.75,0.000592,EXITOSO
run_20260726_084433_08a1a2bb,6,adriana_106,adriana,MEDIO,RELEVANTE,False,240.3,7.8,0.000559,100.0,33.33,FINALMENTE ANOTA CINCO PLATOS CUATRO CINTAS Y DOS CALDEROS,finalmente anota 5 platos 4 cintas y 2 calderos,2877.13,EXACT_CONSENSUS,100.0,0.0,0.0,0.0,107,65,5.5e-05,4.39,PLATOS,N/A,matched,100.0,NO,3122.01,0.000614,EXITOSO
run_20260726_084433_08a1a2bb,6,adriana_107,adriana,DIFICIL,RELEVANTE,False,193.97,17.59,0.001261,100.0,0.0,PENSE QUE YA HABIAMOS TERMINADO EL CONTEO PERO FALTABA AHI HAY 28 CAJAS DE SERVILLETAS 15 BOTELLAS DE SALSA DE TOMATE Y 32 PAQUETES DE CUBIERTOS DESECHABLES,pensé que ya habíamos terminado el conteo pero faltaba ahí hay 28 cajas de servilletas 15 botellas de salsa de tomate y 32 paquetes de cubiertos desechables,2856.85,EXACT_CONSENSUS,100.0,0.0,0.0,0.0,161,65,6.3e-05,3.24,SERVILLETAS,N/A,matched,100.0,NO,3054.43,0.001324,EXITOSO
run_20260726_084433_08a1a2bb,6,adriana_108,adriana,DIFICIL,RELEVANTE,False,289.76,15.48,0.001109,100.0,0.0,MARIA MANANA LLEGAN TEMPRANO LOS PROVEEDORES ANOTA 85 GASEOSAS 60 CHOCOLATES Y 45 PAQUETES DE GALLETAS,maría mañana llegan temprano los proveedores anota 85 gaseosas 60 chocolates y 45 paquetes de galletas,6118.81,EXACT_CONSENSUS,100.0,0.0,0.0,0.0,128,65,5.8e-05,2.54,GASEOSA,N/A,matched,100.0,NO,6411.39,0.001167,EXITOSO
run_20260726_084433_08a1a2bb,6,adriana_109,adriana,DIFICIL,RELEVANTE,False,283.37,13.56,0.000972,100.0,0.0,NO OLVIDES CERRAR LA PUERTA CUANDO SALGAS AH Y REGISTRA 40 KILOS DE ARROZ 12 KILOS DE SAL Y 30 LITROS DE ACEITE,no olvides cerrar la puerta cuando salgas ah y registra 40 kilos de arroz 12 kilos de sal y 30 litros de aceite,4305.41,EXACT_CONSENSUS,100.0,0.0,0.0,0.0,149,65,6.1e-05,2.32,ARROZ,N/A,matched,100.0,NO,4591.49,0.001033,EXITOSO
run_20260726_084433_08a1a2bb,6,adriana_110,adriana,DIFICIL,RELEVANTE,False,502.02,18.16,0.001301,100.0,0.0,ESPERA UN MOMENTO QUE ME ESTA LLAMANDO EL SUPERVISOR LISTO CONTINUEMOS HAY 22 PAQUETES DE AZUCAR 35 BOLSAS DE CAFE Y 16 CAJAS DE VASOS DESECHABLES,espera un momento que me está llamando el supervisor listo continuemos hay 22 paquetes de azúcar 35 bolsas de café y 16 cajas de vasos desechables,9085.39,EXACT_CONSENSUS,100.0,0.0,0.0,0.0,158,65,6.3e-05,1.99,AZÚCAR,N/A,matched,100.0,NO,9589.75,0.001364,EXITOSO
run_20260726_084433_08a1a2bb,6,adriana_111,adriana,DIFICIL,RELEVANTE,False,279.11,14.61,0.001047,100.0,0.0,BUENOS DIAS YA TERMINE LA REVISION DEL PARQUEADERO AHORA SI ENCONTRAMOS 18 CAJAS DE GALLETAS 9 PAQUETES DE CAFE Y 14 BOTELLAS DE AGUA,buenos días ya terminé la revisión del parqueadero ahora sí encontramos 18 cajas de galletas 9 paquetes de café y 14 botellas de agua,4173.23,EXACT_CONSENSUS,100.0,0.0,0.0,0.0,152,65,6.2e-05,1.83,GALLETAS,N/A,matched,100.0,NO,4454.49,0.001109,EXITOSO
run_20260726_084433_08a1a2bb,6,adriana_112,adriana,DIFICIL,RELEVANTE,False,552.26,11.83,0.000848,100.0,28.57,HAY OCHO CAJAS DE IBUPROFENO CUATRO CALDEROS RECORD Y DIECIOCHO CAZUELAS DE DIECISEIS ONZAS,hay 8 cajas de ibuprofeno 4 calderos récord y 18 cazuelas de 16 onzas,4224.13,EXACT_CONSENSUS,100.0,0.0,0.0,0.0,122,65,5.7e-05,2.64,IBUPROFENO,N/A,matched,100.0,NO,4779.31,0.000905,EXITOSO
run_20260726_084433_08a1a2bb,6,adriana_113,adriana,DIFICIL,RELEVANTE,False,327.53,10.87,0.000779,100.0,30.77,REGISTRA DOCE PLATOS BLANCOS CUADRADOS SIETE CINTAS DE SELLAMIENTO Y DOS CALDEROS RECORD,registra 12 platos blancos cuadrados 7 cintas de sellamiento y 2 calderos,7680.93,EXACT_CONSENSUS,100.0,0.0,0.0,0.0,116,65,5.6e-05,2.18,PLATOS BLANCOS CUADRADOS,N/A,matched,100.0,NO,8010.83,0.000835,EXITOSO
run_20260726_084433_08a1a2bb,6,adriana_114,adriana,DIFICIL,RELEVANTE,False,331.46,11.83,0.000848,100.0,23.08,TENEMOS CUATRO CALDEROS RECORD DIECISEIS CINTAS DE SELLAMIENTO Y ONCE PLATOS BLANCOS CUADRADOS,tenemos 4 calderos récord 16 cintas de sellamiento y 11 platos blancos cuadrados,5318.46,EXACT_CONSENSUS,100.0,0.0,0.0,0.0,119,65,5.7e-05,2.47,CALDEROS,N/A,matched,100.0,NO,5652.6,0.000905,EXITOSO
run_20260726_084433_08a1a2bb,6,adriana_115,adriana,DIFICIL,RELEVANTE,False,301.17,14.52,0.001041,100.0,28.57,REGISTRA SEIS CALDEROS RECORD DIEZ CAZUELAS DE DIECISEIS ONZAS Y CATORCE PLATOS BLANCOS CUADRADOS,registra 6 calderos récord 10 cazuelas de 16 onzas y 14 platos blancos cuadrados,7287.41,EXACT_CONSENSUS,100.0,0.0,0.0,0.0,122,65,5.7e-05,2.1,CALDERO,N/A,matched,100.0,NO,7590.9,0.001098,EXITOSO
run_20260726_084433_08a1a2bb,6,adriana_116,adriana,DIFICIL,RELEVANTE,False,278.96,12.4,0.000889,100.0,21.43,HAY QUINCE CINTAS DE SELLAMIENTO TRES CAJAS DE IBUPROFENO Y OCHO PLATOS BLANCOS CUADRADOS,hay 15 cintas de sellamiento 3 cajas de ibuprofeno y 8 platos blancos cuadrados,3147.91,EXACT_CONSENSUS,100.0,0.0,0.0,0.0,122,65,5.7e-05,2.81,CINTAS DE SELLAMIENTO,N/A,matched,100.0,NO,3429.92,0.000946,EXITOSO
run_20260726_084433_08a1a2bb,6,adriana_117,adriana,DIFICIL,RELEVANTE,False,180.03,13.17,0.000944,100.0,28.57,ANOTA SIETE CALDEROS RECORD DOCE PLATOS BLANCOS CUADRADOS Y CUATRO CAZUELAS DE DIECISEIS ONZAS,anota 7 calderos récord 12 platos blancos cuadrados y 4 cazuelas de 16 onzas,2933.92,EXACT_CONSENSUS,100.0,0.0,0.0,0.0,122,65,5.7e-05,3.01,CALDEROS,N/A,matched,100.0,NO,3117.29,0.001001,EXITOSO
run_20260726_084433_08a1a2bb,6,adriana_118,adriana,DIFICIL,RELEVANTE,False,279.67,13.08,0.000937,100.0,21.43,REGISTRA ONCE CAJAS DE IBUPROFENO NUEVE CINTAS DE SELLAMIENTO Y CINCO PLATOS BLANCOS CUADRADOS,registra 11 cajas de ibuprofeno 9 cintas de sellamiento y 5 platos blancos cuadrados,7006.35,EXACT_CONSENSUS,100.0,0.0,0.0,0.0,122,65,5.7e-05,3.2,IBUPROFENO,N/A,matched,100.0,NO,7289.47,0.000994,EXITOSO
run_20260726_084433_08a1a2bb,6,adriana_119,adriana,DIFICIL,RELEVANTE,False,278.1,10.96,0.000785,100.0,30.77,TENEMOS DIECIOCHO PLATOS BLANCOS CUADRADOS TRES CALDEROS RECORD Y SEIS CINTAS DE SELLAMIENTO,tenemos 18 platos blancos cuadrados 3 calderos récord y 6 cintas de,5248.55,HIGH_DISCREPANCY,67.0,0.0,0.0,0.0,116,65,5.6e-05,3.19,PLATOS BLANCOS CUADRADOS,N/A,matched,100.0,NO,5530.09,0.000841,EXITOSO
run_20260726_084433_08a1a2bb,6,adriana_120,adriana,DIFICIL,RELEVANTE,False,262.76,14.13,0.001013,100.0,26.67,ANOTA CINCO CAJAS DE IBUPROFENO VEINTE CAZUELAS DE DIECISEIS ONZAS Y OCHO PLATOS BLANCOS CUADRADOS,anota 5 cajas de ibuprofeno 20 cazuelas de 16 onzas y 8 platos blancos cuadrados,5692.3,EXACT_CONSENSUS,100.0,0.0,0.0,0.0,125,65,5.8e-05,3.34,IBUPROFENO,N/A,matched,100.0,NO,5958.62,0.001071,EXITOSO
run_20260726_084433_08a1a2bb,6,adriana_121,adriana,DIFICIL,RELEVANTE,False,247.04,12.21,0.000875,100.0,23.08,REGISTRA DOS CALDEROS RECORD QUINCE PLATOS BLANCOS CUADRADOS Y DIEZ CINTAS DE SELLAMIENTO,registra 2 calderos récord 15 platos blancos cuadrados y 10 cintas de sellamiento,3250.23,EXACT_CONSENSUS,100.0,0.0,0.0,0.0,119,65,5.7e-05,2.66,CALDEROS,N/A,matched,100.0,NO,3500.17,0.000932,EXITOSO
run_20260726_084433_08a1a2bb,6,adriana_122,adriana,DIFICIL,RELEVANTE,False,279.68,12.69,0.000909,100.0,40.0,HAY NUEVE CAZUELAS DE DIECISEIS ONZAS SIETE CAJAS DE IBUPROFENO Y DOCE PLATOS BLANCOS CUADRADOS,este rompecabezas hay 9 cazuelas de 16 onzas 7 cajas de ibuprofeno y 12 platos blancos cuadrados,6491.17,EXACT_CONSENSUS,100.0,0.0,0.0,0.0,131,65,5.9e-05,3.14,CAZUELAS DE 16 ONZAS,N/A,matched,100.0,NO,6774.25,0.000968,EXITOSO
run_20260726_084433_08a1a2bb,6,adriana_123,adriana,DIFICIL,RELEVANTE,False,284.29,10.39,0.000745,100.0,23.08,ANOTA CUATRO PLATOS BLANCOS CUADRADOS CUATRO CALDEROS RECORD Y CATORCE CINTAS DE SELLAMIENTO,anota 4 platos blancos cuadrados 4 calderos récord y 14 cintas de sellamiento,5938.31,EXACT_CONSENSUS,100.0,0.0,0.0,0.0,119,65,5.7e-05,2.89,PLATOS BLANCOS CUADRADOS,N/A,matched,100.0,NO,6225.72,0.000802,EXITOSO
run_20260726_084433_08a1a2bb,6,adriana_124,adriana,DIFICIL,RELEVANTE,False,250.4,10.87,0.000779,100.0,26.67,REGISTRA OCHO CAJAS DE IBUPROFENO DIEZ PLATOS BLANCOS CUADRADOS Y TRES CAZUELAS DE DIECISEIS ONZAS,registra 8 cajas de ibuprofeno 10 platos blancos cuadrados y 3 cazuelas de 16 onzas,2830.09,EXACT_CONSENSUS,100.0,0.0,0.0,0.0,125,65,5.8e-05,3.71,IBUPROFENO,N/A,matched,100.0,NO,3084.49,0.000837,EXITOSO
run_20260726_084433_08a1a2bb,6,adriana_125,adriana,DIFICIL,RELEVANTE,False,171.47,11.16,0.0008,100.0,23.08,TENEMOS SEIS CALDEROS RECORD DIECIOCHO PLATOS BLANCOS CUADRADOS Y CINCO CINTAS DE SELLAMIENTO,tenemos 6 calderos récord 18 platos blancos cuadrados y 5 cintas de sellamiento,5611.31,EXACT_CONSENSUS,100.0,0.0,0.0,0.0,119,65,5.7e-05,3.26,CALDEROS RÉCORD,N/A,matched,100.0,NO,5786.34,0.000857,EXITOSO
run_20260726_084433_08a1a2bb,6,adriana_126,adriana,DIFICIL,RELEVANTE,False,1306.89,13.46,0.000965,100.0,33.33,HAY DIEZ CAJAS DE IBUPROFENO CUATRO PLATOS BLANCOS CUADRADOS Y SEIS CAZUELAS DE DIECISEIS ONZAS,hay 10 cajas ibuprofeno 4 platos blancos cuadrados y 6 cazuelas de 16 onzas,3544.46,EXACT_CONSENSUS,100.0,0.0,0.0,0.0,122,65,5.7e-05,2.43,IBUPROFENO,N/A,matched,100.0,NO,4854.06,0.001022,EXITOSO
run_20260726_084433_08a1a2bb,6,adriana_127,adriana,DIFICIL,RELEVANTE,False,572.33,10.29,0.000737,100.0,23.08,ANOTA OCHO CALDEROS RECORD QUINCE CINTAS DE SELLAMIENTO Y TRECE PLATOS BLANCOS CUADRADOS,anota 8 calderos récord 15 cintas de sellamiento y 13 platos blancos cuadrados,3155.8,EXACT_CONSENSUS,100.0,0.0,0.0,0.0,119,65,5.7e-05,2.83,CALDEROS RÉCORD,N/A,matched,100.0,NO,3731.22,0.000794,EXITOSO
run_20260726_084433_08a1a2bb,6,adriana_128,adriana,DIFICIL,RELEVANTE,False,286.48,12.02,0.000861,100.0,26.67,REGISTRA CINCO CAJAS DE IBUPROFENO DOCE PLATOS BLANCOS CUADRADOS Y SIETE CAZUELAS DE DIECISEIS ONZAS,registra 5 cajas de ibuprofeno 12 platos blancos cuadrados y 7 cazuelas de 16 onzas,7516.42,EXACT_CONSENSUS,100.0,0.0,0.0,0.0,125,65,5.8e-05,2.19,IBUPROFENO,N/A,matched,100.0,NO,7805.32,0.000919,EXITOSO
run_20260726_084433_08a1a2bb,6,adriana_129,adriana,DIFICIL,RELEVANTE,False,295.23,13.56,0.000972,100.0,40.0,ANOTA SEIS CAJAS DE IBUPROFENO CINCO CAZUELAS DE DIECISEIS ONZAS Y VEINTE PLATOS BLANCOS CUADRADOS,aprovechen casera anota 6 cajas de ibuprofeno 5 cazuelas de 16 onzas y 20 platos blancos cuadrados,2895.37,EXACT_CONSENSUS,100.0,0.0,0.0,0.0,131,65,5.9e-05,3.07,IBUPROFENO,N/A,matched,100.0,NO,3194.02,0.001031,EXITOSO
run_20260726_084433_08a1a2bb,6,adriana_130,adriana,DIFICIL,RELEVANTE,False,464.75,19.6,0.001405,100.0,10.34,QUE CALOR HACE HOY SUBELE UN POQUITO AL VOLUMEN PORQUE CASI NO ESCUCHO BUENO REGISTRA 15 CAJAS DE TONER PARA IMPRESORA 8 PAQUETES DE HOJAS A4 Y 12 CALCULADORAS,qué calor hace hoy súbele un poquito el volumen porque casi no escucho bueno registra 15 cajas de tóner para impresora 8 paquetes de hojas a 4 y 12 calculadoras,3642.12,EXACT_CONSENSUS,100.0,0.0,0.0,0.0,170,65,6.4e-05,3.13,TÓNER PARA IMPRESORA,N/A,matched,100.0,NO,4110.56,0.001469,EXITOSO
run_20260726_084433_08a1a2bb,6,adriana_131,adriana,DIFICIL,RELEVANTE,False,366.34,22.48,0.001611,100.0,3.12,OIGA SI VIO EL PARTIDO ANOCHE ESPERE QUE ESTA PASANDO MUCHA GENTE BUENO CONTINUE NO ESPERE SI SON 42 CAJAS DE MARCADORES 16 RESMAS DE PAPEL OFICIO Y 8 CAJAS DE ARCHIVADORES,oiga sí vio el partido anoche espere que está pasando mucha gente bueno continúe no espere sí son 42 cajas de marcadores 16 reglas de papel oficio y 8 cajas de archivadores,6766.39,EXACT_CONSENSUS,100.0,0.0,0.0,0.0,176,65,6.5e-05,2.11,MARCADORES,N/A,matched,100.0,NO,7135.18,0.001676,EXITOSO
run_20260726_084433_08a1a2bb,6,adriana_132,adriana,DIFICIL,RELEVANTE,False,323.74,25.08,0.001797,100.0,0.0,AYER ME DIJERON QUE YA HABIAN CONTADO ESTA BODEGA PERO MEJOR CONFIRMEMOS EN COCINA PRINCIPAL SUMINISTROS ENCONTRAMOS 55 KILOS DE ARROZ NO PERDON 65 KILOS DE ARROZ ADEMAS 20 LITROS DE ACEITE Y 18 KILOS DE AZUCAR,ayer me dijeron que ya habían contado esta bodega pero mejor confirmemos en cocina principal suministros encontramos 55 kilos de arroz no perdón 65 kilos de arroz además 20 litros de aceite y 18 kilos de azúcar,4657.37,EXACT_CONSENSUS,100.0,0.0,0.0,0.0,191,65,6.8e-05,3.56,ARROZ,N/A,matched,100.0,NO,4985.17,0.001865,EXITOSO
run_20260726_084433_08a1a2bb,6,adriana_133,adriana,DIFICIL,RELEVANTE,False,847.9,16.82,0.001205,100.0,0.0,ESPERE QUE ACABA DE PASAR UN CARRO Y NO ESCUCHE NADA LISTO HAY 20 CAJAS DE TAPABOCAS 14 LITROS DE ALCOHOL Y 35 CAJAS DE GUANTES DE NITRILO,espere que acaba de pasar un carro y no escuché nada listo hay 20 cajas de tapabocas 14 litros de alcohol y 35 cajas de guantes de nitrilo,5805.65,EXACT_CONSENSUS,100.0,0.0,0.0,0.0,164,65,6.4e-05,2.95,TAPABOCAS,N/A,matched,100.0,NO,6656.84,0.001269,EXITOSO
run_20260726_084433_08a1a2bb,6,daniel_1,daniel,FACIL,RELEVANTE,False,255.35,6.2,0.000444,100.0,0.0,350 KILOS DE ACELGA,350 kilos de acelga,3011.4,EXACT_CONSENSUS,100.0,0.0,0.0,0.0,100,35,3.6e-05,2.87,ACELGA,N/A,matched,100.0,NO,3269.8,0.00048,EXITOSO
run_20260726_084433_08a1a2bb,6,daniel_2,daniel,FACIL,RELEVANTE,False,742.3,4.38,0.000314,100.0,0.0,600 KILOS DE CALABACIN,600 kilos de calabacín,5204.07,EXACT_CONSENSUS,100.0,0.0,0.0,0.0,100,35,3.6e-05,1.99,CALABACÍN,N/A,matched,100.0,NO,5948.53,0.00035,EXITOSO
run_20260726_084433_08a1a2bb,6,daniel_3,daniel,FACIL,RELEVANTE,False,256.22,5.35,0.000383,100.0,0.0,400 KILOS DE KIWI,400 kilos de kiwi,2343.72,EXACT_CONSENSUS,100.0,0.0,0.0,0.0,100,35,3.6e-05,2.14,KIWI,N/A,matched,100.0,NO,2602.26,0.000419,EXITOSO
run_20260726_084433_08a1a2bb,6,daniel_4,daniel,FACIL,RELEVANTE,False,1435.64,8.25,0.000591,100.0,0.0,ALMOHADILLA PARA SELLO 600 UNIDADES,almohadilla para sello 600 unidades,2850.47,EXACT_CONSENSUS,100.0,0.0,0.0,0.0,100,35,3.6e-05,1.97,ALMOHADILLA PARA SELLO,N/A,matched,100.0,NO,4288.23,0.000627,EXITOSO
run_20260726_084433_08a1a2bb,6,daniel_5,daniel,FACIL,RELEVANTE,False,173.62,11.63,0.000833,100.0,0.0,AMBIENTADOR EN AEROSOL MARCA AROMA POR 600 UNIDADES,ambientador en aerosol marca aroma por 600 unidades,5938.87,EXACT_CONSENSUS,100.0,0.0,0.0,0.0,104,35,3.7e-05,2.15,AMBIENTADOR EN AEROSOL MARCA AROMA,N/A,matched,100.0,NO,6114.79,0.00087,EXITOSO
run_20260726_084433_08a1a2bb,6,daniel_6,daniel,FACIL,RELEVANTE,False,275.62,11.87,0.000851,100.0,0.0,BANDEJA PLASTICA POR 9320 UNIDADES,bandeja plástica por 9320 unidades,2467.92,EXACT_CONSENSUS,100.0,0.0,0.0,0.0,100,35,3.6e-05,2.44,BANDEJA PLÁSTICA,N/A,matched,100.0,NO,2746.16,0.000887,EXITOSO
run_20260726_084433_08a1a2bb,6,daniel_7,daniel,FACIL,RELEVANTE,False,287.65,9.21,0.00066,100.0,16.67,CAJA PARA PIZZA CARTON 4500 UNIDADES,caja para pizza de cartón 4500 unidades,3083.81,EXACT_CONSENSUS,100.0,0.0,0.0,0.0,101,35,3.6e-05,2.46,CAJA PARA PIZZA DE CARTÓN,N/A,matched,100.0,NO,3374.12,0.000696,EXITOSO
run_20260726_084433_08a1a2bb,6,daniel_8,daniel,FACIL,RELEVANTE,False,455.66,9.09,0.000651,100.0,14.29,CALDERO RECORD CON TAPA POR 800 UNIDADES,caldero ricor con tapa por 800 unidades,5139.98,EXACT_CONSENSUS,100.0,0.0,0.0,0.0,101,35,3.6e-05,2.48,CALDERO RICOR CON TAPA,N/A,matched,100.0,NO,5598.3,0.000687,EXITOSO
run_20260726_084433_08a1a2bb,6,daniel_9,daniel,FACIL,RELEVANTE,False,280.5,13.56,0.000972,100.0,0.0,BOWL POR 500 UNIDADES Y 7 CALCULADORAS MANUALES DE 12 DIGITOS,bowl por 500 unidades y 7 calculadoras manuales de 12 dígitos,5630.88,EXACT_CONSENSUS,100.0,0.0,0.0,0.0,113,50,4.7e-05,2.09,BOWL,N/A,matched,100.0,NO,5913.66,0.001019,EXITOSO
run_20260726_084433_08a1a2bb,6,daniel_10,daniel,FACIL,RELEVANTE,False,261.35,11.15,0.000799,100.0,0.0,AREPA PAISA POR 500 UNIDADES Y 750 KILOS DE ARANDANOS,arepa paisa por 500 unidades y 750 kilos de arándanos,7667.97,EXACT_CONSENSUS,100.0,0.0,0.0,0.0,110,50,4.6e-05,2.63,AREPA PAISA,N/A,matched,100.0,NO,7932.15,0.000845,EXITOSO
run_20260726_084433_08a1a2bb,6,daniel_11,daniel,MEDIO,RELEVANTE,False,558.96,20.93,0.0015,100.0,5.0,DON JAIME ENCONTRAMOS 750 KILOS DE ARVEJA AMARILLA TAMBIEN ENCONTRAMOS EN LA BODEGA 1 DOS KILOS DE CEBADA DE PERLA,don jaime encontramos 750 kilos de arveja amarilla también encontramos en la bodega 1 2 kilos de cebada de perla,4942.88,EXACT_CONSENSUS,100.0,0.0,0.0,0.0,140,50,5.1e-05,2.58,ARVEJA AMARILLA,N/A,matched,100.0,NO,5504.66,0.001551,EXITOSO
run_20260726_084433_08a1a2bb,6,daniel_12,daniel,MEDIO,RELEVANTE,False,1209.2,13.68,0.00098,100.0,6.67,BUENOS DIAS SENORA ISABEL SON 4 UNIDADES DE SODA BRETANA Y 8 UNIDADES DE BONYURT,buenos días señora isabel son 4 unidades de soda bretaña y 8 unidades de bonjour,4170.32,EXACT_CONSENSUS,100.0,0.0,0.0,0.0,125,50,4.9e-05,2.24,SODA BRETAÑA,N/A,matched,100.0,NO,5381.99,0.001029,EXITOSO
run_20260726_084433_08a1a2bb,6,daniel_13,daniel,MEDIO,RELEVANTE,False,286.0,13.68,0.00098,100.0,6.67,KAROL ANOTE AHI QUE SON 60 KILOS DE CEBOLLA ROJA Y 50000 UNIDADES DE STEVIA,carol anote ahí que son 60 kilos de cebolla roja y 50000 unidades de stevia,3768.9,EXACT_CONSENSUS,100.0,0.0,0.0,0.0,125,50,4.9e-05,2.79,CEBOLLA ROJA,N/A,matched,100.0,NO,4057.9,0.001029,EXITOSO
run_20260726_084433_08a1a2bb,6,daniel_14,daniel,MEDIO,RELEVANTE,False,287.59,19.84,0.001422,100.0,6.25,UFF VI LA MORCILLA Y ME ANTOJE SON 700 KILOS DE MORCILLA Y 400 DE CHORIZO,uf vi la morcilla y me antojé son 700 kilos de morcilla y 400 de chorizo,4563.73,EXACT_CONSENSUS,100.0,0.0,0.0,0.0,128,50,4.9e-05,2.67,MORCILLA,N/A,matched,100.0,NO,4854.3,0.001471,EXITOSO
run_20260726_084433_08a1a2bb,6,daniel_15,daniel,MEDIO,RELEVANTE,False,286.61,23.34,0.001673,100.0,9.52,QUE MAN TAN SALADO NACHOS NATURALES POR 200 UNIDADES 400 UNIDADES DE NATUCHIPS Y 150 KILOS DE PAPA A LA FRANCESA,qué mantan salado nachos naturales por 200 unidades 400 unidades de natuchips y 150 kilos de papa a la francesa,4685.43,EXACT_CONSENSUS,100.0,0.0,0.0,0.0,140,65,6e-05,1.95,NACHOS NATURALES,N/A,matched,100.0,NO,4974.39,0.001733,EXITOSO
run_20260726_084433_08a1a2bb,6,daniel_16,daniel,DIFICIL,RELEVANTE,False,310.47,30.95,0.002218,100.0,32.0,PARCE IMAGINESE QUE VI ESTO NATUCHIPS Y ME ACORDE DE ANOCHE AUDIO INAUDIBLE 400 UNIDADES DE NATUCHIP 400 UNIDADES DE PAPAS MARGARITAS Y 200 COCACOLAS,parce imagínese que vi esos natuchips y me acordé 400 unidades de natuchips 400 unidades de papas margaritas y 200 coca-colas,6012.96,EXACT_CONSENSUS,100.0,0.0,0.0,0.0,143,65,6e-05,1.91,NATUCHIPS,N/A,matched,100.0,NO,6325.65,0.002278,EXITOSO
run_20260726_084433_08a1a2bb,6,daniel_17,daniel,DIFICIL,RELEVANTE,False,334.29,36.99,0.002651,100.0,0.0,AY AQUI ESTOY YO EN EL MISMO LUGAR QUE TE CONOCI SIGO PENSANDO EN TU BOCA PARCE NO SE PONGA A CANTAR QUE ESTAMOS HACIENDO EL INVENTARIO DICTE AHI 800 KILOS DE AZUCAR MORENA 700 KILOS DE CAFE Y 80 UNIDADES DE HAMBURGUESA MIXTA,ay aquí estoy yo en el mismo lugar que te conocí sigo pensando en tu boca parce no se ponga a cantar que estamos haciendo el inventario dicte ahí 800 kilos de azúcar morena 700 kilos de café y 80 unidades de hamburguesa mixta,4047.29,EXACT_CONSENSUS,100.0,0.0,0.0,0.0,212,65,7.1e-05,1.96,AZÚCAR MORENA,N/A,matched,100.0,NO,4384.06,0.002722,EXITOSO
run_20260726_084433_08a1a2bb,6,daniel_18,daniel,DIFICIL,RELEVANTE,False,318.46,30.35,0.002175,100.0,0.0,Y SU MAMA COMO SIGUE TENEMOS RATO SIN HABLAR ESPERA YA LE RESPONDO VOY A REGISTRAR UNOS PRODUCTOS EN LA HERRAMIENTA 19 KILOS DE BERENJENA 190 KILOS DE CHORIZO Y 700 LITROS DE AGUARDIENTE NECTAR,y su mamá cómo sigue tenemos rato sin hablar espera ya le respondo voy a registrar unos productos en la herramienta 19 kilos de berenjena 190 kilos de chorizo y 700 litros de aguardiente néctar,5558.45,EXACT_CONSENSUS,100.0,0.0,0.0,0.0,185,65,6.7e-05,2.35,BERENJENA,N/A,matched,100.0,NO,5879.68,0.002242,EXITOSO
run_20260726_084433_08a1a2bb,6,daniel_19,daniel,DIFICIL,RELEVANTE,False,877.51,40.13,0.002876,100.0,9.76,ESTO DE HACER EL INVENTARIO ES MUY TEDIOSO QUE HAGO AQUI CONTANDO UNAS ALCACHOFAS BUENO PERO SIGAMOS QUE SI NO NO TERMINAMOS HOY ALCACHOFAS 500 KILOS 400 UNIDADES DE BOTELLONES DE AGUA 19 KILOS DE ACELGA Y 60 KILOS DE AJO,esto al ser el inventario es muy tedioso qué hago aquí contando unas alcachofas bueno pero sigamos que sino no terminamos hoy alcachofas 500 kilos 400 unidades de botellones de agua 19 kilos de acelga y 60 kilos de ajo,7351.32,EXACT_CONSENSUS,100.0,0.0,0.0,0.0,200,80,7.8e-05,1.81,ALCACHOFAS,N/A,matched,100.0,NO,8231.17,0.002954,EXITOSO
run_20260726_084433_08a1a2bb,6,daniel_20,daniel,FACIL,RELEVANTE,False,257.23,5.95,0.000426,100.0,0.0,50 KILOS DE PAPA PASTUSA,50 kilos de papa pastusa,2842.09,EXACT_CONSENSUS,100.0,0.0,0.0,0.0,100,35,3.6e-05,2.15,PAPA PASTUSA,N/A,matched,100.0,NO,3101.61,0.000462,EXITOSO
run_20260726_084433_08a1a2bb,6,daniel_21,daniel,FACIL,RELEVANTE,False,679.15,4.75,0.00034,100.0,0.0,120 LITROS DE ACEITE DE GIRASOL,120 litros de aceite de girasol,2229.12,EXACT_CONSENSUS,100.0,0.0,0.0,0.0,100,35,3.6e-05,1.81,ACEITE DE GIRASOL,N/A,matched,100.0,NO,2910.26,0.000376,EXITOSO
run_20260726_084433_08a1a2bb,6,daniel_22,daniel,FACIL,RELEVANTE,False,258.24,5.23,0.000375,100.0,0.0,30 PORCIONES DE CARNE DE RES,30 porciones de carne de res,2551.72,EXACT_CONSENSUS,100.0,0.0,0.0,0.0,100,35,3.6e-05,2.7,CARNE DE RES,N/A,matched,100.0,NO,2812.86,0.000411,EXITOSO
run_20260726_084433_08a1a2bb,6,daniel_23,daniel,FACIL,RELEVANTE,False,253.8,5.83,0.000418,100.0,40.0,200 UNIDADES DE HUEVOS FRESCOS,200 unidades de huevo fresco,2717.32,EXACT_CONSENSUS,100.0,0.0,0.0,0.0,100,35,3.6e-05,1.85,HUEVO FRESCO,N/A,matched,100.0,NO,2973.09,0.000454,EXITOSO
run_20260726_084433_08a1a2bb,6,daniel_24,daniel,FACIL,RELEVANTE,False,254.53,5.47,0.000392,100.0,0.0,80 KILOS DE MANZANA ROJA,80 kilos de manzana roja,2102.68,EXACT_CONSENSUS,100.0,0.0,0.0,0.0,100,35,3.6e-05,1.99,MANZANA ROJA,N/A,matched,100.0,NO,2359.38,0.000428,EXITOSO
run_20260726_084433_08a1a2bb,6,daniel_25,daniel,FACIL,RELEVANTE,False,269.21,5.83,0.000418,100.0,20.0,15 LITROS DE LECHE ENTERA,15 litros de lechuga entera,6692.1,EXACT_CONSENSUS,100.0,0.0,0.0,0.0,100,35,3.6e-05,2.21,LECHUGA ENTERA,N/A,matched,100.0,NO,6963.68,0.000454,EXITOSO
run_20260726_084433_08a1a2bb,6,daniel_26,daniel,FACIL,RELEVANTE,False,262.01,5.71,0.000409,100.0,25.0,40 KILOS DE ZANAHORIA,400 kilos de zanahoria,3169.49,EXACT_CONSENSUS,100.0,0.0,0.0,0.0,100,35,3.6e-05,3.12,ZANAHORIA,N/A,matched,100.0,NO,3434.83,0.000445,EXITOSO
run_20260726_084433_08a1a2bb,6,daniel_27,daniel,FACIL,RELEVANTE,False,267.92,6.32,0.000453,100.0,0.0,500 UNIDADES DE VASOS DESECHABLES,500 unidades de vasos desechables,2661.49,EXACT_CONSENSUS,100.0,0.0,0.0,0.0,100,35,3.6e-05,2.62,VASOS DESECHABLES,N/A,matched,100.0,NO,2932.2,0.000489,EXITOSO
run_20260726_084433_08a1a2bb,6,daniel_28,daniel,FACIL,RELEVANTE,False,265.26,6.92,0.000496,100.0,20.0,90 KILOS DE LIMON TAITI,90 kilos de limón tahití,2687.16,EXACT_CONSENSUS,100.0,0.0,0.0,0.0,100,35,3.6e-05,2.54,LIMÓN TAHITÍ,N/A,matched,100.0,NO,2955.18,0.000532,EXITOSO
run_20260726_084433_08a1a2bb,6,daniel_29,daniel,FACIL,RELEVANTE,False,258.11,6.56,0.00047,100.0,0.0,25 PORCIONES DE POLLO ASADO,25 porciones de pollo asado,2369.19,EXACT_CONSENSUS,100.0,0.0,0.0,0.0,100,35,3.6e-05,2.61,POLLO ASADO,N/A,matched,100.0,NO,2630.08,0.000506,EXITOSO
run_20260726_084433_08a1a2bb,6,daniel_30,daniel,FACIL,RELEVANTE,False,257.54,5.47,0.000392,100.0,0.0,300 KILOS DE ARROZ BLANCO,300 kilos de arroz blanco,5676.82,EXACT_CONSENSUS,100.0,0.0,0.0,0.0,100,35,3.6e-05,2.23,ARROZ BLANCO,N/A,matched,100.0,NO,5936.76,0.000428,EXITOSO
run_20260726_084433_08a1a2bb,6,daniel_31,daniel,FACIL,RELEVANTE,False,277.38,6.44,0.000462,100.0,0.0,150 LITROS DE JUGO DE NARANJA,150 litros de jugo de naranja,3441.73,EXACT_CONSENSUS,100.0,0.0,0.0,0.0,100,35,3.6e-05,2.86,JUGO DE NARANJA,N/A,matched,100.0,NO,3722.13,0.000498,EXITOSO
run_20260726_084433_08a1a2bb,6,daniel_32,daniel,FACIL,RELEVANTE,False,258.22,6.92,0.000496,100.0,20.0,60 UNIDADES DE PAN HAMBURGUESA,60 unidades de pan de hamburguesa,2924.63,EXACT_CONSENSUS,100.0,0.0,0.0,0.0,100,35,3.6e-05,2.45,PAN DE HAMBURGUESA,N/A,matched,100.0,NO,3185.48,0.000532,EXITOSO
run_20260726_084433_08a1a2bb,6,daniel_33,daniel,FACIL,RELEVANTE,False,246.03,5.23,0.000375,100.0,0.0,75 KILOS DE CEBOLLA CABEZONA,75 kilos de cebolla cabezona,2444.78,EXACT_CONSENSUS,100.0,0.0,0.0,0.0,100,35,3.6e-05,2.84,CEBOLLA CABEZONA,N/A,matched,100.0,NO,2693.83,0.000411,EXITOSO
run_20260726_084433_08a1a2bb,6,daniel_34,daniel,FACIL,RELEVANTE,False,266.79,7.4,0.00053,100.0,0.0,50 PORCIONES DE LASANA DE CARNE,50 porciones de lasaña de carne,2297.99,EXACT_CONSENSUS,100.0,0.0,0.0,0.0,100,35,3.6e-05,2.52,LASAÑA DE CARNE,N/A,matched,100.0,NO,2567.57,0.000566,EXITOSO
run_20260726_084433_08a1a2bb,6,daniel_35,daniel,FACIL,RELEVANTE,False,273.16,9.09,0.000651,100.0,0.0,100 KILOS DE TOMATE DE ARBOL,100 kilos de tomate de árbol,2907.82,EXACT_CONSENSUS,100.0,0.0,0.0,0.0,100,35,3.6e-05,2.31,TOMATE DE ÁRBOL,N/A,matched,100.0,NO,3183.48,0.000687,EXITOSO
run_20260726_084433_08a1a2bb,6,daniel_36,daniel,FACIL,RELEVANTE,False,523.63,6.56,0.00047,100.0,0.0,400 LITROS DE DETERGENTE LIQUIDO,400 litros de detergente líquido,4845.95,EXACT_CONSENSUS,100.0,0.0,0.0,0.0,100,35,3.6e-05,1.96,DETERGENTE LÍQUIDO,N/A,matched,100.0,NO,5371.69,0.000506,EXITOSO
run_20260726_084433_08a1a2bb,6,daniel_37,daniel,FACIL,RELEVANTE,False,271.84,6.68,0.000479,100.0,0.0,800 UNIDADES DE SERVILLETA DE PAPEL,800 unidades de servilleta de papel,2941.22,EXACT_CONSENSUS,100.0,0.0,0.0,0.0,100,35,3.6e-05,2.91,SERVILLETA DE PAPEL,N/A,matched,100.0,NO,3216.09,0.000515,EXITOSO
run_20260726_084433_08a1a2bb,6,daniel_38,daniel,FACIL,RELEVANTE,False,285.39,7.28,0.000522,100.0,0.0,35 KILOS DE QUESO CAMPESINO,35 kilos de queso campesino,3199.46,EXACT_CONSENSUS,100.0,0.0,0.0,0.0,100,35,3.6e-05,2.05,QUESO CAMPESINO,N/A,matched,100.0,NO,3487.24,0.000558,EXITOSO
run_20260726_084433_08a1a2bb,6,daniel_39,daniel,FACIL,RELEVANTE,False,468.07,5.95,0.000426,100.0,0.0,12 PORCIONES DE SALMON FRESCO,12 porciones de salmón fresco,2606.6,EXACT_CONSENSUS,100.0,0.0,0.0,0.0,100,35,3.6e-05,2.48,SALMÓN FRESCO,N/A,matched,100.0,NO,3077.3,0.000462,EXITOSO
run_20260726_084433_08a1a2bb,6,daniel_40,daniel,FACIL,RELEVANTE,False,730.13,8.37,0.0006,100.0,0.0,45 KILOS DE PAPAYA MARADOL,45 kilos de papaya maradol,2909.79,EXACT_CONSENSUS,100.0,0.0,0.0,0.0,100,35,3.6e-05,2.9,PAPAYA MARADOL,N/A,matched,100.0,NO,3642.98,0.000636,EXITOSO
run_20260726_084433_08a1a2bb,6,daniel_41,daniel,FACIL,RELEVANTE,False,257.54,6.92,0.000496,100.0,0.0,600 UNIDADES DE TENEDOR PLASTICO,600 unidades de tenedor plástico,2648.46,EXACT_CONSENSUS,100.0,0.0,0.0,0.0,100,35,3.6e-05,2.32,TENEDOR PLÁSTICO,N/A,matched,100.0,NO,2908.47,0.000532,EXITOSO
run_20260726_084433_08a1a2bb,6,daniel_42,daniel,FACIL,RELEVANTE,False,257.85,5.83,0.000418,100.0,0.0,200 KILOS DE HARINA DE TRIGO,200 kilos de harina de trigo,3545.94,EXACT_CONSENSUS,100.0,0.0,0.0,0.0,100,35,3.6e-05,2.2,HARINA DE TRIGO,N/A,matched,100.0,NO,3806.13,0.000454,EXITOSO
run_20260726_084433_08a1a2bb,6,daniel_43,daniel,FACIL,RELEVANTE,False,266.74,6.8,0.000487,100.0,0.0,85 LITROS DE AGUA EMBOTELLADA,85 litros de agua embotellada,2884.83,EXACT_CONSENSUS,100.0,0.0,0.0,0.0,100,35,3.6e-05,2.63,AGUA EMBOTELLADA,N/A,matched,100.0,NO,3154.33,0.000523,EXITOSO
run_20260726_084433_08a1a2bb,6,daniel_44,daniel,FACIL,RELEVANTE,False,303.73,6.32,0.000453,100.0,20.0,110 KILOS DE PLATANO VERDE,110 litros de plátano verde,6711.68,EXACT_CONSENSUS,100.0,0.0,0.0,0.0,100,35,3.6e-05,2.77,PLÁTANO VERDE,N/A,matched,100.0,NO,7018.4,0.000489,EXITOSO
run_20260726_084433_08a1a2bb,6,daniel_45,daniel,FACIL,RELEVANTE,False,273.79,6.68,0.000479,100.0,16.67,40 PORCIONES DE PUDIN DE CHOCOLATE,40 porciones de budín de chocolate,2690.59,EXACT_CONSENSUS,100.0,0.0,0.0,0.0,100,35,3.6e-05,2.34,BUDÍN DE CHOCOLATE,N/A,matched,100.0,NO,2966.95,0.000515,EXITOSO
run_20260726_084433_08a1a2bb,6,daniel_46,daniel,FACIL,RELEVANTE,False,170.28,6.92,0.000496,100.0,0.0,350 UNIDADES DE PLATOS DESECHABLES,350 unidades de platos desechables,2952.08,EXACT_CONSENSUS,100.0,0.0,0.0,0.0,100,35,3.6e-05,2.84,PLATOS DESECHABLES,N/A,matched,100.0,NO,3125.42,0.000532,EXITOSO
run_20260726_084433_08a1a2bb,6,daniel_47,daniel,FACIL,RELEVANTE,False,606.32,9.58,0.000687,100.0,0.0,800 KILOS DE GUAYABA Y 15 PORCIONES DE LOMO DE CERDO,800 kilos de guayaba y 15 porciones de lomo de cerdo,2834.2,EXACT_CONSENSUS,100.0,0.0,0.0,0.0,113,50,4.7e-05,2.35,GUAYABA,N/A,matched,100.0,NO,3443.02,0.000734,EXITOSO
run_20260726_084433_08a1a2bb,6,daniel_48,daniel,FACIL,RELEVANTE,False,168.91,6.8,0.000487,100.0,20.0,50 LITROS DE DESINFECTANTE MULTIUSOS,50 litros de desinfectante multiuso,2661.43,EXACT_CONSENSUS,100.0,0.0,0.0,0.0,100,35,3.6e-05,2.24,DESINFECTANTE MULTIUSO,N/A,matched,100.0,NO,2832.76,0.000523,EXITOSO
run_20260726_084433_08a1a2bb,6,daniel_49,daniel,FACIL,RELEVANTE,False,282.46,6.68,0.000479,100.0,0.0,18 PORCIONES DE PECHUGA A LA PLANCHA,18 porciones de pechuga a la plancha,3490.92,EXACT_CONSENSUS,100.0,0.0,0.0,0.0,101,35,3.6e-05,2.42,PECHUGA A LA PLANCHA,N/A,matched,100.0,NO,3775.95,0.000515,EXITOSO
run_20260726_084433_08a1a2bb,6,daniel_50,daniel,FACIL,RELEVANTE,False,181.72,11.27,0.000808,100.0,0.0,120 KILOS DE YUCA BLANCA Y 45 KILOS DE MARACUYA,120 kilos de yuca blanca y 45 kilos de maracuyá,2304.07,EXACT_CONSENSUS,100.0,0.0,0.0,0.0,110,50,4.6e-05,3.56,YUCA BLANCA,N/A,matched,100.0,NO,2489.68,0.000854,EXITOSO
run_20260726_084433_08a1a2bb,6,daniel_51,daniel,FACIL,RELEVANTE,False,168.22,8.37,0.0006,100.0,0.0,300 UNIDADES DE BOLSA PLASTICA Y 20 LITROS DE JABON LIQUIDO,300 unidades de bolsa plástica y 20 litros de jabón líquido,2561.1,EXACT_CONSENSUS,100.0,0.0,0.0,0.0,113,50,4.7e-05,2.18,BOLSA PLÁSTICA,N/A,matched,100.0,NO,2731.74,0.000647,EXITOSO
run_20260726_084433_08a1a2bb,6,daniel_52,daniel,FACIL,RELEVANTE,False,172.02,9.21,0.00066,100.0,0.0,80 KILOS DE GUAYABA Y 15 PORCIONES DE LOMO DE CERDO,80 kilos de guayaba y 15 porciones de lomo de cerdo,2062.12,EXACT_CONSENSUS,100.0,0.0,0.0,0.0,113,50,4.7e-05,3.06,GUAYABA,N/A,matched,100.0,NO,2237.43,0.000707,EXITOSO
run_20260726_084433_08a1a2bb,6,daniel_53,daniel,FACIL,RELEVANTE,False,287.89,11.03,0.00079,100.0,0.0,150 UNIDADES DE EMPAQUE PARA SUBSIDIO Y 90 KILOS DE MANGO,150 unidades de empaque para subsidio y 90 kilos de mango,4402.59,EXACT_CONSENSUS,100.0,0.0,0.0,0.0,113,50,4.7e-05,1.83,EMPAQUE PARA SUBSIDIO,N/A,matched,100.0,NO,4692.48,0.000837,EXITOSO
run_20260726_084433_08a1a2bb,6,daniel_54,daniel,FACIL,RELEVANTE,False,179.88,11.51,0.000825,100.0,0.0,400 UNIDADES DE CUCHILLO PLASTICO Y 60 LITROS DE LECHE DE SOYA,400 unidades de cuchillo plástico y 60 litros de leche de soya,2439.17,EXACT_CONSENSUS,100.0,0.0,0.0,0.0,116,50,4.7e-05,2.2,CUCHILLO PLÁSTICO,N/A,matched,100.0,NO,2621.45,0.000872,EXITOSO
run_20260726_084433_08a1a2bb,6,daniel_55,daniel,FACIL,RELEVANTE,False,178.45,13.44,0.000963,100.0,16.67,70 KILOS DE PINA ORO MIEL Y 250 UNIDADES DE GORRO DESECHABLE,70 kilos de pina oromiel y 250 unidades de gorro desechable,4924.42,EXACT_CONSENSUS,100.0,0.0,0.0,0.0,113,50,4.7e-05,2.45,PINA OROMIEL,N/A,matched,100.0,NO,5105.52,0.00101,EXITOSO
run_20260726_084433_08a1a2bb,6,daniel_56,daniel,FACIL,RELEVANTE,False,292.8,9.94,0.000712,100.0,0.0,95 KILOS DE BROCOLI Y 35 PORCIONES DE SOPA DE VERDURAS,95 kilos de brócoli y 35 porciones de sopa de verduras,2964.68,EXACT_CONSENSUS,100.0,0.0,0.0,0.0,113,50,4.7e-05,2.45,BRÓCOLI,N/A,matched,100.0,NO,3260.12,0.000759,EXITOSO
run_20260726_084433_08a1a2bb,6,daniel_57,daniel,FACIL,RELEVANTE,False,294.21,9.46,0.000678,100.0,0.0,500 UNIDADES DE TAPA PLASTICA Y 130 LITROS DE CLORO,500 unidades de tapa plástica y 130 litros de cloro,2520.66,EXACT_CONSENSUS,100.0,0.0,0.0,0.0,110,50,4.6e-05,2.07,TAPA PLÁSTICA,N/A,matched,100.0,NO,2817.14,0.000724,EXITOSO
run_20260726_084433_08a1a2bb,6,daniel_58,daniel,FACIL,RELEVANTE,False,270.95,8.85,0.000634,100.0,0.0,85 KILOS DE PERA VERDE Y 40 LITROS DE ACEITE DE OLIVA,85 kilos de pera verde y 40 litros de aceite de oliva,3014.2,EXACT_CONSENSUS,100.0,0.0,0.0,0.0,116,50,4.7e-05,2.63,PERA VERDE,N/A,matched,100.0,NO,3287.96,0.000681,EXITOSO
run_20260726_084433_08a1a2bb,6,daniel_59,daniel,FACIL,RELEVANTE,False,177.46,9.21,0.00066,100.0,0.0,220 UNIDADES DE CAJA DE CARTON Y 15 KILOS DE MANTEQUILLA,220 unidades de caja de cartón y 15 kilos de mantequilla,3575.98,EXACT_CONSENSUS,100.0,0.0,0.0,0.0,113,50,4.7e-05,2.44,CAJA DE CARTÓN,N/A,matched,100.0,NO,3756.06,0.000707,EXITOSO
run_20260726_084433_08a1a2bb,6,daniel_60,daniel,FACIL,RELEVANTE,False,254.52,6.8,0.000487,100.0,0.0,150 KILOS DE PAPA CRIOLLA,150 kilos de papa criolla,3263.36,EXACT_CONSENSUS,100.0,0.0,0.0,0.0,100,35,3.6e-05,2.18,PAPA CRIOLLA,N/A,matched,100.0,NO,3520.21,0.000523,EXITOSO
run_20260726_084433_08a1a2bb,6,daniel_61,daniel,FACIL,RELEVANTE,False,269.14,5.71,0.000409,100.0,0.0,80 LITROS DE VINAGRE BLANCO,80 litros de vinagre blanco,2783.54,EXACT_CONSENSUS,100.0,0.0,0.0,0.0,100,35,3.6e-05,2.62,VINAGRE BLANCO,N/A,matched,100.0,NO,3055.46,0.000445,EXITOSO
run_20260726_084433_08a1a2bb,6,daniel_62,daniel,FACIL,RELEVANTE,False,276.42,6.07,0.000435,100.0,0.0,400 UNIDADES DE MECHERO PARA VELA,400 unidades de mechero para vela,2869.13,EXACT_CONSENSUS,100.0,0.0,0.0,0.0,100,35,3.6e-05,2.55,MECHERO PARA VELA,N/A,matched,100.0,NO,3148.37,0.000471,EXITOSO
run_20260726_084433_08a1a2bb,6,daniel_63,daniel,FACIL,RELEVANTE,False,165.99,8.13,0.000583,100.0,0.0,90 KILOS DE DURAZNO EN ALMIBAR,90 kilos de durazno en almíbar,3004.58,EXACT_CONSENSUS,100.0,0.0,0.0,0.0,100,35,3.6e-05,2.21,DURAZNO EN ALMÍBAR,N/A,matched,100.0,NO,3173.04,0.000619,EXITOSO
run_20260726_084433_08a1a2bb,6,daniel_64,daniel,FACIL,RELEVANTE,False,165.03,5.47,0.000392,100.0,0.0,35 PORCIONES DE FILETE DE POLLO,35 porciones de filete de pollo,2845.58,EXACT_CONSENSUS,100.0,0.0,0.0,0.0,100,35,3.6e-05,2.0,FILETE DE POLLO,N/A,matched,100.0,NO,3012.79,0.000428,EXITOSO
run_20260726_084433_08a1a2bb,6,daniel_65,daniel,FACIL,RELEVANTE,False,318.01,8.01,0.000574,100.0,0.0,600 UNIDADES DE CAPUCHON DE PAPEL,600 unidades de capuchón de papel,2308.4,EXACT_CONSENSUS,100.0,0.0,0.0,0.0,100,35,3.6e-05,2.02,CAPUCHÓN DE PAPEL,N/A,matched,100.0,NO,2628.56,0.00061,EXITOSO
run_20260726_084433_08a1a2bb,6,daniel_66,daniel,FACIL,RELEVANTE,False,273.55,6.56,0.00047,100.0,0.0,110 KILOS DE AJO EN POLVO,110 kilos de ajo en polvo,2643.18,EXACT_CONSENSUS,100.0,0.0,0.0,0.0,100,35,3.6e-05,2.21,AJO EN POLVO,N/A,matched,100.0,NO,2919.12,0.000506,EXITOSO
run_20260726_084433_08a1a2bb,6,daniel_67,daniel,FACIL,RELEVANTE,False,264.7,6.8,0.000487,100.0,0.0,75 LITROS DE JUGO DE MARACUYA,75 litros de jugo de maracuyá,5860.24,EXACT_CONSENSUS,100.0,0.0,0.0,0.0,100,35,3.6e-05,2.41,JUGO DE MARACUYÁ,N/A,matched,100.0,NO,6127.58,0.000523,EXITOSO
run_20260726_084433_08a1a2bb,6,daniel_68,daniel,FACIL,RELEVANTE,False,266.81,6.32,0.000453,100.0,0.0,50 PORCIONES DE CARNE MOLIDA,50 porciones de carne molida,3115.18,EXACT_CONSENSUS,100.0,0.0,0.0,0.0,100,35,3.6e-05,2.55,CARNE MOLIDA,N/A,matched,100.0,NO,3384.74,0.000489,EXITOSO
run_20260726_084433_08a1a2bb,6,daniel_70,daniel,MEDIO,RELEVANTE,False,190.56,16.82,0.001205,100.0,4.55,HOLA BUENAS TARDES PARA INFORMAR QUE EN EL ESTANTE TRES TENEMOS 45 KILOS DE AVENA EN HOJUELAS Y 20 LITROS DE MIEL,hola buenas tardes para informar que en el estante 3 tenemos 45 kilos de avena en hojuelas y 20 litros de miel,4391.25,EXACT_CONSENSUS,100.0,0.0,0.0,0.0,146,50,5.2e-05,2.15,AVENA EN HOJUELAS,N/A,matched,100.0,NO,4584.23,0.001257,EXITOSO
run_20260726_084433_08a1a2bb,6,daniel_71,daniel,MEDIO,RELEVANTE,False,200.7,13.32,0.000955,100.0,0.0,DON MARIO REVISANDO EL CONGELADOR HAY 80 PORCIONES DE PESCADO Y 120 KILOS DE ESPINACA,don mario revisando el congelador hay 80 porciones de pescado y 120 kilos de espinaca,4375.49,EXACT_CONSENSUS,100.0,0.0,0.0,0.0,125,50,4.9e-05,2.03,PESCADO,N/A,matched,100.0,NO,4578.41,0.001004,EXITOSO
run_20260726_084433_08a1a2bb,6,daniel_72,daniel,MEDIO,RELEVANTE,False,282.72,17.3,0.00124,100.0,6.25,OIGA MARGARITA ANOTE POR FAVOR SON 300 UNIDADES DE EMPAQUE TERMOFORMADO Y 15 KILOS DE CANELA,oiga margarita anote por favor son 300 unidades de empaque terraformado y 15 kilos de canela,5483.88,EXACT_CONSENSUS,100.0,0.0,0.0,0.0,128,50,4.9e-05,2.03,EMPAQUE TERRAFORMADO,N/A,matched,100.0,NO,5768.86,0.001289,EXITOSO
run_20260726_084433_08a1a2bb,6,daniel_73,daniel,MEDIO,RELEVANTE,False,443.64,17.06,0.001223,100.0,0.0,HOLA CARLOS COMO VAS MIRA AQUI REVISANDO LA BODEGA PRINCIPAL HAY 90 KILOS DE LENTEJA Y 200 LITROS DE VINAGRE,hola carlos cómo vas mira aquí revisando la bodega principal hay 90 kilos de lenteja y 200 litros de vinagre,5792.99,EXACT_CONSENSUS,100.0,0.0,0.0,0.0,140,50,5.1e-05,1.95,LENTEJA,N/A,matched,100.0,NO,6238.85,0.001274,EXITOSO
run_20260726_084433_08a1a2bb,6,daniel_74,daniel,MEDIO,RELEVANTE,False,292.17,14.41,0.001033,100.0,6.25,BUENAS NOCHES EQUIPO CONFIRMO RECEPCION DE 150 UNIDADES DE BANDEJA ICOPOR Y 60 KILOS DE GUISANTES,buenas noches equipo confirmo recepción de 150 unidades de bandeja de icopor y 60 kilos de guisantes,3065.75,EXACT_CONSENSUS,100.0,0.0,0.0,0.0,131,50,5e-05,2.83,BANDEJA DE ICOPOR,N/A,matched,100.0,NO,3360.97,0.001083,EXITOSO
run_20260726_084433_08a1a2bb,6,daniel_75,daniel,MEDIO,RELEVANTE,False,278.89,14.16,0.001015,100.0,0.0,HOLA JEFE YA LLEGARON LOS INSUMOS SON 500 UNIDADES DE PALILLOS DE DIENTES Y 30 LITROS DE SALSA DE TOMATE,hola jefe ya llegaron los insumos son 500 unidades de palillos de dientes y 30 litros de salsa de tomate,3319.96,EXACT_CONSENSUS,100.0,0.0,0.0,0.0,140,50,5.1e-05,1.85,PALILLOS DE DIENTES,N/A,matched,100.0,NO,3600.96,0.001066,EXITOSO
run_20260726_084433_08a1a2bb,6,daniel_76,daniel,MEDIO,RELEVANTE,False,280.39,16.34,0.001171,100.0,0.0,DON ALBERTO REVISE EL SECTOR B Y TENEMOS 70 PORCIONES DE PECHUGA Y 40 KILOS DE LIMA,don alberto revisé el sector b y tenemos 70 porciones de pechuga y 40 kilos de lima,3370.37,EXACT_CONSENSUS,100.0,0.0,0.0,0.0,131,50,5e-05,1.85,PECHUGA,N/A,matched,100.0,NO,3652.81,0.001221,EXITOSO
run_20260726_084433_08a1a2bb,6,daniel_77,daniel,MEDIO,RELEVANTE,False,299.64,23.46,0.001681,100.0,10.0,QUE MAS PUES HERMANO AQUI REPORTANDO EN LA LISTA VAN 250 UNIDADES DE CAPUCHON PLASTICO Y 85 KILOS DE GARBANZO,qué más puede ser hermano aquí reportando en la lista van 250 unidades de capuchón plástico y 85 kilos de garbanzo,4538.16,EXACT_CONSENSUS,100.0,0.0,0.0,0.0,143,50,5.1e-05,1.89,CAPUCHÓN PLÁSTICO,N/A,matched,100.0,NO,4839.9,0.001732,EXITOSO
run_20260726_084433_08a1a2bb,6,daniel_78,daniel,MEDIO,RELEVANTE,False,179.02,12.23,0.000876,100.0,0.0,NIDIA CONFIRMA SI LLEGARON 100 LITROS DE CREMA DE LECHE Y 40 KILOS DE MANI SALADO,nidia confirma si llegaron 100 litros de crema de leche y 40 kilos de maní salado,3988.74,EXACT_CONSENSUS,100.0,0.0,0.0,0.0,128,50,4.9e-05,3.63,CREMA DE LECHE,N/A,matched,100.0,NO,4171.63,0.000925,EXITOSO
run_20260726_084433_08a1a2bb,6,daniel_79,daniel,MEDIO,RELEVANTE,False,184.12,16.94,0.001214,100.0,0.0,BUENOS DIAS ALMACEN DICTO CONTEO RAPIDO 60 PORCIONES DE ARROZ CON POLLO Y 18 KILOS DE OREGANO,buenos días almacén dicto conteo rápido 60 porciones de arroz con pollo y 18 kilos de orégano,3010.75,EXACT_CONSENSUS,100.0,0.0,0.0,0.0,131,50,5e-05,1.98,ARROZ CON POLLO,N/A,matched,100.0,NO,3197.03,0.001264,EXITOSO
run_20260726_084433_08a1a2bb,6,daniel_80,daniel,MEDIO,RELEVANTE,False,286.07,21.29,0.001526,100.0,0.0,HOLA A TODOS ESPERO ESTEN BIEN REVISANDO HOY SE INGRESAN 500 UNIDADES DE POPOTE BIO Y 75 LITROS DE DESINFECTANTE,hola a todos espero estén bien revisando hoy se ingresan 500 unidades de popote bio y 75 litros de desinfectante,3192.25,EXACT_CONSENSUS,100.0,0.0,0.0,0.0,140,50,5.1e-05,2.25,POPOTE BIO,N/A,matched,100.0,NO,3480.81,0.001577,EXITOSO
run_20260726_084433_08a1a2bb,6,daniel_81,daniel,MEDIO,RELEVANTE,False,191.43,17.18,0.001231,100.0,5.88,SENOR LUCHO ME DICE SI COPIO 35 KILOS DE UVA PASA Y 120 PORCIONES DE PASTA BOLOGNESA,señor lucho me dice si copió 35 kilos de uva pasa y 120 porciones de pasta boloñesa,4284.68,EXACT_CONSENSUS,100.0,0.0,0.0,0.0,131,50,5e-05,2.5,UVA PASA,N/A,matched,100.0,NO,4478.85,0.001281,EXITOSO
run_20260726_084433_08a1a2bb,6,daniel_82,daniel,MEDIO,RELEVANTE,False,278.88,16.94,0.001214,100.0,0.0,CHICOS REVISEN LA SECCION DE ASEO HAY 90 LITROS DE JABON MULTIUSOS Y 400 UNIDADES DE ESPONJA,chicos revisen la sección de aseo hay 90 litros de jabón multiusos y 400 unidades de esponja,2283.36,EXACT_CONSENSUS,100.0,0.0,0.0,0.0,131,50,5e-05,1.89,JABÓN MULTIUSOS,N/A,matched,100.0,NO,2564.33,0.001264,EXITOSO
run_20260726_084433_08a1a2bb,6,daniel_83,daniel,MEDIO,RELEVANTE,False,290.7,17.43,0.001249,100.0,6.25,HOLA LINA DICTO INVENTARIO DE REFRIGERADOR 65 KILOS DE QUESO MOZZARELLA Y 25 LITROS DE YOGURT,hola lina dicto inventario de refrigerador 65 kilos de queso mozzarella y 25 litros de yogur,5369.54,EXACT_CONSENSUS,100.0,0.0,0.0,0.0,128,50,4.9e-05,2.36,QUESO MOZZARELLA,N/A,matched,100.0,NO,5662.81,0.001298,EXITOSO
run_20260726_084433_08a1a2bb,6,daniel_84,daniel,MEDIO,RELEVANTE,False,283.8,17.55,0.001258,100.0,0.0,DON ROBERTO BUENAS TARDES TENEMOS EN STOCK 180 UNIDADES DE ENVASE ALUMINIO Y 50 KILOS DE AVENA,don roberto buenas tardes tenemos en stock 180 unidades de envase aluminio y 50 kilos de avena,2558.73,EXACT_CONSENSUS,100.0,0.0,0.0,0.0,131,50,5e-05,2.03,ENVASE ALUMINIO,N/A,matched,100.0,NO,2844.93,0.001308,EXITOSO
run_20260726_084433_08a1a2bb,6,daniel_85,daniel,MEDIO,OMITIR,True,182.08,13.08,0.000937,0.0,0.0,HOLA AMIGOS COMO ESTAN HACE MUCHO CALOR HOY PERO SEGUIMOS CON EL CONTEO,hola amigos cómo están hace mucho calor hoy pero seguimos con el conteo,6062.99,EXACT_CONSENSUS,100.0,100.0,100.0,100.0,119,30,3.6e-05,0.0,N/A,N/A,OMITIDO,0.0,NO,6245.15,0.000973,EXITOSO
run_20260726_084433_08a1a2bb,6,daniel_86,daniel,MEDIO,OMITIR,True,297.64,12.72,0.000912,0.0,0.0,DON PEDRO ME ESCUCHA BUENOS DIAS SOLO QUERIA SALUDAR Y SABER A QUE HORA LLEGA EL CAMION,don pedro me escucha buenos días solo quería saludar y saber a qué hora llega el camión,6476.03,EXACT_CONSENSUS,100.0,100.0,100.0,100.0,131,30,3.8e-05,0.0,N/A,N/A,OMITIDO,0.0,NO,6773.81,0.00095,EXITOSO
run_20260726_084433_08a1a2bb,6,daniel_88,daniel,MEDIO,RELEVANTE,False,190.63,16.22,0.001162,100.0,5.88,HOLA MARIA CONFIRMO QUE LLEGARON 300 UNIDADES DE BOLSA PAPEL KRAFT Y 40 KILOS DE COCO RALLADO,hola maría confirmo que llegaron 300 unidades de bolsa papel craft y 40 kilos de coco rallado,3365.76,EXACT_CONSENSUS,100.0,0.0,0.0,0.0,131,50,5e-05,2.86,BOLSA PAPEL CRAFT,N/A,matched,100.0,NO,3559.49,0.001212,EXITOSO
run_20260726_084433_08a1a2bb,6,daniel_89,daniel,MEDIO,RELEVANTE,False,178.29,13.44,0.000963,100.0,0.0,SALUDOS A TODOS REGISTRO 95 LITROS DE JUGO DE MORA Y 50 PORCIONES DE CARNE DESMECHADA,saludos a todos registro 95 litros de jugo de mora y 50 porciones de carne desmechada,3379.84,EXACT_CONSENSUS,100.0,0.0,0.0,0.0,128,50,4.9e-05,2.56,JUGO DE MORA,N/A,matched,100.0,NO,3560.86,0.001012,EXITOSO
run_20260726_084433_08a1a2bb,6,daniel_90,daniel,MEDIO,RELEVANTE,False,279.87,15.86,0.001137,100.0,5.56,OIGA ANDRES REVISE EL ESTANTE CUATRO HAY 40 KILOS DE AJONJOLI Y 12 LITROS DE ESENCIA DE VAINILLA,oiga andrés revise el estante 4 hay 40 kilos de ajonjolí y 12 litros de esencia de vainilla,4570.22,EXACT_CONSENSUS,100.0,0.0,0.0,0.0,134,50,5e-05,2.25,AJONJOLÍ,N/A,matched,100.0,NO,4852.71,0.001187,EXITOSO
run_20260726_084433_08a1a2bb,6,daniel_91,daniel,MEDIO,RELEVANTE,False,299.9,13.68,0.00098,100.0,6.67,BUENAS DIAS CONFIRMO QUE TENEMOS 220 UNIDADES DE VASO CARTON Y 70 KILOS DE CAMOTE,buenos días confirmo que tenemos 220 unidades de vaso cartón y 70 kilos de camote,3598.59,EXACT_CONSENSUS,100.0,0.0,0.0,0.0,125,50,4.9e-05,2.92,VASO CARTÓN,N/A,matched,100.0,NO,3901.6,0.001029,EXITOSO
run_20260726_084433_08a1a2bb,6,daniel_92,daniel,MEDIO,RELEVANTE,False,280.93,15.01,0.001076,100.0,0.0,DON FELIPE LE INFORMO QUE SE CONTARON 85 PORCIONES DE EMBUTIDO Y 30 LITROS DE SIROPE,don felipe le informo que se contaron 85 porciones de embutido y 30 litros de sirope,4853.11,EXACT_CONSENSUS,100.0,0.0,0.0,0.0,128,50,4.9e-05,2.68,EMBUTIDO,N/A,matched,100.0,NO,5136.96,0.001125,EXITOSO
run_20260726_084433_08a1a2bb,6,daniel_93,daniel,MEDIO,OMITIR,True,182.3,12.84,0.00092,0.0,0.0,CHICOS NO OLVIDEN QUE HOY HAY REUNION A LAS CUATRO DE LA TARDE EN LA SALA PRINCIPAL,chicos no olviden que hoy hay reunión a las 4 de la tarde en la sala principal,3980.21,EXACT_CONSENSUS,100.0,100.0,100.0,100.0,131,30,3.8e-05,0.0,N/A,N/A,OMITIDO,0.0,NO,4162.64,0.000958,EXITOSO
run_20260726_084433_08a1a2bb,6,daniel_94,daniel,MEDIO,RELEVANTE,False,297.43,17.79,0.001275,100.0,0.0,HOLA DIANA POR FAVOR ANOTA 400 UNIDADES DE MECHA PARA TRAPEADOR Y 50 LITROS DE CERA,hola diana por favor anota 400 unidades de mecha para trapeador y 50 litros de cera,4406.96,EXACT_CONSENSUS,100.0,0.0,0.0,0.0,128,50,4.9e-05,2.39,MECHA PARA TRAPEADOR,N/A,matched,100.0,NO,4706.97,0.001324,EXITOSO
run_20260726_084433_08a1a2bb,6,daniel_95,daniel,DIFICIL,RELEVANTE,False,608.81,24.19,0.001734,100.0,0.0,PARCE SE CAYO UNA CAJA ESPERA REVISO BUENO DICTE AHI 50 KILOS DE ATUN Y 300 UNIDADES DE LATA,parce se cayó una caja espera reviso bueno dicte ahí 50 kilos de atún y 300 unidades de lata,25617.34,EXACT_CONSENSUS,100.0,0.0,0.0,0.0,137,50,5.1e-05,258.28,ATÚN,N/A,matched,100.0,NO,26484.75,0.001785,EXITOSO
run_20260726_084433_08a1a2bb,6,daniel_96,daniel,DIFICIL,RELEVANTE,False,307.35,32.16,0.002305,100.0,5.26,QUE DIJO NO SE LE ESCUCHA BIEN AH YA DIJO 150 LITROS DE ACEITE Y 80 KILOS DE MAIZ,qué dijo que no se le escucha bien ah ya dijo 150 litros de aceite y 80 kilos de maíz,3766.63,EXACT_CONSENSUS,100.0,0.0,0.0,0.0,140,50,5.1e-05,2.81,ACEITE,N/A,matched,100.0,NO,4077.19,0.002356,EXITOSO
run_20260726_084433_08a1a2bb,6,daniel_98,daniel,DIFICIL,RELEVANTE,False,317.27,44.47,0.003187,100.0,0.0,ESPERA ESPERA QUE PASE EL CAMION BUENO 600 UNIDADES DE VASO TERMICO Y 20 KILOS DE CHOCOLATE,espera espera que pase el camión bueno 600 unidades de vaso térmico y 20 kilos de chocolate,3283.45,EXACT_CONSENSUS,100.0,0.0,0.0,0.0,131,50,5e-05,3.15,VASO TÉRMICO,N/A,matched,100.0,NO,3604.09,0.003237,EXITOSO
run_20260726_084433_08a1a2bb,6,daniel_99,daniel,DIFICIL,RELEVANTE,False,289.09,22.98,0.001647,100.0,4.35,PARCE TENGO UN HAMBRE TERRIBLE VAMOS A ALMORZAR YA CASI PERO PRIMERO DICTE 40 KILOS DE CAMARON Y 100 PORCIONES DE ARROZ CHAUFA,parce tengo un hambre terrible vamos a almorzar ya casi pero 1º dicte 40 kilos de camarón y 100 porciones de arroz chaufa,2842.28,EXACT_CONSENSUS,100.0,0.0,0.0,0.0,149,50,5.2e-05,2.38,CAMARÓN,N/A,matched,100.0,NO,3134.04,0.001699,EXITOSO
run_20260726_084433_08a1a2bb,6,daniel_100,daniel,DIFICIL,RELEVANTE,False,200.25,19.12,0.00137,100.0,0.0,OIGA APAGUE ESO NO SE OYE NADA A VER 35 LITROS DE SALSA DE SOYA Y 500 UNIDADES DE CAJAS,oiga apagué eso no se oye nada a ver 35 litros de salsa de soya y 500 unidades de cajas,6962.65,EXACT_CONSENSUS,100.0,0.0,0.0,0.0,140,50,5.1e-05,3.09,SALSA DE SOYA,N/A,matched,100.0,NO,7166.29,0.001421,EXITOSO
run_20260726_084433_08a1a2bb,6,daniel_101,daniel,DIFICIL,RELEVANTE,False,308.67,23.1,0.001656,100.0,3.57,CHISME DE PASILLO Y ENTONCES LE DIJO QUE NO Y ELLA SE FUE AJA BUENO ESPERA QUE ESTOY GRABANDO 120 KILOS DE YUCA Y 40 PORCIONES DE SANCOCHO,chisme de pasillo y entonces le dije que no y ella se fue ajá bueno espera que estoy grabando 120 kilos de yuca y 40 porciones de sancocho,4018.95,EXACT_CONSENSUS,100.0,0.0,0.0,0.0,164,50,5.5e-05,3.38,YUCA,N/A,matched,100.0,NO,4331.54,0.001711,EXITOSO
run_20260726_084433_08a1a2bb,6,daniel_102,daniel,DIFICIL,RELEVANTE,False,298.24,28.65,0.002053,100.0,6.25,ESPERA QUE PASE LA SIRENA LISTO ANOTA 70 KILOS DE MANGO Y 200 UNIDADES DE ETIQUETA,espera a que pase la sirena listo anota 70 kilos de mango y 200 unidades de etiqueta,5444.52,EXACT_CONSENSUS,100.0,0.0,0.0,0.0,131,50,5e-05,2.51,MANGO,N/A,matched,100.0,NO,5745.56,0.002103,EXITOSO
run_20260726_084433_08a1a2bb,6,daniel_104,daniel,DIFICIL,RELEVANTE,False,200.05,24.91,0.001785,100.0,0.0,OIGA DON JOSE SE LE OLVIDO EL CASCO ESPERA SE LO LLEVO YA VUELVO BUENO ANOTE AHI 450 UNIDADES DE PITILLO Y 60 KILOS DE LENTEJA,oiga don josé se le olvidó el casco espera se lo llevo ya vuelvo bueno anote ahí 450 unidades de pitillo y 60 kilos de lenteja,3795.18,EXACT_CONSENSUS,100.0,0.0,0.0,0.0,158,50,5.4e-05,2.28,PITILLO,N/A,matched,100.0,NO,3997.8,0.001839,EXITOSO
run_20260726_084433_08a1a2bb,6,daniel_105,daniel,DIFICIL,RELEVANTE,False,286.9,31.91,0.002287,100.0,56.52,RUIDO DE VENTILADOR FUERTE Y SUSURROS AL FONDO NO SE ENTIENDE CASI A VER 110 KILOS DE FRITO Y 30 PORCIONES DE ENSALADA,a ver 110 kilos de frito y 70 porciones de ensalada,2331.56,EXACT_CONSENSUS,100.0,0.0,0.0,0.0,113,50,4.7e-05,2.62,FRITO,N/A,matched,100.0,NO,2621.32,0.002334,EXITOSO
run_20260726_084433_08a1a2bb,6,daniel_108,daniel,DIFICIL,OMITIR,True,188.03,13.44,0.000963,0.0,0.0,PARCE ME DA UN CAFE POR FAVOR GRACIAS OIGA ESTOY HABLANDO CON EL MESERO NO CON LA GRABADORA,parce me da un café por favor gracias oiga estoy hablando con el mesero no con la grabadora,13682.08,EXACT_CONSENSUS,100.0,0.0,0.0,0.0,134,35,4.1e-05,260.46,CAFÉ,N/A,OMITIDO,0.0,NO,14130.68,0.001004,EXITOSO
run_20260726_084433_08a1a2bb,6,daniel_110,daniel,DIFICIL,OMITIR,True,546.74,14.04,0.001006,0.0,0.0,,,0.0,EXACT_CONSENSUS,100.0,100.0,100.0,100.0,100,30,3.3e-05,0.0,N/A,N/A,OMITIDO,0.0,NO,546.83,0.001039,EXITOSO
run_20260726_084433_08a1a2bb,6,daniel_111,daniel,DIFICIL,OMITIR,True,292.26,16.94,0.001214,0.0,0.0,QUE PASO AHI SE CAYO EL ESTANTE PARCE QUE DESASTRE,qué pasó ahí se cayó el estante parce qué desastre,6188.89,EXACT_CONSENSUS,100.0,100.0,100.0,100.0,110,30,3.4e-05,0.0,N/A,N/A,OMITIDO,0.0,NO,6481.26,0.001248,EXITOSO
run_20260726_084433_08a1a2bb,6,daniel_112,daniel,DIFICIL,OMITIR,True,188.68,18.39,0.001318,0.0,0.0,CUIDADO CON EL MONTACARGAS ESPERA FRENEN ESO,cuidado con el montacargas espera frena eso,6751.58,EXACT_CONSENSUS,100.0,100.0,100.0,100.0,101,30,3.3e-05,0.0,N/A,N/A,OMITIDO,0.0,NO,6940.42,0.001351,EXITOSO
run_20260726_084433_08a1a2bb,7,adriana_1,adriana,FACIL,RELEVANTE,False,949.91,6.74,0.000483,100.0,0.0,150 KILOS DE ARROZ,150 kilos de arroz,5980.02,EXACT_CONSENSUS,100.0,0.0,0.0,0.0,100,35,3.6e-05,3.32,ARROZ,N/A,matched,100.0,NO,6933.4,0.000519,EXITOSO
run_20260726_084433_08a1a2bb,7,adriana_2,adriana,FACIL,RELEVANTE,False,1139.83,7.8,0.000559,100.0,0.0,220 KILOS DE AZUCAR RUBIA,220 kilos de azúcar rubia,3779.99,EXACT_CONSENSUS,100.0,0.0,0.0,0.0,100,35,3.6e-05,4.36,AZÚCAR RUBIA,N/A,matched,100.0,NO,4924.4,0.000595,EXITOSO
run_20260726_084433_08a1a2bb,7,adriana_3,adriana,FACIL,RELEVANTE,False,1122.54,6.07,0.000435,100.0,0.0,75 LITROS DE ACEITE,75 litros de aceite,6373.47,EXACT_CONSENSUS,100.0,0.0,0.0,0.0,100,35,3.6e-05,2.59,ACEITE,N/A,matched,100.0,NO,7498.72,0.000471,EXITOSO
run_20260726_084433_08a1a2bb,7,adriana_4,adriana,FACIL,RELEVANTE,False,1048.8,6.84,0.00049,100.0,0.0,12 LITROS DE ACEITE DE AJONJOLI,12 litros de aceite de ajonjolí,3366.85,EXACT_CONSENSUS,100.0,0.0,0.0,0.0,100,35,3.6e-05,2.36,ACEITE DE AJONJOLÍ,N/A,matched,100.0,NO,4418.13,0.000526,EXITOSO
run_20260726_084433_08a1a2bb,7,adriana_5,adriana,FACIL,RELEVANTE,False,1148.12,6.07,0.000435,100.0,0.0,18 LITROS DE ACEITE DE OLIVA,18 litros de aceite de oliva,3908.82,EXACT_CONSENSUS,100.0,0.0,0.0,0.0,100,35,3.6e-05,2.35,ACEITE DE OLIVA,N/A,matched,100.0,NO,5059.45,0.000471,EXITOSO
run_20260726_084433_08a1a2bb,7,adriana_6,adriana,FACIL,RELEVANTE,False,1087.77,6.55,0.000469,100.0,0.0,35 UNIDADES DE ACEITE DE OLIVA EN SOBRES,35 unidades de aceite de oliva en sobres,3550.86,EXACT_CONSENSUS,100.0,0.0,0.0,0.0,104,35,3.7e-05,2.65,ACEITE DE OLIVA,N/A,matched,100.0,NO,4641.39,0.000506,EXITOSO
run_20260726_084433_08a1a2bb,7,adriana_7,adriana,FACIL,RELEVANTE,False,948.22,5.59,0.000401,100.0,0.0,22 KILOS DE ACHIOTE MOLIDO,22 kilos de achiote molido,3108.01,EXACT_CONSENSUS,100.0,0.0,0.0,0.0,100,35,3.6e-05,2.57,ACHIOTE MOLIDO,N/A,matched,100.0,NO,4059.08,0.000437,EXITOSO
run_20260726_084433_08a1a2bb,7,adriana_8,adriana,FACIL,RELEVANTE,False,950.67,6.36,0.000456,100.0,0.0,16 LITROS DE ADEREZO DE QUESO CHEDDAR,16 litros de aderezo de queso cheddar,3128.8,EXACT_CONSENSUS,100.0,0.0,0.0,0.0,101,35,3.6e-05,2.21,ADEREZO DE QUESO CHEDDAR,N/A,matched,100.0,NO,4081.85,0.000492,EXITOSO
run_20260726_084433_08a1a2bb,7,adriana_9,adriana,FACIL,RELEVANTE,False,298.1,7.41,0.000531,100.0,0.0,240 UNIDADES DE AGUA DE 280 MILILITROS,240 unidades de agua de 280 mililitros,3973.8,EXACT_CONSENSUS,100.0,0.0,0.0,0.0,101,35,3.6e-05,2.94,AGUA,N/A,matched,100.0,NO,4275.01,0.000567,EXITOSO
run_20260726_084433_08a1a2bb,7,adriana_10,adriana,FACIL,RELEVANTE,False,426.76,7.51,0.000538,100.0,0.0,520 UNIDADES DE AGUA EN BOTELLA,520 unidades de agua en botella,3078.84,EXACT_CONSENSUS,100.0,0.0,0.0,0.0,100,35,3.6e-05,3.5,AGUA EN BOTELLA,N/A,matched,100.0,NO,3509.29,0.000574,EXITOSO
run_20260726_084433_08a1a2bb,7,adriana_11,adriana,FACIL,RELEVANTE,False,529.89,8.37,0.0006,100.0,50.0,430 UNIDADES DE AGUA SABORIZADA H2O,430 unidades de agua saborizada h 2 o,3035.27,EXACT_CONSENSUS,100.0,0.0,0.0,0.0,104,35,3.7e-05,2.15,AGUA SABORIZADA H 2 O,N/A,matched,100.0,NO,3567.51,0.000637,EXITOSO
run_20260726_084433_08a1a2bb,7,adriana_12,adriana,FACIL,RELEVANTE,False,165.54,8.56,0.000613,100.0,16.67,680 UNIDADES DE AGUA WAIRA SABORIZADA,680 unidades de agua guaira saborizada,3437.09,EXACT_CONSENSUS,100.0,0.0,0.0,0.0,100,35,3.6e-05,2.35,AGUA GUAIRA SABORIZADA,N/A,matched,100.0,NO,3605.14,0.000649,EXITOSO
run_20260726_084433_08a1a2bb,7,adriana_13,adriana,FACIL,RELEVANTE,False,256.41,6.36,0.000456,100.0,0.0,15 LITROS DE AGUARDIENTE AMARILLO PIONERO,15 litros de aguardiente amarillo pionero,3178.55,EXACT_CONSENSUS,100.0,0.0,0.0,0.0,100,35,3.6e-05,2.76,AGUARDIENTE AMARILLO PIONERO,N/A,matched,100.0,NO,3437.97,0.000492,EXITOSO
run_20260726_084433_08a1a2bb,7,adriana_14,adriana,FACIL,RELEVANTE,False,171.15,5.97,0.000428,100.0,0.0,9 LITROS DE AGUARDIENTE ANTIOQUENO SIN AZUCAR,9 litros de aguardiente antioqueño sin azúcar,2479.18,EXACT_CONSENSUS,100.0,0.0,0.0,0.0,101,35,3.6e-05,3.02,AGUARDIENTE ANTIOQUEÑO SIN AZÚCAR,N/A,matched,100.0,NO,2653.56,0.000464,EXITOSO
run_20260726_084433_08a1a2bb,7,adriana_15,adriana,FACIL,RELEVANTE,False,268.84,6.74,0.000483,100.0,0.0,7 LITROS DE AGUARDIENTE ANTIOQUENO ROJO,7 litros de aguardiente antioqueño rojo,3350.03,EXACT_CONSENSUS,100.0,0.0,0.0,0.0,100,35,3.6e-05,2.32,AGUARDIENTE ANTIOQUEÑO ROJO,N/A,matched,100.0,NO,3621.37,0.000519,EXITOSO
run_20260726_084433_08a1a2bb,7,adriana_16,adriana,FACIL,RELEVANTE,False,261.21,6.45,0.000462,100.0,0.0,18 LITROS DE AGUARDIENTE NECTAR CLUB,18 litros de aguardiente néctar club,3215.91,EXACT_CONSENSUS,100.0,0.0,0.0,0.0,100,35,3.6e-05,1.84,AGUARDIENTE NÉCTAR CLUB,N/A,matched,100.0,NO,3479.08,0.000498,EXITOSO
run_20260726_084433_08a1a2bb,7,adriana_17,adriana,FACIL,RELEVANTE,False,158.39,4.82,0.000345,100.0,0.0,25 KILOS DE AJO,25 kilos de ajo,2886.92,EXACT_CONSENSUS,100.0,0.0,0.0,0.0,100,35,3.6e-05,2.83,AJO,N/A,matched,100.0,NO,3048.28,0.000381,EXITOSO
run_20260726_084433_08a1a2bb,7,adriana_18,adriana,FACIL,RELEVANTE,False,522.37,5.88,0.000421,100.0,0.0,6 KILOS DE AJO GRANULADO,6 kilos de ajo granulado,2039.23,EXACT_CONSENSUS,100.0,0.0,0.0,0.0,100,35,3.6e-05,2.33,AJO GRANULADO,N/A,matched,100.0,NO,2564.1,0.000457,EXITOSO
run_20260726_084433_08a1a2bb,7,adriana_19,adriana,FACIL,RELEVANTE,False,269.05,6.26,0.000449,100.0,0.0,14 KILOS DE AJONJOLI,14 kilos de ajonjolí,2881.71,EXACT_CONSENSUS,100.0,0.0,0.0,0.0,100,35,3.6e-05,2.24,AJONJOLÍ,N/A,matched,100.0,NO,3153.19,0.000485,EXITOSO
run_20260726_084433_08a1a2bb,7,adriana_20,adriana,FACIL,RELEVANTE,False,459.83,6.26,0.000449,100.0,0.0,45 KILOS DE ALAS DE POLLO,45 kilos de alas de pollo,2926.46,EXACT_CONSENSUS,100.0,0.0,0.0,0.0,100,35,3.6e-05,3.34,ALAS DE POLLO,N/A,matched,100.0,NO,3389.81,0.000485,EXITOSO
run_20260726_084433_08a1a2bb,7,adriana_21,adriana,FACIL,RELEVANTE,False,256.02,7.03,0.000504,100.0,0.0,28 KILOS DE ALAS DE POLLO BBQ,28 kilos de alas de pollo bbq,2958.71,EXACT_CONSENSUS,100.0,0.0,0.0,0.0,101,35,3.6e-05,3.92,ALAS DE POLLO BBQ,N/A,matched,100.0,NO,3218.83,0.00054,EXITOSO
run_20260726_084433_08a1a2bb,7,adriana_22,adriana,FACIL,RELEVANTE,False,533.94,4.63,0.000332,100.0,0.0,16 KILOS DE ALBACON,16 kilos de albacón,3057.71,EXACT_CONSENSUS,100.0,0.0,0.0,0.0,100,35,3.6e-05,3.01,ALBACÓN,N/A,matched,100.0,NO,3594.83,0.000368,EXITOSO
run_20260726_084433_08a1a2bb,7,adriana_23,adriana,FACIL,RELEVANTE,False,265.48,5.68,0.000407,100.0,0.0,12 KILOS DE ALCAPARRAS EN FRASCO,12 kilos de alcaparras en frasco,2879.06,EXACT_CONSENSUS,100.0,0.0,0.0,0.0,100,35,3.6e-05,2.94,ALCAPARRAS EN FRASCO,N/A,matched,100.0,NO,3147.62,0.000443,EXITOSO
run_20260726_084433_08a1a2bb,7,adriana_24,adriana,FACIL,RELEVANTE,False,258.62,4.53,0.000325,100.0,0.0,9 KILOS DE ALMENDRAS,9 kilos de almendras,4325.79,EXACT_CONSENSUS,100.0,0.0,0.0,0.0,100,35,3.6e-05,2.45,ALMENDRAS,N/A,matched,100.0,NO,4587.01,0.000361,EXITOSO
run_20260726_084433_08a1a2bb,7,adriana_25,adriana,FACIL,RELEVANTE,False,258.76,4.44,0.000318,100.0,0.0,18 KILOS DE APANADO,18 kilos de apanado,4570.19,EXACT_CONSENSUS,100.0,0.0,0.0,0.0,100,35,3.6e-05,2.91,APANADO,N/A,matched,100.0,NO,4832.04,0.000354,EXITOSO
run_20260726_084433_08a1a2bb,7,adriana_26,adriana,FACIL,RELEVANTE,False,455.25,7.7,0.000552,100.0,0.0,85 KILOS DE APIO,85 kilos de apio,2888.02,EXACT_CONSENSUS,100.0,0.0,0.0,0.0,100,35,3.6e-05,2.34,APIO,N/A,matched,100.0,NO,3345.75,0.000588,EXITOSO
run_20260726_084433_08a1a2bb,7,adriana_27,adriana,FACIL,RELEVANTE,False,280.21,4.34,0.000311,100.0,25.0,24 KILOS DE ARANDANOS,24 kilos de arándano,2986.76,EXACT_CONSENSUS,100.0,0.0,0.0,0.0,100,35,3.6e-05,2.13,ARÁNDANO,N/A,matched,100.0,NO,3269.3,0.000347,EXITOSO
run_20260726_084433_08a1a2bb,7,adriana_28,adriana,FACIL,RELEVANTE,False,253.11,5.68,0.000407,100.0,0.0,450 UNIDADES DE AREPA DE HUEVO,450 unidades de arepa de huevo,2766.29,EXACT_CONSENSUS,100.0,0.0,0.0,0.0,100,35,3.6e-05,1.9,AREPA DE HUEVO,N/A,matched,100.0,NO,3021.48,0.000443,EXITOSO
run_20260726_084433_08a1a2bb,7,adriana_29,adriana,FACIL,RELEVANTE,False,171.16,5.01,0.000359,100.0,0.0,380 UNIDADES DE AREPA DE QUESO,380 unidades de arepa de queso,2734.92,EXACT_CONSENSUS,100.0,0.0,0.0,0.0,100,35,3.6e-05,1.81,AREPA DE QUESO,N/A,matched,100.0,NO,2908.05,0.000395,EXITOSO
run_20260726_084433_08a1a2bb,7,adriana_30,adriana,FACIL,RELEVANTE,False,523.23,5.59,0.000401,100.0,0.0,650 UNIDADES DE AREPA PAISA,650 unidades de arepa paisa,3101.06,EXACT_CONSENSUS,100.0,0.0,0.0,0.0,100,35,3.6e-05,2.44,AREPA PAISA,N/A,matched,100.0,NO,3626.91,0.000437,EXITOSO
run_20260726_084433_08a1a2bb,7,adriana_31,adriana,FACIL,RELEVANTE,False,166.73,6.16,0.000441,100.0,0.0,120 UNIDADES DE AROMATICAS EN SOBRES,120 unidades de aromáticas en sobres,2680.17,EXACT_CONSENSUS,100.0,0.0,0.0,0.0,100,35,3.6e-05,2.21,AROMÁTICAS EN SOBRES,N/A,matched,100.0,NO,2849.29,0.000477,EXITOSO
run_20260726_084433_08a1a2bb,7,adriana_32,adriana,FACIL,RELEVANTE,False,279.13,4.82,0.000345,100.0,0.0,260 KILOS DE ARROZ,260 kilos de arroz,3583.55,EXACT_CONSENSUS,100.0,0.0,0.0,0.0,100,35,3.6e-05,2.8,ARROZ,N/A,matched,100.0,NO,3865.62,0.000381,EXITOSO
run_20260726_084433_08a1a2bb,7,adriana_33,adriana,FACIL,RELEVANTE,False,1690.17,5.88,0.000421,100.0,0.0,18 KILOS DE ARROZ BASMATI,18 kilos de arroz basmatí,2933.85,EXACT_CONSENSUS,100.0,0.0,0.0,0.0,100,35,3.6e-05,2.15,ARROZ BASMATÍ,N/A,matched,100.0,NO,4626.31,0.000457,EXITOSO
run_20260726_084433_08a1a2bb,7,adriana_34,adriana,FACIL,RELEVANTE,False,429.6,5.4,0.000387,100.0,0.0,420 KILOS DE ARROZ FEDERAL,420 kilos de arroz federal,2747.09,EXACT_CONSENSUS,100.0,0.0,0.0,0.0,100,35,3.6e-05,2.69,ARROZ FEDERAL,N/A,matched,100.0,NO,3179.54,0.000423,EXITOSO
run_20260726_084433_08a1a2bb,7,adriana_35,adriana,FACIL,RELEVANTE,False,1053.09,5.97,0.000428,100.0,0.0,38 KILOS DE ARVEJA AMARILLA,38 kilos de arveja amarilla,3062.33,EXACT_CONSENSUS,100.0,0.0,0.0,0.0,100,35,3.6e-05,3.21,ARVEJA AMARILLA,N/A,matched,100.0,NO,4118.8,0.000464,EXITOSO
run_20260726_084433_08a1a2bb,7,adriana_36,adriana,MEDIO,RELEVANTE,False,269.59,11.64,0.000834,100.0,23.08,ANOTA TRES CALDEROS RECORD QUINCE PLATOS BLANCOS CUADRADOS Y OCHO CINTAS DE SELLAMIENTO,anota 3 calderos récord 15 platos blancos cuadrados y 8 cintas de sellamiento,5082.18,EXACT_CONSENSUS,100.0,0.0,0.0,0.0,119,65,5.7e-05,2.39,CALDEROS RÉCORD,N/A,matched,100.0,NO,5354.42,0.000891,EXITOSO
run_20260726_084433_08a1a2bb,7,adriana_37,adriana,MEDIO,RELEVANTE,False,347.71,15.28,0.001095,100.0,27.78,REGISTRA DIEZ CAJAS DE IBUPROFENO DE OCHOCIENTOS MILIGRAMOS DOCE CAZUELAS DE DIECISEIS ONZAS Y VEINTE PLATOS BLANCOS CUADRADOS,registra 10 cajas de ibuprofeno de 800 miligramos 12 cazuelas de 16 onzas y 20 platos blancos cuadrados,7365.59,EXACT_CONSENSUS,100.0,0.0,0.0,0.0,134,65,5.9e-05,2.19,IBUPROFENO DE 800 MILIGRAMOS,N/A,matched,100.0,NO,7715.86,0.001154,EXITOSO
run_20260726_084433_08a1a2bb,7,adriana_38,adriana,MEDIO,RELEVANTE,False,899.06,13.46,0.000965,100.0,23.08,TENEMOS CINCO CALDEROS RECORD TREINTA CINTAS DE SELLAMIENTO Y NUEVE PLATOS BLANCOS CUADRADOS,tenemos 5 calderos récord 30 cintas de sellamiento y 9 platos blancos cuadrados,6008.19,EXACT_CONSENSUS,100.0,0.0,0.0,0.0,119,65,5.7e-05,2.55,CALDEROS RÉCORD,N/A,matched,100.0,NO,6910.01,0.001022,EXITOSO
run_20260726_084433_08a1a2bb,7,adriana_39,adriana,MEDIO,RELEVANTE,False,287.06,11.44,0.00082,100.0,26.67,ENCONTRAMOS VEINTE CAZUELAS DE DIECISEIS ONZAS SEIS CAJAS DE IBUPROFENO Y QUINCE PLATOS BLANCOS CUADRADOS,encontramos 20 cazuelas de 16 onzas 6 cajas de ibuprofeno y 15 platos blancos cuadrados,5899.06,EXACT_CONSENSUS,100.0,0.0,0.0,0.0,125,65,5.8e-05,2.2,CAZUELAS,N/A,matched,100.0,NO,6188.59,0.000878,EXITOSO
run_20260726_084433_08a1a2bb,7,adriana_40,adriana,MEDIO,RELEVANTE,False,265.54,10.39,0.000745,100.0,15.38,ANOTA UN CALDERO RECORD DIEZ CINTAS DE SELLAMIENTO Y TREINTA PLATOS BLANCOS CUADRADOS,anota un caldero récord 10 cintas de sellamiento y 30 platos blancos cuadrados,2285.24,EXACT_CONSENSUS,100.0,0.0,0.0,0.0,119,65,5.7e-05,2.41,CALDERO,N/A,matched,100.0,NO,2553.4,0.000802,EXITOSO
run_20260726_084433_08a1a2bb,7,adriana_41,adriana,MEDIO,RELEVANTE,False,178.6,11.44,0.00082,100.0,26.67,REGISTRA NUEVE CAJAS DE IBUPROFENO OCHO PLATOS BLANCOS CUADRADOS Y CINCO CAZUELAS DE DIECISEIS ONZAS,registra 9 cajas de ibuprofeno 8 platos blancos cuadrados y 5 cazuelas de 16 onzas,2962.11,EXACT_CONSENSUS,100.0,0.0,0.0,0.0,125,65,5.8e-05,3.33,IBUPROFENO,N/A,matched,100.0,NO,3144.3,0.000878,EXITOSO
run_20260726_084433_08a1a2bb,7,adriana_42,adriana,MEDIO,RELEVANTE,False,274.66,13.56,0.000972,100.0,21.43,ANOTA VEINTICINCO PLATOS BLANCOS CUADRADOS CINCO CAJAS DE IBUPROFENO Y DOS CINTAS DE SELLAMIENTO,anota 25 platos blancos cuadrados 5 cajas de ibuprofeno y 2 cintas de sellamiento,7107.68,EXACT_CONSENSUS,100.0,0.0,0.0,0.0,122,65,5.7e-05,2.57,PLATOS BLANCOS CUADRADOS,N/A,matched,100.0,NO,7385.12,0.001029,EXITOSO
run_20260726_084433_08a1a2bb,7,adriana_43,adriana,MEDIO,RELEVANTE,False,272.55,13.17,0.000944,100.0,26.67,ANOTA DOCE CAJAS DE IBUPROFENO OCHO CAZUELAS DE DIECISEIS ONZAS Y VEINTIDOS PLATOS BLANCOS CUADRADOS,anota 12 cajas de ibuprofeno 8 cazuelas de 16 onzas y 22 platos blancos cuadrados,2993.21,EXACT_CONSENSUS,100.0,0.0,0.0,0.0,125,65,5.8e-05,2.51,IBUPROFENO,N/A,matched,100.0,NO,3268.5,0.001002,EXITOSO
run_20260726_084433_08a1a2bb,7,adriana_44,adriana,MEDIO,RELEVANTE,False,274.94,10.77,0.000772,100.0,23.08,REGISTRA SIETE PLATOS BLANCOS CUADRADOS NUEVE CINTAS DE SELLAMIENTO Y DOS CALDEROS RECORD,registra 7 platos blancos cuadrados 9 cintas de sellamiento y 2 calderos récord,8303.31,EXACT_CONSENSUS,100.0,0.0,0.0,0.0,119,65,5.7e-05,2.33,PLATOS BLANCOS CUADRADOS,N/A,matched,100.0,NO,8580.79,0.000829,EXITOSO
run_20260726_084433_08a1a2bb,7,adriana_45,adriana,MEDIO,RELEVANTE,False,172.78,10.68,0.000765,100.0,23.08,TENEMOS TRES CALDEROS RECORD ONCE PLATOS BLANCOS CUADRADOS Y NUEVE CINTAS DE SELLAMIENTO,tenemos 3 calderos récord 11 platos blancos cuadrados y 9 cintas de sellamiento,3267.67,EXACT_CONSENSUS,100.0,0.0,0.0,0.0,119,65,5.7e-05,3.74,CALDEROS RÉCORD,N/A,matched,100.0,NO,3444.46,0.000822,EXITOSO
run_20260726_084433_08a1a2bb,7,adriana_46,adriana,MEDIO,RELEVANTE,False,274.96,10.2,0.000731,100.0,38.46,REGISTRA NUEVE CALDEROS RECORD DIEZ PLATOS BLANCOS CUADRADOS Y CUATRO CINTAS DE SELLAMIENTO,registra 9 calderos récord 10 platos blancos cuadrados y 4 cintas de 6 a,3416.8,EXACT_CONSENSUS,100.0,0.0,0.0,0.0,122,65,5.7e-05,3.12,CALDEROS,N/A,matched,100.0,NO,3695.17,0.000788,EXITOSO
run_20260726_084433_08a1a2bb,7,adriana_47,adriana,MEDIO,RELEVANTE,False,290.84,7.51,0.000538,100.0,18.18,BUENO POR AQUI VEO CINCO CALDEROS RECORD Y DOCE PLATOS CUADRADOS,bueno por aquí veo 5 calderos récord y 12 platos cuadrados,4483.81,EXACT_CONSENSUS,100.0,0.0,0.0,0.0,113,50,4.7e-05,2.65,CALDEROS RÉCORD,N/A,matched,100.0,NO,4777.48,0.000585,EXITOSO
run_20260726_084433_08a1a2bb,7,adriana_48,adriana,MEDIO,RELEVANTE,False,304.58,8.47,0.000607,100.0,18.18,ANOTE SEIS CAJAS DE IBUPROFENO Y UNAS QUINCE CINTAS DE SELLAMIENTO,anoté 6 cajas de ibuprofeno y unas 15 cintas de sellamiento,3219.27,EXACT_CONSENSUS,100.0,0.0,0.0,0.0,113,50,4.7e-05,3.25,IBUPROFENO,N/A,matched,100.0,NO,3527.27,0.000654,EXITOSO
run_20260726_084433_08a1a2bb,7,adriana_49,adriana,MEDIO,RELEVANTE,False,539.21,6.26,0.000449,100.0,25.0,AQUI QUEDARON DIEZ CAZUELAS Y OCHO PLATOS BLANCOS,aquí quedaron 10 cazuelas y 8 platos blancos,10441.23,EXACT_CONSENSUS,100.0,0.0,0.0,0.0,104,50,4.6e-05,3.23,CAZUELAS,N/A,matched,100.0,NO,10983.83,0.000495,EXITOSO
run_20260726_084433_08a1a2bb,7,adriana_50,adriana,MEDIO,RELEVANTE,False,260.42,6.36,0.000456,100.0,33.33,REGISTRA CUATRO CALDEROS Y VEINTE PLATOS,registra 4 calderos y 20 platos,4111.29,EXACT_CONSENSUS,100.0,0.0,0.0,0.0,100,50,4.5e-05,2.61,CALDERO,N/A,matched,100.0,NO,4374.53,0.000501,EXITOSO
run_20260726_084433_08a1a2bb,7,adriana_51,adriana,MEDIO,RELEVANTE,False,275.19,7.32,0.000525,100.0,18.18,POR ESTE LADO HAY NUEVE CAJAS DE IBUPROFENO Y TRES CINTAS,por este lado hay 9 cajas de ibuprofeno y 3 cintas,3808.94,EXACT_CONSENSUS,100.0,0.0,0.0,0.0,113,50,4.7e-05,2.2,IBUPROFENO,N/A,matched,100.0,NO,4086.52,0.000572,EXITOSO
run_20260726_084433_08a1a2bb,7,adriana_52,adriana,MEDIO,RELEVANTE,False,280.56,7.6,0.000545,100.0,33.33,APUNTA QUINCE PLATOS CUADRADOS SEIS CAZUELAS Y DOS CALDEROS,apunta 15 platos cuadrados 6 cazuelas y 2 calderos,4965.86,EXACT_CONSENSUS,100.0,0.0,0.0,0.0,107,65,5.5e-05,3.35,PLATOS CUADRADOS,N/A,matched,100.0,NO,5250.06,0.0006,EXITOSO
run_20260726_084433_08a1a2bb,7,adriana_53,adriana,MEDIO,RELEVANTE,False,277.38,7.32,0.000525,100.0,20.0,YA TERMINE ESTE ESTANTE QUEDARON OCHO CINTAS Y ONCE PLATOS,ya terminé este estante quedaron 8 cintas y 11 platos,2514.43,EXACT_CONSENSUS,100.0,0.0,0.0,0.0,110,50,4.6e-05,2.55,CINTAS,N/A,matched,100.0,NO,2794.59,0.000571,EXITOSO
run_20260726_084433_08a1a2bb,7,adriana_54,adriana,MEDIO,RELEVANTE,False,285.91,7.22,0.000517,100.0,20.0,AQUI SOLAMENTE VEO TRES CALDEROS Y SIETE CAJAS DE IBUPROFENO,aquí solamente veo 3 calderos y 7 cajas de ibuprofeno,2600.25,EXACT_CONSENSUS,100.0,0.0,0.0,0.0,110,50,4.6e-05,3.26,CALDEROS,N/A,matched,100.0,NO,2889.63,0.000563,EXITOSO
run_20260726_084433_08a1a2bb,7,adriana_55,adriana,MEDIO,RELEVANTE,False,257.49,5.97,0.000428,100.0,33.33,REGISTRA DOCE PLATOS Y CINCO CINTAS,registra 12 platos y 5 cintas,5286.6,EXACT_CONSENSUS,100.0,0.0,0.0,0.0,100,50,4.5e-05,2.97,PLATOS,N/A,matched,100.0,NO,5547.23,0.000473,EXITOSO
run_20260726_084433_08a1a2bb,7,adriana_56,adriana,MEDIO,RELEVANTE,False,276.08,7.22,0.000517,100.0,25.0,BUENO ACA ENCONTRAMOS CUATRO CAZUELAS Y NUEVE PLATOS,bueno acá encontramos 4 cazuelas y 9 platos,4528.4,EXACT_CONSENSUS,100.0,0.0,0.0,0.0,104,50,4.6e-05,2.44,CAZUELAS,N/A,matched,100.0,NO,4807.11,0.000563,EXITOSO
run_20260726_084433_08a1a2bb,7,adriana_57,adriana,MEDIO,RELEVANTE,False,266.47,8.95,0.000641,100.0,20.0,POR FAVOR ANOTA DIEZ CAJAS DE IBUPROFENO Y SEIS PLATOS,por favor anota 10 cajas de ibuprofeno y 6 platos,2875.79,EXACT_CONSENSUS,100.0,0.0,0.0,0.0,110,50,4.6e-05,2.41,IBUPROFENO,N/A,matched,100.0,NO,3144.86,0.000687,EXITOSO
run_20260726_084433_08a1a2bb,7,adriana_58,adriana,MEDIO,RELEVANTE,False,265.07,8.95,0.000641,100.0,36.36,EN ESTE ESTANTE HAY DOS CALDEROS OCHO CINTAS Y QUINCE PLATOS,en este estante hay 2 calderos y 8 cintas y 15 platos,4741.3,EXACT_CONSENSUS,100.0,0.0,0.0,0.0,116,65,5.6e-05,2.51,CALDERO,N/A,matched,100.0,NO,5009.12,0.000697,EXITOSO
run_20260726_084433_08a1a2bb,7,adriana_59,adriana,MEDIO,RELEVANTE,False,262.42,5.88,0.000421,100.0,28.57,SIGUE CON CINCO CAZUELAS Y DOCE PLATOS,sigue con 5 cazuelas y 12 platos,5744.56,EXACT_CONSENSUS,100.0,0.0,0.0,0.0,101,50,4.5e-05,2.66,CAZUELAS,N/A,matched,100.0,NO,6009.84,0.000466,EXITOSO
run_20260726_084433_08a1a2bb,7,adriana_60,adriana,MEDIO,RELEVANTE,False,539.91,7.7,0.000552,100.0,22.22,AQUI QUEDARON SIETE CAJAS DE IBUPROFENO Y CUATRO CINTAS,aquí quedaron 7 cajas de ibuprofeno y 4 cintas,2576.57,EXACT_CONSENSUS,100.0,0.0,0.0,0.0,107,50,4.6e-05,2.51,IBUPROFENO,N/A,matched,100.0,NO,3119.16,0.000598,EXITOSO
run_20260726_084433_08a1a2bb,7,adriana_61,adriana,MEDIO,RELEVANTE,False,266.01,6.26,0.000449,100.0,33.33,REGISTRA NUEVE PLATOS Y TRES CALDEROS,registra 9 platos y 3 calderos,7166.92,EXACT_CONSENSUS,100.0,0.0,0.0,0.0,100,50,4.5e-05,3.92,PLATOS,N/A,matched,100.0,NO,7437.05,0.000494,EXITOSO
run_20260726_084433_08a1a2bb,7,adriana_62,adriana,MEDIO,RELEVANTE,False,257.18,7.89,0.000565,100.0,20.0,EN ESTA FILA VEO DIEZ CINTAS Y SEIS PLATOS CUADRADOS,en esta fila veo 10 cintas y 6 platos cuadrados,3174.68,EXACT_CONSENSUS,100.0,0.0,0.0,0.0,110,50,4.6e-05,2.22,CINTAS,N/A,matched,100.0,NO,3434.33,0.000611,EXITOSO
run_20260726_084433_08a1a2bb,7,adriana_63,adriana,MEDIO,RELEVANTE,False,284.15,7.99,0.000573,100.0,18.18,YA REVISE TODO SON OCHO CAJAS DE IBUPROFENO Y CINCO CAZUELAS,ya revisé todo son 8 cajas de ibuprofeno y 5 cazuelas,5592.41,EXACT_CONSENSUS,100.0,0.0,0.0,0.0,113,50,4.7e-05,2.55,IBUPROFENO,N/A,matched,100.0,NO,5879.3,0.00062,EXITOSO
run_20260726_084433_08a1a2bb,7,adriana_64,adriana,MEDIO,RELEVANTE,False,284.32,7.12,0.00051,100.0,37.5,ANOTA CUATRO PLATOS SIETE CINTAS Y DOS CALDEROS,anota 4 platos 7 cintas y 2 calderos,4872.29,EXACT_CONSENSUS,100.0,0.0,0.0,0.0,104,65,5.5e-05,2.39,PLATOS,N/A,matched,100.0,NO,5159.17,0.000565,EXITOSO
run_20260726_084433_08a1a2bb,7,adriana_65,adriana,MEDIO,RELEVANTE,False,268.42,6.84,0.00049,100.0,22.22,AQUI QUEDARON ONCE PLATOS Y TRES CAJAS DE IBUPROFENO,aquí quedaron 11 platos y 3 cajas de ibuprofeno,7904.16,PARTIAL_CONSENSUS,70.0,0.0,0.0,0.0,107,50,4.6e-05,2.19,PLATOS,N/A,matched,100.0,NO,8175.01,0.000536,EXITOSO
run_20260726_084433_08a1a2bb,7,adriana_66,adriana,MEDIO,RELEVANTE,False,266.84,7.8,0.000559,100.0,33.33,REGISTRA CINCO CALDEROS Y DIEZ PLATOS,registra 5 calderos y 10 platos,2247.45,EXACT_CONSENSUS,100.0,0.0,0.0,0.0,100,50,4.5e-05,2.91,CALDEROS,N/A,matched,100.0,NO,2517.39,0.000604,EXITOSO
run_20260726_084433_08a1a2bb,7,adriana_67,adriana,MEDIO,RELEVANTE,False,171.25,9.81,0.000703,100.0,18.18,ESPERA UN MOMENTO LISTO CONTINUA HAY OCHO PLATOS Y CUATRO CINTAS,espera un momento listo continúa hay 8 platos y 4 cintas,2501.78,PARTIAL_CONSENSUS,70.0,0.0,0.0,0.0,113,50,4.7e-05,2.82,PLATOS,N/A,matched,100.0,NO,2676.06,0.00075,EXITOSO
run_20260726_084433_08a1a2bb,7,adriana_68,adriana,MEDIO,RELEVANTE,False,269.15,8.18,0.000586,100.0,18.18,EN ESTE LADO ENCONTRAMOS DOCE CAJAS DE IBUPROFENO Y SEIS PLATOS,en este lado encontramos 12 cajas de ibuprofeno y 6 platos,4377.55,EXACT_CONSENSUS,100.0,0.0,0.0,0.0,113,50,4.7e-05,2.31,IBUPROFENO,N/A,matched,100.0,NO,4649.22,0.000633,EXITOSO
run_20260726_084433_08a1a2bb,7,adriana_69,adriana,MEDIO,RELEVANTE,False,263.91,7.22,0.000517,100.0,37.5,ANOTA CINCO CAZUELAS OCHO PLATOS Y DOS CALDEROS,anota 5 cazuelas 8 platos y 2 calderos,3400.9,EXACT_CONSENSUS,100.0,0.0,0.0,0.0,104,65,5.5e-05,2.74,CAZUELA,N/A,matched,100.0,NO,3667.73,0.000572,EXITOSO
run_20260726_084433_08a1a2bb,7,adriana_70,adriana,MEDIO,RELEVANTE,False,273.64,7.12,0.00051,100.0,22.22,YA CASI TERMINAMOS QUEDARON SIETE CINTAS Y NUEVE PLATOS,ya casi terminamos quedaron 7 cintas y 9 platos,7277.18,PARTIAL_CONSENSUS,70.0,0.0,0.0,0.0,107,50,4.6e-05,2.96,CINTAS,N/A,matched,100.0,NO,7554.07,0.000556,EXITOSO
run_20260726_084433_08a1a2bb,7,adriana_71,adriana,MEDIO,RELEVANTE,False,268.06,7.03,0.000504,100.0,20.0,AQUI SOLAMENTE HAY TRES CAJAS DE IBUPROFENO Y CUATRO PLATOS,aquí solamente hay 3 cajas de ibuprofeno y 4 platos,11423.5,EXACT_CONSENSUS,100.0,0.0,0.0,0.0,110,50,4.6e-05,2.93,IBUPROFENO,N/A,matched,100.0,NO,11694.8,0.00055,EXITOSO
run_20260726_084433_08a1a2bb,7,adriana_72,adriana,MEDIO,RELEVANTE,False,266.67,7.12,0.00051,100.0,25.0,REGISTRA UN CALDERO DIEZ PLATOS Y SEIS CINTAS,registra un caldero 10 platos y 6 cintas,6346.11,EXACT_CONSENSUS,100.0,0.0,0.0,0.0,104,65,5.5e-05,2.17,CALDERO,N/A,matched,100.0,NO,6615.17,0.000565,EXITOSO
run_20260726_084433_08a1a2bb,7,adriana_73,adriana,MEDIO,RELEVANTE,False,286.38,7.12,0.00051,100.0,18.18,EN LA REPISA DE ARRIBA VEO OCHO CAZUELAS Y CINCO PLATOS,en la repisa de arriba veo 8 cazuelas y 5 platos,3817.35,EXACT_CONSENSUS,100.0,0.0,0.0,0.0,113,50,4.7e-05,2.4,CAZUELAS,N/A,matched,100.0,NO,4106.31,0.000557,EXITOSO
run_20260726_084433_08a1a2bb,7,adriana_74,adriana,MEDIO,RELEVANTE,False,164.49,5.49,0.000393,100.0,33.33,APUNTA DOS CALDEROS Y DOCE PLATOS,apunta 2 calderos y 12 platos,2390.74,EXACT_CONSENSUS,100.0,0.0,0.0,0.0,100,50,4.5e-05,3.12,CALDEROS,N/A,matched,100.0,NO,2558.52,0.000438,EXITOSO
run_20260726_084433_08a1a2bb,7,adriana_75,adriana,MEDIO,RELEVANTE,False,271.79,6.45,0.000462,100.0,25.0,HAY NUEVE CAJAS DE IBUPROFENO Y SIETE CINTAS,hay 9 cajas de ibuprofeno y 7 cintas,4384.84,EXACT_CONSENSUS,100.0,0.0,0.0,0.0,104,50,4.6e-05,2.59,IBUPROFENO,N/A,matched,100.0,NO,4659.52,0.000508,EXITOSO
run_20260726_084433_08a1a2bb,7,adriana_76,adriana,MEDIO,RELEVANTE,False,333.15,6.16,0.000441,100.0,33.33,REGISTRA QUINCE PLATOS Y CUATRO CAZUELAS,registra 15 platos y 4 cazuelas,6790.09,EXACT_CONSENSUS,100.0,0.0,0.0,0.0,100,50,4.5e-05,3.24,PLATOS,N/A,matched,100.0,NO,7126.68,0.000486,EXITOSO
run_20260726_084433_08a1a2bb,7,adriana_77,adriana,MEDIO,RELEVANTE,False,273.37,7.51,0.000538,100.0,22.22,BUENO SEGUIMOS AQUI HAY SEIS PLATOS Y TRES CALDEROS,bueno seguimos aquí hay 6 platos y 3 calderos,2503.87,EXACT_CONSENSUS,100.0,0.0,0.0,0.0,107,50,4.6e-05,2.05,PLATOS,N/A,matched,100.0,NO,2779.47,0.000584,EXITOSO
run_20260726_084433_08a1a2bb,7,adriana_78,adriana,MEDIO,RELEVANTE,False,295.03,6.93,0.000497,100.0,25.0,ANOTA OCHO CINTAS Y CINCO CAJAS DE IBUPROFENO,anota 8 cintas y 5 cajas de ibuprofeno,6629.82,EXACT_CONSENSUS,100.0,0.0,0.0,0.0,104,50,4.6e-05,2.96,CINTAS,N/A,matched,100.0,NO,6927.99,0.000543,EXITOSO
run_20260726_084433_08a1a2bb,7,adriana_79,adriana,MEDIO,RELEVANTE,False,259.67,6.36,0.000456,100.0,22.22,EN ESTA PARTE VEO ONCE PLATOS Y CUATRO CINTAS,en esta parte veo 11 platos y 4 cintas,6145.93,EXACT_CONSENSUS,100.0,0.0,0.0,0.0,107,50,4.6e-05,2.98,PLATOS,N/A,matched,100.0,NO,6408.84,0.000502,EXITOSO
run_20260726_084433_08a1a2bb,7,adriana_80,adriana,MEDIO,RELEVANTE,False,374.32,5.59,0.000401,100.0,33.33,REGISTRA SIETE CAZUELAS Y OCHO PLATOS,registra 7 cazuelas y 8 platos,9304.1,HIGH_DISCREPANCY,40.0,0.0,0.0,0.0,100,50,4.5e-05,2.4,CAZUELAS,N/A,matched,100.0,NO,9680.97,0.000446,EXITOSO
run_20260726_084433_08a1a2bb,7,adriana_81,adriana,MEDIO,RELEVANTE,False,533.51,6.93,0.000497,100.0,20.0,YA TERMINE ESTE PASILLO HAY TRES CALDEROS Y SEIS PLATOS,ya terminé este pasillo hay 3 calderos y 6 platos,3980.75,EXACT_CONSENSUS,100.0,0.0,0.0,0.0,110,50,4.6e-05,2.83,CALDERO,N/A,matched,100.0,NO,4517.3,0.000543,EXITOSO
run_20260726_084433_08a1a2bb,7,adriana_82,adriana,MEDIO,RELEVANTE,False,871.92,5.78,0.000414,100.0,22.22,AQUI QUEDARON DIEZ CAJAS DE IBUPROFENO Y NUEVE PLATOS,aquí quedaron 10 cajas de ibuprofeno y 9 platos,4157.63,EXACT_CONSENSUS,100.0,0.0,0.0,0.0,107,50,4.6e-05,3.11,IBUPROFENO,N/A,matched,100.0,NO,5032.87,0.00046,EXITOSO
run_20260726_084433_08a1a2bb,7,adriana_83,adriana,MEDIO,RELEVANTE,False,291.19,6.84,0.00049,100.0,50.0,ANOTA CINCO CINTAS CUATRO PLATOS Y DOS CAZUELAS,anotas 5 cintas 4 platos y 2 cazuelas,6883.03,EXACT_CONSENSUS,100.0,0.0,0.0,0.0,104,65,5.5e-05,2.53,CINTAS,N/A,matched,100.0,NO,7176.92,0.000545,EXITOSO
run_20260726_084433_08a1a2bb,7,adriana_84,adriana,MEDIO,RELEVANTE,False,266.86,6.07,0.000435,100.0,28.57,POR ACA SOLAMENTE VEO OCHO PLATOS CUADRADOS,por acá solo veo 8 platos cuadrados,2635.93,EXACT_CONSENSUS,100.0,0.0,0.0,0.0,101,35,3.6e-05,3.04,PLATOS CUADRADOS,N/A,matched,100.0,NO,2906.04,0.000471,EXITOSO
run_20260726_084433_08a1a2bb,7,adriana_85,adriana,MEDIO,RELEVANTE,False,275.06,6.36,0.000456,100.0,25.0,REGISTRA CUATRO CAJAS DE IBUPROFENO Y SIETE CINTAS,registra 4 cajas de ibuprofeno y 7 cintas,4731.11,EXACT_CONSENSUS,100.0,0.0,0.0,0.0,104,50,4.6e-05,2.11,IBUPROFENO,N/A,matched,100.0,NO,5008.52,0.000502,EXITOSO
run_20260726_084433_08a1a2bb,7,adriana_86,adriana,MEDIO,RELEVANTE,False,443.66,5.01,0.000359,100.0,33.33,HAY SEIS CALDEROS Y NUEVE PLATOS,hay 6 calderos y 9 platos,6495.4,EXACT_CONSENSUS,100.0,0.0,0.0,0.0,100,50,4.5e-05,3.36,CALDEROS,N/A,matched,100.0,NO,6942.62,0.000404,EXITOSO
run_20260726_084433_08a1a2bb,7,adriana_87,adriana,MEDIO,RELEVANTE,False,175.81,6.55,0.000469,100.0,22.22,EN ESTA ESQUINA ENCONTRAMOS CINCO PLATOS Y TRES CINTAS,en esta esquina encontramos 5 platos y 3 cintas,6121.13,EXACT_CONSENSUS,100.0,0.0,0.0,0.0,107,50,4.6e-05,3.03,PLATOS,N/A,matched,100.0,NO,6300.17,0.000515,EXITOSO
run_20260726_084433_08a1a2bb,7,adriana_88,adriana,MEDIO,RELEVANTE,False,3315.47,5.88,0.000421,100.0,25.0,REGISTRA OCHO CAJAS DE IBUPROFENO Y DOS CALDEROS,registra 8 cajas de ibuprofeno y 2 calderos,5964.58,EXACT_CONSENSUS,100.0,0.0,0.0,0.0,104,50,4.6e-05,2.68,IBUPROFENO,N/A,matched,100.0,NO,9282.91,0.000467,EXITOSO
run_20260726_084433_08a1a2bb,7,adriana_89,adriana,MEDIO,RELEVANTE,False,282.67,5.49,0.000393,100.0,28.57,AQUI QUEDARON NUEVE PLATOS Y CINCO CAZUELAS,aquí quedaron 9 platos y 5 cazuelas,5718.47,EXACT_CONSENSUS,100.0,0.0,0.0,0.0,101,50,4.5e-05,2.1,PLATOS,N/A,matched,100.0,NO,6003.44,0.000438,EXITOSO
run_20260726_084433_08a1a2bb,7,adriana_90,adriana,MEDIO,RELEVANTE,False,264.1,5.3,0.00038,100.0,33.33,ANOTE DOCE CINTAS Y CUATRO PLATOS,anoté 12 cintas y 4 platos,7623.44,PARTIAL_CONSENSUS,70.0,0.0,0.0,0.0,100,50,4.5e-05,2.42,CINTAS,N/A,matched,100.0,NO,7890.15,0.000425,EXITOSO
run_20260726_084433_08a1a2bb,7,adriana_91,adriana,MEDIO,RELEVANTE,False,270.26,7.6,0.000545,100.0,15.38,YA REVISE TODO ESTE LADO HAY SIETE PLATOS Y TRES CAJAS DE IBUPROFENO,ya revisé todo este lado hay 7 platos y 3 cajas de ibuprofeno,2938.07,PARTIAL_CONSENSUS,70.0,0.0,0.0,0.0,119,50,4.8e-05,2.75,PLATOS,N/A,matched,100.0,NO,3211.37,0.000593,EXITOSO
run_20260726_084433_08a1a2bb,7,adriana_92,adriana,MEDIO,RELEVANTE,False,271.32,5.2,0.000373,100.0,33.33,REGISTRA SEIS CALDEROS Y DIEZ PLATOS,registra 6 calderos y 10 platos,6338.32,EXACT_CONSENSUS,100.0,0.0,0.0,0.0,100,50,4.5e-05,2.52,CALDEROS,N/A,matched,100.0,NO,6612.33,0.000418,EXITOSO
run_20260726_084433_08a1a2bb,7,adriana_93,adriana,MEDIO,RELEVANTE,False,691.47,5.78,0.000414,100.0,25.0,AQUI SOLAMENTE HAY CINCO CINTAS Y OCHO PLATOS,aquí solamente hay 5 cintas y 8 platos,2304.4,EXACT_CONSENSUS,100.0,0.0,0.0,0.0,104,50,4.6e-05,3.04,CINTAS,N/A,matched,100.0,NO,2999.11,0.00046,EXITOSO
run_20260726_084433_08a1a2bb,7,adriana_94,adriana,MEDIO,RELEVANTE,False,438.01,6.26,0.000449,100.0,25.0,ANOTE NUEVE CAZUELAS Y CUATRO CAJAS DE IBUPROFENO,anoté 9 cazuelas y 4 cajas de ibuprofeno,5372.52,EXACT_CONSENSUS,100.0,0.0,0.0,0.0,104,50,4.6e-05,2.82,CAZUELA,N/A,matched,100.0,NO,5813.56,0.000495,EXITOSO
run_20260726_084433_08a1a2bb,7,adriana_95,adriana,MEDIO,RELEVANTE,False,247.44,7.03,0.000504,100.0,33.33,AQUI VEO DOS CALDEROS SIETE PLATOS Y TRES CINTAS,aquí veo 2 calderos 7 platos y 3 cintas,3180.99,EXACT_CONSENSUS,100.0,0.0,0.0,0.0,107,65,5.5e-05,2.55,CALDERO,N/A,matched,100.0,NO,3431.16,0.000559,EXITOSO
run_20260726_084433_08a1a2bb,7,adriana_96,adriana,MEDIO,RELEVANTE,False,217.98,7.03,0.000504,100.0,22.22,REGISTRA DIEZ PLATOS CUADRADOS Y CINCO CAJAS DE IBUPROFENO,registra 10 platos cuadrados y 5 cajas de ibuprofeno,3052.59,EXACT_CONSENSUS,100.0,0.0,0.0,0.0,107,50,4.6e-05,3.5,PLATOS CUADRADOS,N/A,matched,100.0,NO,3274.27,0.00055,EXITOSO
run_20260726_084433_08a1a2bb,7,adriana_97,adriana,MEDIO,RELEVANTE,False,624.88,6.84,0.00049,100.0,20.0,BUENO YA CASI ACABAMOS HAY OCHO PLATOS Y CUATRO CALDEROS,bueno ya casi acabamos hay 8 platos y 4 calderos,2530.43,EXACT_CONSENSUS,100.0,0.0,0.0,0.0,110,50,4.6e-05,3.16,PLATO,N/A,matched,100.0,NO,3158.67,0.000536,EXITOSO
run_20260726_084433_08a1a2bb,7,adriana_98,adriana,MEDIO,RELEVANTE,False,272.45,7.7,0.000552,100.0,25.0,ANOTE SEIS CINTAS DE SELLAMIENTO Y NUEVE PLATOS,anoté 6 cintas de sellamiento y 9 platos,3645.32,EXACT_CONSENSUS,100.0,0.0,0.0,0.0,104,50,4.6e-05,3.08,CINTAS DE SELLAMIENTO,N/A,matched,100.0,NO,3921.11,0.000598,EXITOSO
run_20260726_084433_08a1a2bb,7,adriana_99,adriana,MEDIO,RELEVANTE,False,269.24,6.84,0.00049,100.0,77.78,AQUI QUEDARON CINCO CAJAS DE IBUPROFENO Y DOS CAZUELAS,aquí quedaron 11 platos y 3 cajas de ibuprofeno,6191.65,PARTIAL_CONSENSUS,70.0,0.0,0.0,0.0,107,50,4.6e-05,2.34,PLATOS,N/A,matched,100.0,NO,6463.42,0.000536,EXITOSO
run_20260726_084433_08a1a2bb,7,adriana_100,adriana,MEDIO,RELEVANTE,False,253.05,5.2,0.000373,100.0,33.33,REGISTRA DOCE PLATOS Y CUATRO CINTAS,registra 12 platos y 4 cintas,2373.52,EXACT_CONSENSUS,100.0,0.0,0.0,0.0,100,50,4.5e-05,2.11,PLATOS,N/A,matched,100.0,NO,2628.95,0.000418,EXITOSO
run_20260726_084433_08a1a2bb,7,adriana_101,adriana,MEDIO,RELEVANTE,False,175.06,6.36,0.000456,100.0,50.0,EN ESTA PARTE SOLAMENTE VEO TRES CALDEROS Y DIEZ PLATOS,en esta parte veo 11 platos y 4 cintas,5877.46,EXACT_CONSENSUS,100.0,0.0,0.0,0.0,107,50,4.6e-05,2.72,PLATOS,N/A,matched,100.0,NO,6055.43,0.000502,EXITOSO
run_20260726_084433_08a1a2bb,7,adriana_102,adriana,MEDIO,RELEVANTE,False,244.73,6.16,0.000441,100.0,25.0,ANOTA OCHO CAJAS DE IBUPROFENO Y CINCO PLATOS,anota 8 cajas de ibuprofeno y 5 platos,7122.71,EXACT_CONSENSUS,100.0,0.0,0.0,0.0,104,50,4.6e-05,2.57,IBUPROFENO,N/A,matched,100.0,NO,7370.23,0.000487,EXITOSO
run_20260726_084433_08a1a2bb,7,adriana_103,adriana,MEDIO,RELEVANTE,False,394.38,7.6,0.000545,100.0,22.22,AQUI ENCONTRAMOS SIETE CINTAS SEIS PLATOS Y UNA CAZUELA,aquí encontramos 7 cintas 6 platos y una cazuela,5020.85,EXACT_CONSENSUS,100.0,0.0,0.0,0.0,107,65,5.5e-05,1.77,CINTAS,N/A,matched,100.0,NO,5417.17,0.0006,EXITOSO
run_20260726_084433_08a1a2bb,7,adriana_104,adriana,MEDIO,RELEVANTE,False,165.95,5.78,0.000414,100.0,33.33,REGISTRA CUATRO CALDEROS Y ONCE PLATOS,registra 4 calderos y 11 platos,2766.68,EXACT_CONSENSUS,100.0,0.0,0.0,0.0,100,50,4.5e-05,1.96,CALDERO,N/A,matched,100.0,NO,2934.75,0.000459,EXITOSO
run_20260726_084433_08a1a2bb,7,adriana_105,adriana,MEDIO,RELEVANTE,False,3200.97,7.6,0.000545,100.0,16.67,YA TERMINAMOS ESTA FILA HAY NUEVE CAJAS DE IBUPROFENO Y SEIS PLATOS,ya terminamos esta fila hay 9 cajas de ibuprofeno y 6 platos,5580.08,EXACT_CONSENSUS,100.0,0.0,0.0,0.0,116,50,4.7e-05,2.15,IBUPROFENO,N/A,matched,100.0,NO,8783.37,0.000592,EXITOSO
run_20260726_084433_08a1a2bb,7,adriana_106,adriana,MEDIO,RELEVANTE,False,286.05,7.8,0.000559,100.0,33.33,FINALMENTE ANOTA CINCO PLATOS CUATRO CINTAS Y DOS CALDEROS,finalmente anota 5 platos 4 cintas y 2 calderos,2943.55,EXACT_CONSENSUS,100.0,0.0,0.0,0.0,107,65,5.5e-05,1.9,PLATOS,N/A,matched,100.0,NO,3231.68,0.000614,EXITOSO
run_20260726_084433_08a1a2bb,7,adriana_107,adriana,DIFICIL,RELEVANTE,False,302.2,17.59,0.001261,100.0,0.0,PENSE QUE YA HABIAMOS TERMINADO EL CONTEO PERO FALTABA AHI HAY 28 CAJAS DE SERVILLETAS 15 BOTELLAS DE SALSA DE TOMATE Y 32 PAQUETES DE CUBIERTOS DESECHABLES,pensé que ya habíamos terminado el conteo pero faltaba ahí hay 28 cajas de servilletas 15 botellas de salsa de tomate y 32 paquetes de cubiertos desechables,6292.56,EXACT_CONSENSUS,100.0,0.0,0.0,0.0,161,65,6.3e-05,2.19,SERVILLETAS,N/A,matched,100.0,NO,6597.26,0.001324,EXITOSO
run_20260726_084433_08a1a2bb,7,adriana_108,adriana,DIFICIL,RELEVANTE,False,786.6,15.48,0.001109,100.0,0.0,MARIA MANANA LLEGAN TEMPRANO LOS PROVEEDORES ANOTA 85 GASEOSAS 60 CHOCOLATES Y 45 PAQUETES DE GALLETAS,maría mañana llegan temprano los proveedores anota 85 gaseosas 60 chocolates y 45 paquetes de galletas,6878.98,EXACT_CONSENSUS,100.0,0.0,0.0,0.0,128,65,5.8e-05,2.31,GASEOSA,N/A,matched,100.0,NO,7668.16,0.001167,EXITOSO
run_20260726_084433_08a1a2bb,7,adriana_109,adriana,DIFICIL,RELEVANTE,False,274.84,13.56,0.000972,100.0,0.0,NO OLVIDES CERRAR LA PUERTA CUANDO SALGAS AH Y REGISTRA 40 KILOS DE ARROZ 12 KILOS DE SAL Y 30 LITROS DE ACEITE,no olvides cerrar la puerta cuando salgas ah y registra 40 kilos de arroz 12 kilos de sal y 30 litros de aceite,4852.63,EXACT_CONSENSUS,100.0,0.0,0.0,0.0,149,65,6.1e-05,2.81,ARROZ,N/A,matched,100.0,NO,5130.58,0.001033,EXITOSO
run_20260726_084433_08a1a2bb,7,adriana_110,adriana,DIFICIL,RELEVANTE,False,256.99,18.16,0.001301,100.0,0.0,ESPERA UN MOMENTO QUE ME ESTA LLAMANDO EL SUPERVISOR LISTO CONTINUEMOS HAY 22 PAQUETES DE AZUCAR 35 BOLSAS DE CAFE Y 16 CAJAS DE VASOS DESECHABLES,espera un momento que me está llamando el supervisor listo continuemos hay 22 paquetes de azúcar 35 bolsas de café y 16 cajas de vasos desechables,4826.19,EXACT_CONSENSUS,100.0,0.0,0.0,0.0,158,65,6.3e-05,2.26,AZÚCAR,N/A,matched,100.0,NO,5085.73,0.001364,EXITOSO
run_20260726_084433_08a1a2bb,7,adriana_111,adriana,DIFICIL,RELEVANTE,False,456.67,14.61,0.001047,100.0,0.0,BUENOS DIAS YA TERMINE LA REVISION DEL PARQUEADERO AHORA SI ENCONTRAMOS 18 CAJAS DE GALLETAS 9 PAQUETES DE CAFE Y 14 BOTELLAS DE AGUA,buenos días ya terminé la revisión del parqueadero ahora sí encontramos 18 cajas de galletas 9 paquetes de café y 14 botellas de agua,5942.71,EXACT_CONSENSUS,100.0,0.0,0.0,0.0,152,65,6.2e-05,2.78,GALLETAS,N/A,matched,100.0,NO,6402.47,0.001109,EXITOSO
run_20260726_084433_08a1a2bb,7,adriana_112,adriana,DIFICIL,RELEVANTE,False,183.6,11.83,0.000848,100.0,28.57,HAY OCHO CAJAS DE IBUPROFENO CUATRO CALDEROS RECORD Y DIECIOCHO CAZUELAS DE DIECISEIS ONZAS,hay 8 cajas de ibuprofeno 4 calderos récord y 18 cazuelas de 16 onzas,3660.65,EXACT_CONSENSUS,100.0,0.0,0.0,0.0,122,65,5.7e-05,2.34,IBUPROFENO,N/A,matched,100.0,NO,3846.78,0.000905,EXITOSO
run_20260726_084433_08a1a2bb,7,adriana_113,adriana,DIFICIL,RELEVANTE,False,279.18,10.87,0.000779,100.0,30.77,REGISTRA DOCE PLATOS BLANCOS CUADRADOS SIETE CINTAS DE SELLAMIENTO Y DOS CALDEROS RECORD,registra 12 platos blancos cuadrados 7 cintas de sellamiento y 2 calderos,8950.4,EXACT_CONSENSUS,100.0,0.0,0.0,0.0,116,65,5.6e-05,2.39,PLATOS BLANCOS CUADRADOS,N/A,matched,100.0,NO,9232.15,0.000835,EXITOSO
run_20260726_084433_08a1a2bb,7,adriana_114,adriana,DIFICIL,RELEVANTE,False,173.19,11.83,0.000848,100.0,23.08,TENEMOS CUATRO CALDEROS RECORD DIECISEIS CINTAS DE SELLAMIENTO Y ONCE PLATOS BLANCOS CUADRADOS,tenemos 4 calderos récord 16 cintas de sellamiento y 11 platos blancos cuadrados,3029.37,EXACT_CONSENSUS,100.0,0.0,0.0,0.0,119,65,5.7e-05,2.01,CALDEROS,N/A,matched,100.0,NO,3204.82,0.000905,EXITOSO
run_20260726_084433_08a1a2bb,7,adriana_115,adriana,DIFICIL,RELEVANTE,False,282.88,14.52,0.001041,100.0,28.57,REGISTRA SEIS CALDEROS RECORD DIEZ CAZUELAS DE DIECISEIS ONZAS Y CATORCE PLATOS BLANCOS CUADRADOS,registra 6 calderos récord 10 cazuelas de 16 onzas y 14 platos blancos cuadrados,6760.64,EXACT_CONSENSUS,100.0,0.0,0.0,0.0,122,65,5.7e-05,2.58,CALDERO,N/A,matched,100.0,NO,7046.33,0.001098,EXITOSO
run_20260726_084433_08a1a2bb,7,adriana_116,adriana,DIFICIL,RELEVANTE,False,277.15,12.4,0.000889,100.0,21.43,HAY QUINCE CINTAS DE SELLAMIENTO TRES CAJAS DE IBUPROFENO Y OCHO PLATOS BLANCOS CUADRADOS,hay 15 cintas de sellamiento 3 cajas de ibuprofeno y 8 platos blancos cuadrados,3147.34,EXACT_CONSENSUS,100.0,0.0,0.0,0.0,122,65,5.7e-05,3.78,CINTAS DE SELLAMIENTO,N/A,matched,100.0,NO,3428.5,0.000946,EXITOSO
run_20260726_084433_08a1a2bb,7,adriana_117,adriana,DIFICIL,RELEVANTE,False,380.49,13.17,0.000944,100.0,28.57,ANOTA SIETE CALDEROS RECORD DOCE PLATOS BLANCOS CUADRADOS Y CUATRO CAZUELAS DE DIECISEIS ONZAS,anota 7 calderos récord 12 platos blancos cuadrados y 4 cazuelas de 16 onzas,6981.85,EXACT_CONSENSUS,100.0,0.0,0.0,0.0,122,65,5.7e-05,4.87,CALDEROS,N/A,matched,100.0,NO,7367.49,0.001001,EXITOSO
run_20260726_084433_08a1a2bb,7,adriana_118,adriana,DIFICIL,RELEVANTE,False,677.07,13.08,0.000937,100.0,21.43,REGISTRA ONCE CAJAS DE IBUPROFENO NUEVE CINTAS DE SELLAMIENTO Y CINCO PLATOS BLANCOS CUADRADOS,registra 11 cajas de ibuprofeno 9 cintas de sellamiento y 5 platos blancos cuadrados,2949.74,EXACT_CONSENSUS,100.0,0.0,0.0,0.0,122,65,5.7e-05,2.34,IBUPROFENO,N/A,matched,100.0,NO,3629.45,0.000994,EXITOSO
run_20260726_084433_08a1a2bb,7,adriana_119,adriana,DIFICIL,RELEVANTE,False,266.22,10.96,0.000785,100.0,30.77,TENEMOS DIECIOCHO PLATOS BLANCOS CUADRADOS TRES CALDEROS RECORD Y SEIS CINTAS DE SELLAMIENTO,tenemos 18 platos blancos cuadrados 3 calderos récord y 6 cintas de,3555.32,EXACT_CONSENSUS,100.0,0.0,0.0,0.0,116,65,5.6e-05,2.45,PLATOS BLANCOS CUADRADOS,N/A,matched,100.0,NO,3824.21,0.000841,EXITOSO
run_20260726_084433_08a1a2bb,7,adriana_120,adriana,DIFICIL,RELEVANTE,False,423.78,14.13,0.001013,100.0,26.67,ANOTA CINCO CAJAS DE IBUPROFENO VEINTE CAZUELAS DE DIECISEIS ONZAS Y OCHO PLATOS BLANCOS CUADRADOS,anota 5 cajas de ibuprofeno 20 cazuelas de 16 onzas y 8 platos blancos cuadrados,5791.13,EXACT_CONSENSUS,100.0,0.0,0.0,0.0,125,65,5.8e-05,3.91,IBUPROFENO,N/A,matched,100.0,NO,6219.2,0.001071,EXITOSO
run_20260726_084433_08a1a2bb,7,adriana_121,adriana,DIFICIL,RELEVANTE,False,933.49,12.21,0.000875,100.0,23.08,REGISTRA DOS CALDEROS RECORD QUINCE PLATOS BLANCOS CUADRADOS Y DIEZ CINTAS DE SELLAMIENTO,registra 2 calderos récord 15 platos blancos cuadrados y 10 cintas de sellamiento,4665.73,EXACT_CONSENSUS,100.0,0.0,0.0,0.0,119,65,5.7e-05,3.53,CALDEROS,N/A,matched,100.0,NO,5602.95,0.000932,EXITOSO
run_20260726_084433_08a1a2bb,7,adriana_122,adriana,DIFICIL,RELEVANTE,False,280.1,12.69,0.000909,100.0,40.0,HAY NUEVE CAZUELAS DE DIECISEIS ONZAS SIETE CAJAS DE IBUPROFENO Y DOCE PLATOS BLANCOS CUADRADOS,este rompecabezas hay 9 cazuelas de 16 onzas 7 cajas de ibuprofeno y 12 platos blancos cuadrados,6507.05,EXACT_CONSENSUS,100.0,0.0,0.0,0.0,131,65,5.9e-05,2.47,CAZUELAS DE 16 ONZAS,N/A,matched,100.0,NO,6789.9,0.000968,EXITOSO
run_20260726_084433_08a1a2bb,7,adriana_123,adriana,DIFICIL,RELEVANTE,False,476.08,10.39,0.000745,100.0,23.08,ANOTA CUATRO PLATOS BLANCOS CUADRADOS CUATRO CALDEROS RECORD Y CATORCE CINTAS DE SELLAMIENTO,anota 4 platos blancos cuadrados 4 calderos récord y 14 cintas de sellamiento,6258.98,EXACT_CONSENSUS,100.0,0.0,0.0,0.0,119,65,5.7e-05,2.28,PLATOS BLANCOS CUADRADOS,N/A,matched,100.0,NO,6737.58,0.000802,EXITOSO
run_20260726_084433_08a1a2bb,7,adriana_124,adriana,DIFICIL,RELEVANTE,False,290.0,10.87,0.000779,100.0,26.67,REGISTRA OCHO CAJAS DE IBUPROFENO DIEZ PLATOS BLANCOS CUADRADOS Y TRES CAZUELAS DE DIECISEIS ONZAS,registra 8 cajas de ibuprofeno 10 platos blancos cuadrados y 3 cazuelas de 16 onzas,3053.08,EXACT_CONSENSUS,100.0,0.0,0.0,0.0,125,65,5.8e-05,2.0,IBUPROFENO,N/A,matched,100.0,NO,3345.33,0.000837,EXITOSO
run_20260726_084433_08a1a2bb,7,adriana_125,adriana,DIFICIL,RELEVANTE,False,176.87,11.16,0.0008,100.0,23.08,TENEMOS SEIS CALDEROS RECORD DIECIOCHO PLATOS BLANCOS CUADRADOS Y CINCO CINTAS DE SELLAMIENTO,tenemos 6 calderos récord 18 platos blancos cuadrados y 5 cintas de sellamiento,5547.71,EXACT_CONSENSUS,100.0,0.0,0.0,0.0,119,65,5.7e-05,2.7,CALDEROS RÉCORD,N/A,matched,100.0,NO,5727.57,0.000857,EXITOSO
run_20260726_084433_08a1a2bb,7,adriana_126,adriana,DIFICIL,RELEVANTE,False,271.25,13.46,0.000965,100.0,33.33,HAY DIEZ CAJAS DE IBUPROFENO CUATRO PLATOS BLANCOS CUADRADOS Y SEIS CAZUELAS DE DIECISEIS ONZAS,hay 10 cajas ibuprofeno 4 platos blancos cuadrados y 6 cazuelas de 16 onzas,3521.21,EXACT_CONSENSUS,100.0,0.0,0.0,0.0,122,65,5.7e-05,3.76,IBUPROFENO,N/A,matched,100.0,NO,3796.43,0.001022,EXITOSO
run_20260726_084433_08a1a2bb,7,adriana_127,adriana,DIFICIL,RELEVANTE,False,173.19,10.29,0.000737,100.0,23.08,ANOTA OCHO CALDEROS RECORD QUINCE CINTAS DE SELLAMIENTO Y TRECE PLATOS BLANCOS CUADRADOS,anota 8 calderos récord 15 cintas de sellamiento y 13 platos blancos cuadrados,3791.93,EXACT_CONSENSUS,100.0,0.0,0.0,0.0,119,65,5.7e-05,2.27,CALDEROS RÉCORD,N/A,matched,100.0,NO,3967.6,0.000794,EXITOSO
run_20260726_084433_08a1a2bb,7,adriana_128,adriana,DIFICIL,RELEVANTE,False,285.4,12.02,0.000861,100.0,26.67,REGISTRA CINCO CAJAS DE IBUPROFENO DOCE PLATOS BLANCOS CUADRADOS Y SIETE CAZUELAS DE DIECISEIS ONZAS,registra 5 cajas de ibuprofeno 12 platos blancos cuadrados y 7 cazuelas de 16 onzas,2926.92,EXACT_CONSENSUS,100.0,0.0,0.0,0.0,125,65,5.8e-05,3.41,IBUPROFENO,N/A,matched,100.0,NO,3215.94,0.000919,EXITOSO
run_20260726_084433_08a1a2bb,7,adriana_129,adriana,DIFICIL,RELEVANTE,False,185.19,13.56,0.000972,100.0,40.0,ANOTA SEIS CAJAS DE IBUPROFENO CINCO CAZUELAS DE DIECISEIS ONZAS Y VEINTE PLATOS BLANCOS CUADRADOS,aprovechen casera anota 6 cajas de ibuprofeno 5 cazuelas de 16 onzas y 20 platos blancos cuadrados,2890.69,EXACT_CONSENSUS,100.0,0.0,0.0,0.0,131,65,5.9e-05,2.91,IBUPROFENO,N/A,matched,100.0,NO,3079.09,0.001031,EXITOSO
run_20260726_084433_08a1a2bb,7,adriana_130,adriana,DIFICIL,RELEVANTE,False,297.88,19.6,0.001405,100.0,10.34,QUE CALOR HACE HOY SUBELE UN POQUITO AL VOLUMEN PORQUE CASI NO ESCUCHO BUENO REGISTRA 15 CAJAS DE TONER PARA IMPRESORA 8 PAQUETES DE HOJAS A4 Y 12 CALCULADORAS,qué calor hace hoy súbele un poquito el volumen porque casi no escucho bueno registra 15 cajas de tóner para impresora 8 paquetes de hojas a 4 y 12 calculadoras,3637.5,EXACT_CONSENSUS,100.0,0.0,0.0,0.0,170,65,6.4e-05,2.29,TÓNER PARA IMPRESORA,N/A,matched,100.0,NO,3938.07,0.001469,EXITOSO
run_20260726_084433_08a1a2bb,7,adriana_131,adriana,DIFICIL,RELEVANTE,False,222.58,22.48,0.001611,100.0,3.12,OIGA SI VIO EL PARTIDO ANOCHE ESPERE QUE ESTA PASANDO MUCHA GENTE BUENO CONTINUE NO ESPERE SI SON 42 CAJAS DE MARCADORES 16 RESMAS DE PAPEL OFICIO Y 8 CAJAS DE ARCHIVADORES,oiga sí vio el partido anoche espere que está pasando mucha gente bueno continúe no espere sí son 42 cajas de marcadores 16 reglas de papel oficio y 8 cajas de archivadores,5878.0,EXACT_CONSENSUS,100.0,0.0,0.0,0.0,176,65,6.5e-05,2.61,MARCADORES,N/A,matched,100.0,NO,6103.65,0.001676,EXITOSO
run_20260726_084433_08a1a2bb,7,adriana_132,adriana,DIFICIL,RELEVANTE,False,551.24,25.08,0.001797,100.0,0.0,AYER ME DIJERON QUE YA HABIAN CONTADO ESTA BODEGA PERO MEJOR CONFIRMEMOS EN COCINA PRINCIPAL SUMINISTROS ENCONTRAMOS 55 KILOS DE ARROZ NO PERDON 65 KILOS DE ARROZ ADEMAS 20 LITROS DE ACEITE Y 18 KILOS DE AZUCAR,ayer me dijeron que ya habían contado esta bodega pero mejor confirmemos en cocina principal suministros encontramos 55 kilos de arroz no perdón 65 kilos de arroz además 20 litros de aceite y 18 kilos de azúcar,4828.1,EXACT_CONSENSUS,100.0,0.0,0.0,0.0,191,65,6.8e-05,2.56,ARROZ,N/A,matched,100.0,NO,5382.27,0.001865,EXITOSO
run_20260726_084433_08a1a2bb,7,adriana_133,adriana,DIFICIL,RELEVANTE,False,693.25,16.82,0.001205,100.0,0.0,ESPERE QUE ACABA DE PASAR UN CARRO Y NO ESCUCHE NADA LISTO HAY 20 CAJAS DE TAPABOCAS 14 LITROS DE ALCOHOL Y 35 CAJAS DE GUANTES DE NITRILO,espere que acaba de pasar un carro y no escuché nada listo hay 20 cajas de tapabocas 14 litros de alcohol y 35 cajas de guantes de nitrilo,6471.78,EXACT_CONSENSUS,100.0,0.0,0.0,0.0,164,65,6.4e-05,2.85,TAPABOCAS,N/A,matched,100.0,NO,7168.17,0.001269,EXITOSO
run_20260726_084433_08a1a2bb,7,daniel_1,daniel,FACIL,RELEVANTE,False,1003.67,6.2,0.000444,100.0,0.0,350 KILOS DE ACELGA,350 kilos de acelga,3023.59,EXACT_CONSENSUS,100.0,0.0,0.0,0.0,100,35,3.6e-05,2.25,ACELGA,N/A,matched,100.0,NO,4029.64,0.00048,EXITOSO
run_20260726_084433_08a1a2bb,7,daniel_2,daniel,FACIL,RELEVANTE,False,272.61,4.38,0.000314,100.0,0.0,600 KILOS DE CALABACIN,600 kilos de calabacín,2710.84,EXACT_CONSENSUS,100.0,0.0,0.0,0.0,100,35,3.6e-05,3.93,CALABACÍN,N/A,matched,100.0,NO,2987.63,0.00035,EXITOSO
run_20260726_084433_08a1a2bb,7,daniel_3,daniel,FACIL,RELEVANTE,False,610.55,5.35,0.000383,100.0,0.0,400 KILOS DE KIWI,400 kilos de kiwi,2815.22,EXACT_CONSENSUS,100.0,0.0,0.0,0.0,100,35,3.6e-05,2.29,KIWI,N/A,matched,100.0,NO,3428.2,0.000419,EXITOSO
run_20260726_084433_08a1a2bb,7,daniel_4,daniel,FACIL,RELEVANTE,False,226.38,8.25,0.000591,100.0,0.0,ALMOHADILLA PARA SELLO 600 UNIDADES,almohadilla para sello 600 unidades,3107.46,EXACT_CONSENSUS,100.0,0.0,0.0,0.0,100,35,3.6e-05,2.88,ALMOHADILLA PARA SELLO,N/A,matched,100.0,NO,3336.88,0.000627,EXITOSO
run_20260726_084433_08a1a2bb,7,daniel_5,daniel,FACIL,RELEVANTE,False,285.05,11.63,0.000833,100.0,0.0,AMBIENTADOR EN AEROSOL MARCA AROMA POR 600 UNIDADES,ambientador en aerosol marca aroma por 600 unidades,2649.93,EXACT_CONSENSUS,100.0,0.0,0.0,0.0,104,35,3.7e-05,2.42,AMBIENTADOR EN AEROSOL MARCA AROMA,N/A,matched,100.0,NO,2937.55,0.00087,EXITOSO
run_20260726_084433_08a1a2bb,7,daniel_6,daniel,FACIL,RELEVANTE,False,270.74,11.87,0.000851,100.0,0.0,BANDEJA PLASTICA POR 9320 UNIDADES,bandeja plástica por 9320 unidades,3074.48,EXACT_CONSENSUS,100.0,0.0,0.0,0.0,100,35,3.6e-05,2.64,BANDEJA PLÁSTICA,N/A,matched,100.0,NO,3348.02,0.000887,EXITOSO
run_20260726_084433_08a1a2bb,7,daniel_7,daniel,FACIL,RELEVANTE,False,271.16,9.21,0.00066,100.0,16.67,CAJA PARA PIZZA CARTON 4500 UNIDADES,caja para pizza de cartón 4500 unidades,5190.36,EXACT_CONSENSUS,100.0,0.0,0.0,0.0,101,35,3.6e-05,2.4,CAJA PARA PIZZA DE CARTÓN,N/A,matched,100.0,NO,5464.07,0.000696,EXITOSO
run_20260726_084433_08a1a2bb,7,daniel_8,daniel,FACIL,RELEVANTE,False,460.68,9.09,0.000651,100.0,14.29,CALDERO RECORD CON TAPA POR 800 UNIDADES,caldero ricor con tapa por 800 unidades,2571.23,EXACT_CONSENSUS,100.0,0.0,0.0,0.0,101,35,3.6e-05,1.91,CALDERO RICOR CON TAPA,N/A,matched,100.0,NO,3034.06,0.000687,EXITOSO
run_20260726_084433_08a1a2bb,7,daniel_9,daniel,FACIL,RELEVANTE,False,285.05,13.56,0.000972,100.0,0.0,BOWL POR 500 UNIDADES Y 7 CALCULADORAS MANUALES DE 12 DIGITOS,bowl por 500 unidades y 7 calculadoras manuales de 12 dígitos,4028.55,EXACT_CONSENSUS,100.0,0.0,0.0,0.0,113,50,4.7e-05,2.03,BOWL,N/A,matched,100.0,NO,4315.91,0.001019,EXITOSO
run_20260726_084433_08a1a2bb,7,daniel_10,daniel,FACIL,RELEVANTE,False,344.21,11.15,0.000799,100.0,0.0,AREPA PAISA POR 500 UNIDADES Y 750 KILOS DE ARANDANOS,arepa paisa por 500 unidades y 750 kilos de arándanos,4676.23,EXACT_CONSENSUS,100.0,0.0,0.0,0.0,110,50,4.6e-05,1.95,AREPA PAISA,N/A,matched,100.0,NO,5022.69,0.000845,EXITOSO
run_20260726_084433_08a1a2bb,7,daniel_11,daniel,MEDIO,RELEVANTE,False,409.61,20.93,0.0015,100.0,5.0,DON JAIME ENCONTRAMOS 750 KILOS DE ARVEJA AMARILLA TAMBIEN ENCONTRAMOS EN LA BODEGA 1 DOS KILOS DE CEBADA DE PERLA,don jaime encontramos 750 kilos de arveja amarilla también encontramos en la bodega 1 2 kilos de cebada de perla,9284.89,EXACT_CONSENSUS,100.0,0.0,0.0,0.0,140,50,5.1e-05,1.99,ARVEJA AMARILLA,N/A,matched,100.0,NO,9696.76,0.001551,EXITOSO
run_20260726_084433_08a1a2bb,7,daniel_12,daniel,MEDIO,RELEVANTE,False,366.87,13.68,0.00098,100.0,6.67,BUENOS DIAS SENORA ISABEL SON 4 UNIDADES DE SODA BRETANA Y 8 UNIDADES DE BONYURT,buenos días señora isabel son 4 unidades de soda bretaña y 8 unidades de bonjour,3865.05,EXACT_CONSENSUS,100.0,0.0,0.0,0.0,125,50,4.9e-05,2.15,SODA BRETAÑA,N/A,matched,100.0,NO,4234.41,0.001029,EXITOSO
run_20260726_084433_08a1a2bb,7,daniel_13,daniel,MEDIO,RELEVANTE,False,292.01,13.68,0.00098,100.0,6.67,KAROL ANOTE AHI QUE SON 60 KILOS DE CEBOLLA ROJA Y 50000 UNIDADES DE STEVIA,carol anote ahí que son 60 kilos de cebolla roja y 50000 unidades de stevia,3065.66,EXACT_CONSENSUS,100.0,0.0,0.0,0.0,125,50,4.9e-05,2.2,CEBOLLA ROJA,N/A,matched,100.0,NO,3360.12,0.001029,EXITOSO
run_20260726_084433_08a1a2bb,7,daniel_14,daniel,MEDIO,RELEVANTE,False,289.25,19.84,0.001422,100.0,6.25,UFF VI LA MORCILLA Y ME ANTOJE SON 700 KILOS DE MORCILLA Y 400 DE CHORIZO,uf vi la morcilla y me antojé son 700 kilos de morcilla y 400 de chorizo,3549.26,EXACT_CONSENSUS,100.0,0.0,0.0,0.0,128,50,4.9e-05,3.48,MORCILLA,N/A,matched,100.0,NO,3842.24,0.001471,EXITOSO
run_20260726_084433_08a1a2bb,7,daniel_15,daniel,MEDIO,RELEVANTE,False,269.29,23.34,0.001673,100.0,9.52,QUE MAN TAN SALADO NACHOS NATURALES POR 200 UNIDADES 400 UNIDADES DE NATUCHIPS Y 150 KILOS DE PAPA A LA FRANCESA,qué mantan salado nachos naturales por 200 unidades 400 unidades de natuchips y 150 kilos de papa a la francesa,5358.23,EXACT_CONSENSUS,100.0,0.0,0.0,0.0,140,65,6e-05,2.95,NACHOS NATURALES,N/A,matched,100.0,NO,5630.69,0.001733,EXITOSO
run_20260726_084433_08a1a2bb,7,daniel_16,daniel,DIFICIL,RELEVANTE,False,316.48,30.95,0.002218,100.0,32.0,PARCE IMAGINESE QUE VI ESTO NATUCHIPS Y ME ACORDE DE ANOCHE AUDIO INAUDIBLE 400 UNIDADES DE NATUCHIP 400 UNIDADES DE PAPAS MARGARITAS Y 200 COCACOLAS,parce imagínese que vi esos natuchips y me acordé 400 unidades de natuchips 400 unidades de papas margaritas y 200 coca-colas,3682.96,EXACT_CONSENSUS,100.0,0.0,0.0,0.0,143,65,6e-05,2.4,NATUCHIPS,N/A,matched,100.0,NO,4002.09,0.002278,EXITOSO
run_20260726_084433_08a1a2bb,7,daniel_17,daniel,DIFICIL,RELEVANTE,False,333.02,36.99,0.002651,100.0,0.0,AY AQUI ESTOY YO EN EL MISMO LUGAR QUE TE CONOCI SIGO PENSANDO EN TU BOCA PARCE NO SE PONGA A CANTAR QUE ESTAMOS HACIENDO EL INVENTARIO DICTE AHI 800 KILOS DE AZUCAR MORENA 700 KILOS DE CAFE Y 80 UNIDADES DE HAMBURGUESA MIXTA,ay aquí estoy yo en el mismo lugar que te conocí sigo pensando en tu boca parce no se ponga a cantar que estamos haciendo el inventario dicte ahí 800 kilos de azúcar morena 700 kilos de café y 80 unidades de hamburguesa mixta,3970.28,EXACT_CONSENSUS,100.0,0.0,0.0,0.0,212,65,7.1e-05,2.95,AZÚCAR MORENA,N/A,matched,100.0,NO,4306.8,0.002722,EXITOSO
run_20260726_084433_08a1a2bb,7,daniel_18,daniel,DIFICIL,RELEVANTE,False,317.93,30.35,0.002175,100.0,0.0,Y SU MAMA COMO SIGUE TENEMOS RATO SIN HABLAR ESPERA YA LE RESPONDO VOY A REGISTRAR UNOS PRODUCTOS EN LA HERRAMIENTA 19 KILOS DE BERENJENA 190 KILOS DE CHORIZO Y 700 LITROS DE AGUARDIENTE NECTAR,y su mamá cómo sigue tenemos rato sin hablar espera ya le respondo voy a registrar unos productos en la herramienta 19 kilos de berenjena 190 kilos de chorizo y 700 litros de aguardiente néctar,3927.95,EXACT_CONSENSUS,100.0,0.0,0.0,0.0,185,65,6.7e-05,2.26,BERENJENA,N/A,matched,100.0,NO,4248.5,0.002242,EXITOSO
run_20260726_084433_08a1a2bb,7,daniel_19,daniel,DIFICIL,RELEVANTE,False,565.7,40.13,0.002876,100.0,9.76,ESTO DE HACER EL INVENTARIO ES MUY TEDIOSO QUE HAGO AQUI CONTANDO UNAS ALCACHOFAS BUENO PERO SIGAMOS QUE SI NO NO TERMINAMOS HOY ALCACHOFAS 500 KILOS 400 UNIDADES DE BOTELLONES DE AGUA 19 KILOS DE ACELGA Y 60 KILOS DE AJO,esto al ser el inventario es muy tedioso qué hago aquí contando unas alcachofas bueno pero sigamos que sino no terminamos hoy alcachofas 500 kilos 400 unidades de botellones de agua 19 kilos de acelga y 60 kilos de ajo,6843.81,EXACT_CONSENSUS,100.0,0.0,0.0,0.0,200,80,7.8e-05,2.65,ALCACHOFAS,N/A,matched,100.0,NO,7412.7,0.002954,EXITOSO
run_20260726_084433_08a1a2bb,7,daniel_20,daniel,FACIL,RELEVANTE,False,510.32,5.95,0.000426,100.0,0.0,50 KILOS DE PAPA PASTUSA,50 kilos de papa pastusa,3010.12,EXACT_CONSENSUS,100.0,0.0,0.0,0.0,100,35,3.6e-05,2.14,PAPA PASTUSA,N/A,matched,100.0,NO,3522.77,0.000462,EXITOSO
run_20260726_084433_08a1a2bb,7,daniel_21,daniel,FACIL,RELEVANTE,False,277.94,4.75,0.00034,100.0,0.0,120 LITROS DE ACEITE DE GIRASOL,120 litros de aceite de girasol,13778.68,EXACT_CONSENSUS,100.0,0.0,0.0,0.0,100,35,3.6e-05,2.05,ACEITE DE GIRASOL,N/A,matched,100.0,NO,14058.91,0.000376,EXITOSO
run_20260726_084433_08a1a2bb,7,daniel_22,daniel,FACIL,RELEVANTE,False,280.6,5.23,0.000375,100.0,0.0,30 PORCIONES DE CARNE DE RES,30 porciones de carne de res,5488.43,EXACT_CONSENSUS,100.0,0.0,0.0,0.0,100,35,3.6e-05,2.83,CARNE DE RES,N/A,matched,100.0,NO,5772.02,0.000411,EXITOSO
run_20260726_084433_08a1a2bb,7,daniel_23,daniel,FACIL,RELEVANTE,False,231.07,5.83,0.000418,100.0,40.0,200 UNIDADES DE HUEVOS FRESCOS,200 unidades de huevo fresco,3066.13,EXACT_CONSENSUS,100.0,0.0,0.0,0.0,100,35,3.6e-05,4.17,HUEVO FRESCO,N/A,matched,100.0,NO,3301.58,0.000454,EXITOSO
run_20260726_084433_08a1a2bb,7,daniel_24,daniel,FACIL,RELEVANTE,False,163.23,5.47,0.000392,100.0,0.0,80 KILOS DE MANZANA ROJA,80 kilos de manzana roja,2771.85,EXACT_CONSENSUS,100.0,0.0,0.0,0.0,100,35,3.6e-05,2.25,MANZANA ROJA,N/A,matched,100.0,NO,2937.48,0.000428,EXITOSO
run_20260726_084433_08a1a2bb,7,daniel_25,daniel,FACIL,RELEVANTE,False,268.48,5.83,0.000418,100.0,20.0,15 LITROS DE LECHE ENTERA,15 litros de lechuga entera,8994.62,EXACT_CONSENSUS,100.0,0.0,0.0,0.0,100,35,3.6e-05,2.32,LECHUGA ENTERA,N/A,matched,100.0,NO,9265.57,0.000454,EXITOSO
run_20260726_084433_08a1a2bb,7,daniel_26,daniel,FACIL,RELEVANTE,False,274.68,5.71,0.000409,100.0,25.0,40 KILOS DE ZANAHORIA,400 kilos de zanahoria,3064.55,EXACT_CONSENSUS,100.0,0.0,0.0,0.0,100,35,3.6e-05,3.39,ZANAHORIA,N/A,matched,100.0,NO,3342.75,0.000445,EXITOSO
run_20260726_084433_08a1a2bb,7,daniel_27,daniel,FACIL,RELEVANTE,False,173.44,6.32,0.000453,100.0,0.0,500 UNIDADES DE VASOS DESECHABLES,500 unidades de vasos desechables,8200.96,EXACT_CONSENSUS,100.0,0.0,0.0,0.0,100,35,3.6e-05,2.49,VASOS DESECHABLES,N/A,matched,100.0,NO,8377.04,0.000489,EXITOSO
run_20260726_084433_08a1a2bb,7,daniel_28,daniel,FACIL,RELEVANTE,False,268.35,6.92,0.000496,100.0,20.0,90 KILOS DE LIMON TAITI,90 kilos de limón tahití,3159.63,EXACT_CONSENSUS,100.0,0.0,0.0,0.0,100,35,3.6e-05,2.72,LIMÓN TAHITÍ,N/A,matched,100.0,NO,3430.87,0.000532,EXITOSO
run_20260726_084433_08a1a2bb,7,daniel_29,daniel,FACIL,RELEVANTE,False,275.74,6.56,0.00047,100.0,0.0,25 PORCIONES DE POLLO ASADO,25 porciones de pollo asado,2617.44,EXACT_CONSENSUS,100.0,0.0,0.0,0.0,100,35,3.6e-05,2.84,POLLO ASADO,N/A,matched,100.0,NO,2896.15,0.000506,EXITOSO
run_20260726_084433_08a1a2bb,7,daniel_30,daniel,FACIL,RELEVANTE,False,190.98,5.47,0.000392,100.0,0.0,300 KILOS DE ARROZ BLANCO,300 kilos de arroz blanco,3027.77,EXACT_CONSENSUS,100.0,0.0,0.0,0.0,100,35,3.6e-05,2.55,ARROZ BLANCO,N/A,matched,100.0,NO,3221.43,0.000428,EXITOSO
run_20260726_084433_08a1a2bb,7,daniel_31,daniel,FACIL,RELEVANTE,False,201.86,6.44,0.000462,100.0,0.0,150 LITROS DE JUGO DE NARANJA,150 litros de jugo de naranja,2873.49,EXACT_CONSENSUS,100.0,0.0,0.0,0.0,100,35,3.6e-05,2.67,JUGO DE NARANJA,N/A,matched,100.0,NO,3078.16,0.000498,EXITOSO
run_20260726_084433_08a1a2bb,7,daniel_32,daniel,FACIL,RELEVANTE,False,209.88,6.92,0.000496,100.0,20.0,60 UNIDADES DE PAN HAMBURGUESA,60 unidades de pan de hamburguesa,2982.82,EXACT_CONSENSUS,100.0,0.0,0.0,0.0,100,35,3.6e-05,2.25,PAN DE HAMBURGUESA,N/A,matched,100.0,NO,3195.11,0.000532,EXITOSO
run_20260726_084433_08a1a2bb,7,daniel_33,daniel,FACIL,RELEVANTE,False,337.32,5.23,0.000375,100.0,0.0,75 KILOS DE CEBOLLA CABEZONA,75 kilos de cebolla cabezona,2407.84,EXACT_CONSENSUS,100.0,0.0,0.0,0.0,100,35,3.6e-05,3.42,CEBOLLA CABEZONA,N/A,matched,100.0,NO,2748.74,0.000411,EXITOSO
run_20260726_084433_08a1a2bb,7,daniel_34,daniel,FACIL,RELEVANTE,False,236.67,7.4,0.00053,100.0,0.0,50 PORCIONES DE LASANA DE CARNE,50 porciones de lasaña de carne,2308.63,EXACT_CONSENSUS,100.0,0.0,0.0,0.0,100,35,3.6e-05,2.08,LASAÑA DE CARNE,N/A,matched,100.0,NO,2547.51,0.000566,EXITOSO
run_20260726_084433_08a1a2bb,7,daniel_35,daniel,FACIL,RELEVANTE,False,173.5,9.09,0.000651,100.0,0.0,100 KILOS DE TOMATE DE ARBOL,100 kilos de tomate de árbol,2290.25,EXACT_CONSENSUS,100.0,0.0,0.0,0.0,100,35,3.6e-05,4.72,TOMATE DE ÁRBOL,N/A,matched,100.0,NO,2468.7,0.000687,EXITOSO
run_20260726_084433_08a1a2bb,7,daniel_36,daniel,FACIL,RELEVANTE,False,217.99,6.56,0.00047,100.0,0.0,400 LITROS DE DETERGENTE LIQUIDO,400 litros de detergente líquido,5825.31,EXACT_CONSENSUS,100.0,0.0,0.0,0.0,100,35,3.6e-05,2.43,DETERGENTE LÍQUIDO,N/A,matched,100.0,NO,6045.96,0.000506,EXITOSO
run_20260726_084433_08a1a2bb,7,daniel_37,daniel,FACIL,RELEVANTE,False,167.79,6.68,0.000479,100.0,0.0,800 UNIDADES DE SERVILLETA DE PAPEL,800 unidades de servilleta de papel,3246.62,EXACT_CONSENSUS,100.0,0.0,0.0,0.0,100,35,3.6e-05,2.36,SERVILLETA DE PAPEL,N/A,matched,100.0,NO,3416.91,0.000515,EXITOSO
run_20260726_084433_08a1a2bb,7,daniel_38,daniel,FACIL,RELEVANTE,False,316.43,7.28,0.000522,100.0,0.0,35 KILOS DE QUESO CAMPESINO,35 kilos de queso campesino,3627.51,EXACT_CONSENSUS,100.0,0.0,0.0,0.0,100,35,3.6e-05,2.29,QUESO CAMPESINO,N/A,matched,100.0,NO,3946.41,0.000558,EXITOSO
run_20260726_084433_08a1a2bb,7,daniel_39,daniel,FACIL,RELEVANTE,False,230.12,5.95,0.000426,100.0,0.0,12 PORCIONES DE SALMON FRESCO,12 porciones de salmón fresco,2369.6,EXACT_CONSENSUS,100.0,0.0,0.0,0.0,100,35,3.6e-05,2.61,SALMÓN FRESCO,N/A,matched,100.0,NO,2602.48,0.000462,EXITOSO
run_20260726_084433_08a1a2bb,7,daniel_40,daniel,FACIL,RELEVANTE,False,261.05,8.37,0.0006,100.0,0.0,45 KILOS DE PAPAYA MARADOL,45 kilos de papaya maradol,2375.98,EXACT_CONSENSUS,100.0,0.0,0.0,0.0,100,35,3.6e-05,2.19,PAPAYA MARADOL,N/A,matched,100.0,NO,2639.38,0.000636,EXITOSO
run_20260726_084433_08a1a2bb,7,daniel_41,daniel,FACIL,RELEVANTE,False,258.29,6.92,0.000496,100.0,0.0,600 UNIDADES DE TENEDOR PLASTICO,600 unidades de tenedor plástico,2909.78,EXACT_CONSENSUS,100.0,0.0,0.0,0.0,100,35,3.6e-05,2.05,TENEDOR PLÁSTICO,N/A,matched,100.0,NO,3170.25,0.000532,EXITOSO
run_20260726_084433_08a1a2bb,7,daniel_42,daniel,FACIL,RELEVANTE,False,418.51,5.83,0.000418,100.0,0.0,200 KILOS DE HARINA DE TRIGO,200 kilos de harina de trigo,3552.75,EXACT_CONSENSUS,100.0,0.0,0.0,0.0,100,35,3.6e-05,3.86,HARINA DE TRIGO,N/A,matched,100.0,NO,3975.33,0.000454,EXITOSO
run_20260726_084433_08a1a2bb,7,daniel_43,daniel,FACIL,RELEVANTE,False,674.72,6.8,0.000487,100.0,0.0,85 LITROS DE AGUA EMBOTELLADA,85 litros de agua embotellada,5899.27,EXACT_CONSENSUS,100.0,0.0,0.0,0.0,100,35,3.6e-05,2.86,AGUA EMBOTELLADA,N/A,matched,100.0,NO,6577.01,0.000523,EXITOSO
run_20260726_084433_08a1a2bb,7,daniel_44,daniel,FACIL,RELEVANTE,False,414.91,6.32,0.000453,100.0,20.0,110 KILOS DE PLATANO VERDE,110 litros de plátano verde,8195.34,EXACT_CONSENSUS,100.0,0.0,0.0,0.0,100,35,3.6e-05,2.24,PLÁTANO VERDE,N/A,matched,100.0,NO,8612.63,0.000489,EXITOSO
run_20260726_084433_08a1a2bb,7,daniel_45,daniel,FACIL,RELEVANTE,False,689.75,6.68,0.000479,100.0,16.67,40 PORCIONES DE PUDIN DE CHOCOLATE,40 porciones de budín de chocolate,2129.6,EXACT_CONSENSUS,100.0,0.0,0.0,0.0,100,35,3.6e-05,2.31,BUDÍN DE CHOCOLATE,N/A,matched,100.0,NO,2821.84,0.000515,EXITOSO
run_20260726_084433_08a1a2bb,7,daniel_46,daniel,FACIL,RELEVANTE,False,271.96,6.92,0.000496,100.0,0.0,350 UNIDADES DE PLATOS DESECHABLES,350 unidades de platos desechables,2865.88,EXACT_CONSENSUS,100.0,0.0,0.0,0.0,100,35,3.6e-05,2.79,PLATOS DESECHABLES,N/A,matched,100.0,NO,3140.88,0.000532,EXITOSO
run_20260726_084433_08a1a2bb,7,daniel_47,daniel,FACIL,RELEVANTE,False,273.13,9.58,0.000687,100.0,0.0,800 KILOS DE GUAYABA Y 15 PORCIONES DE LOMO DE CERDO,800 kilos de guayaba y 15 porciones de lomo de cerdo,3414.27,EXACT_CONSENSUS,100.0,0.0,0.0,0.0,113,50,4.7e-05,2.17,GUAYABA,N/A,matched,100.0,NO,3689.74,0.000734,EXITOSO
run_20260726_084433_08a1a2bb,7,daniel_48,daniel,FACIL,RELEVANTE,False,217.2,6.8,0.000487,100.0,20.0,50 LITROS DE DESINFECTANTE MULTIUSOS,50 litros de desinfectante multiuso,3830.82,EXACT_CONSENSUS,100.0,0.0,0.0,0.0,100,35,3.6e-05,3.24,DESINFECTANTE MULTIUSO,N/A,matched,100.0,NO,4051.4,0.000523,EXITOSO
run_20260726_084433_08a1a2bb,7,daniel_49,daniel,FACIL,RELEVANTE,False,536.53,6.68,0.000479,100.0,0.0,18 PORCIONES DE PECHUGA A LA PLANCHA,18 porciones de pechuga a la plancha,3874.97,EXACT_CONSENSUS,100.0,0.0,0.0,0.0,101,35,3.6e-05,2.13,PECHUGA A LA PLANCHA,N/A,matched,100.0,NO,4413.78,0.000515,EXITOSO
run_20260726_084433_08a1a2bb,7,daniel_50,daniel,FACIL,RELEVANTE,False,263.18,11.27,0.000808,100.0,0.0,120 KILOS DE YUCA BLANCA Y 45 KILOS DE MARACUYA,120 kilos de yuca blanca y 45 kilos de maracuyá,3214.8,EXACT_CONSENSUS,100.0,0.0,0.0,0.0,110,50,4.6e-05,2.41,YUCA BLANCA,N/A,matched,100.0,NO,3480.64,0.000854,EXITOSO
run_20260726_084433_08a1a2bb,7,daniel_51,daniel,FACIL,RELEVANTE,False,277.15,8.37,0.0006,100.0,0.0,300 UNIDADES DE BOLSA PLASTICA Y 20 LITROS DE JABON LIQUIDO,300 unidades de bolsa plástica y 20 litros de jabón líquido,2649.5,EXACT_CONSENSUS,100.0,0.0,0.0,0.0,113,50,4.7e-05,2.45,BOLSA PLÁSTICA,N/A,matched,100.0,NO,2929.27,0.000647,EXITOSO
run_20260726_084433_08a1a2bb,7,daniel_52,daniel,FACIL,RELEVANTE,False,463.38,9.21,0.00066,100.0,0.0,80 KILOS DE GUAYABA Y 15 PORCIONES DE LOMO DE CERDO,80 kilos de guayaba y 15 porciones de lomo de cerdo,2826.21,EXACT_CONSENSUS,100.0,0.0,0.0,0.0,113,50,4.7e-05,2.84,GUAYABA,N/A,matched,100.0,NO,3292.61,0.000707,EXITOSO
run_20260726_084433_08a1a2bb,7,daniel_53,daniel,FACIL,RELEVANTE,False,178.87,11.03,0.00079,100.0,0.0,150 UNIDADES DE EMPAQUE PARA SUBSIDIO Y 90 KILOS DE MANGO,150 unidades de empaque para subsidio y 90 kilos de mango,4655.27,EXACT_CONSENSUS,100.0,0.0,0.0,0.0,113,50,4.7e-05,2.51,EMPAQUE PARA SUBSIDIO,N/A,matched,100.0,NO,4836.82,0.000837,EXITOSO
run_20260726_084433_08a1a2bb,7,daniel_54,daniel,FACIL,RELEVANTE,False,271.25,11.51,0.000825,100.0,0.0,400 UNIDADES DE CUCHILLO PLASTICO Y 60 LITROS DE LECHE DE SOYA,400 unidades de cuchillo plástico y 60 litros de leche de soya,2400.49,EXACT_CONSENSUS,100.0,0.0,0.0,0.0,116,50,4.7e-05,2.76,CUCHILLO PLÁSTICO,N/A,matched,100.0,NO,2674.73,0.000872,EXITOSO
run_20260726_084433_08a1a2bb,7,daniel_55,daniel,FACIL,RELEVANTE,False,232.97,13.44,0.000963,100.0,16.67,70 KILOS DE PINA ORO MIEL Y 250 UNIDADES DE GORRO DESECHABLE,70 kilos de pina oromiel y 250 unidades de gorro desechable,4021.19,EXACT_CONSENSUS,100.0,0.0,0.0,0.0,113,50,4.7e-05,3.58,PINA OROMIEL,N/A,matched,100.0,NO,4257.99,0.00101,EXITOSO
run_20260726_084433_08a1a2bb,7,daniel_56,daniel,FACIL,RELEVANTE,False,490.17,9.94,0.000712,100.0,0.0,95 KILOS DE BROCOLI Y 35 PORCIONES DE SOPA DE VERDURAS,95 kilos de brócoli y 35 porciones de sopa de verduras,2593.3,EXACT_CONSENSUS,100.0,0.0,0.0,0.0,113,50,4.7e-05,2.76,BRÓCOLI,N/A,matched,100.0,NO,3086.39,0.000759,EXITOSO
run_20260726_084433_08a1a2bb,7,daniel_57,daniel,FACIL,RELEVANTE,False,240.8,9.46,0.000678,100.0,0.0,500 UNIDADES DE TAPA PLASTICA Y 130 LITROS DE CLORO,500 unidades de tapa plástica y 130 litros de cloro,2627.87,EXACT_CONSENSUS,100.0,0.0,0.0,0.0,110,50,4.6e-05,2.71,TAPA PLÁSTICA,N/A,matched,100.0,NO,2871.53,0.000724,EXITOSO
run_20260726_084433_08a1a2bb,7,daniel_58,daniel,FACIL,RELEVANTE,False,201.28,8.85,0.000634,100.0,0.0,85 KILOS DE PERA VERDE Y 40 LITROS DE ACEITE DE OLIVA,85 kilos de pera verde y 40 litros de aceite de oliva,2918.94,EXACT_CONSENSUS,100.0,0.0,0.0,0.0,116,50,4.7e-05,3.98,PERA VERDE,N/A,matched,100.0,NO,3124.5,0.000681,EXITOSO
run_20260726_084433_08a1a2bb,7,daniel_59,daniel,FACIL,RELEVANTE,False,267.46,9.21,0.00066,100.0,0.0,220 UNIDADES DE CAJA DE CARTON Y 15 KILOS DE MANTEQUILLA,220 unidades de caja de cartón y 15 kilos de mantequilla,3613.02,EXACT_CONSENSUS,100.0,0.0,0.0,0.0,113,50,4.7e-05,2.42,CAJA DE CARTÓN,N/A,matched,100.0,NO,3883.06,0.000707,EXITOSO
run_20260726_084433_08a1a2bb,7,daniel_60,daniel,FACIL,RELEVANTE,False,279.45,6.8,0.000487,100.0,0.0,150 KILOS DE PAPA CRIOLLA,150 kilos de papa criolla,2859.22,EXACT_CONSENSUS,100.0,0.0,0.0,0.0,100,35,3.6e-05,2.65,PAPA CRIOLLA,N/A,matched,100.0,NO,3141.47,0.000523,EXITOSO
run_20260726_084433_08a1a2bb,7,daniel_61,daniel,FACIL,RELEVANTE,False,170.55,5.71,0.000409,100.0,0.0,80 LITROS DE VINAGRE BLANCO,80 litros de vinagre blanco,3471.05,EXACT_CONSENSUS,100.0,0.0,0.0,0.0,100,35,3.6e-05,2.61,VINAGRE BLANCO,N/A,matched,100.0,NO,3644.35,0.000445,EXITOSO
run_20260726_084433_08a1a2bb,7,daniel_62,daniel,FACIL,RELEVANTE,False,269.29,6.07,0.000435,100.0,0.0,400 UNIDADES DE MECHERO PARA VELA,400 unidades de mechero para vela,2995.17,EXACT_CONSENSUS,100.0,0.0,0.0,0.0,100,35,3.6e-05,3.76,MECHERO PARA VELA,N/A,matched,100.0,NO,3268.52,0.000471,EXITOSO
run_20260726_084433_08a1a2bb,7,daniel_63,daniel,FACIL,RELEVANTE,False,335.66,8.13,0.000583,100.0,0.0,90 KILOS DE DURAZNO EN ALMIBAR,90 kilos de durazno en almíbar,5720.2,EXACT_CONSENSUS,100.0,0.0,0.0,0.0,100,35,3.6e-05,3.4,DURAZNO EN ALMÍBAR,N/A,matched,100.0,NO,6059.46,0.000619,EXITOSO
run_20260726_084433_08a1a2bb,7,daniel_64,daniel,FACIL,RELEVANTE,False,252.71,5.47,0.000392,100.0,0.0,35 PORCIONES DE FILETE DE POLLO,35 porciones de filete de pollo,3093.44,EXACT_CONSENSUS,100.0,0.0,0.0,0.0,100,35,3.6e-05,3.82,FILETE DE POLLO,N/A,matched,100.0,NO,3350.15,0.000428,EXITOSO
run_20260726_084433_08a1a2bb,7,daniel_65,daniel,FACIL,RELEVANTE,False,252.18,8.01,0.000574,100.0,0.0,600 UNIDADES DE CAPUCHON DE PAPEL,600 unidades de capuchón de papel,2556.07,EXACT_CONSENSUS,100.0,0.0,0.0,0.0,100,35,3.6e-05,3.26,CAPUCHÓN DE PAPEL,N/A,matched,100.0,NO,2811.74,0.00061,EXITOSO
run_20260726_084433_08a1a2bb,7,daniel_66,daniel,FACIL,RELEVANTE,False,284.68,6.56,0.00047,100.0,0.0,110 KILOS DE AJO EN POLVO,110 kilos de ajo en polvo,2900.16,EXACT_CONSENSUS,100.0,0.0,0.0,0.0,100,35,3.6e-05,4.18,AJO EN POLVO,N/A,matched,100.0,NO,3189.34,0.000506,EXITOSO
run_20260726_084433_08a1a2bb,7,daniel_67,daniel,FACIL,RELEVANTE,False,195.82,6.8,0.000487,100.0,0.0,75 LITROS DE JUGO DE MARACUYA,75 litros de jugo de maracuyá,3123.69,EXACT_CONSENSUS,100.0,0.0,0.0,0.0,100,35,3.6e-05,2.32,JUGO DE MARACUYÁ,N/A,matched,100.0,NO,3322.01,0.000523,EXITOSO
run_20260726_084433_08a1a2bb,7,daniel_68,daniel,FACIL,RELEVANTE,False,382.11,6.32,0.000453,100.0,0.0,50 PORCIONES DE CARNE MOLIDA,50 porciones de carne molida,2971.75,EXACT_CONSENSUS,100.0,0.0,0.0,0.0,100,35,3.6e-05,2.65,CARNE MOLIDA,N/A,matched,100.0,NO,3356.7,0.000489,EXITOSO
run_20260726_084433_08a1a2bb,7,daniel_70,daniel,MEDIO,RELEVANTE,False,203.51,16.82,0.001205,100.0,4.55,HOLA BUENAS TARDES PARA INFORMAR QUE EN EL ESTANTE TRES TENEMOS 45 KILOS DE AVENA EN HOJUELAS Y 20 LITROS DE MIEL,hola buenas tardes para informar que en el estante 3 tenemos 45 kilos de avena en hojuelas y 20 litros de miel,5631.85,EXACT_CONSENSUS,100.0,0.0,0.0,0.0,146,50,5.2e-05,2.19,AVENA EN HOJUELAS,N/A,matched,100.0,NO,5837.77,0.001257,EXITOSO
run_20260726_084433_08a1a2bb,7,daniel_71,daniel,MEDIO,RELEVANTE,False,378.69,13.32,0.000955,100.0,0.0,DON MARIO REVISANDO EL CONGELADOR HAY 80 PORCIONES DE PESCADO Y 120 KILOS DE ESPINACA,don mario revisando el congelador hay 80 porciones de pescado y 120 kilos de espinaca,4385.22,EXACT_CONSENSUS,100.0,0.0,0.0,0.0,125,50,4.9e-05,2.51,PESCADO,N/A,matched,100.0,NO,4766.65,0.001004,EXITOSO
run_20260726_084433_08a1a2bb,7,daniel_72,daniel,MEDIO,RELEVANTE,False,564.78,17.3,0.00124,100.0,6.25,OIGA MARGARITA ANOTE POR FAVOR SON 300 UNIDADES DE EMPAQUE TERMOFORMADO Y 15 KILOS DE CANELA,oiga margarita anote por favor son 300 unidades de empaque terraformado y 15 kilos de canela,3371.95,EXACT_CONSENSUS,100.0,0.0,0.0,0.0,128,50,4.9e-05,2.79,EMPAQUE TERRAFORMADO,N/A,matched,100.0,NO,3939.82,0.001289,EXITOSO
run_20260726_084433_08a1a2bb,7,daniel_73,daniel,MEDIO,RELEVANTE,False,300.73,17.06,0.001223,100.0,0.0,HOLA CARLOS COMO VAS MIRA AQUI REVISANDO LA BODEGA PRINCIPAL HAY 90 KILOS DE LENTEJA Y 200 LITROS DE VINAGRE,hola carlos cómo vas mira aquí revisando la bodega principal hay 90 kilos de lenteja y 200 litros de vinagre,5787.29,EXACT_CONSENSUS,100.0,0.0,0.0,0.0,140,50,5.1e-05,2.48,LENTEJA,N/A,matched,100.0,NO,6090.77,0.001274,EXITOSO
run_20260726_084433_08a1a2bb,7,daniel_74,daniel,MEDIO,RELEVANTE,False,746.79,14.41,0.001033,100.0,6.25,BUENAS NOCHES EQUIPO CONFIRMO RECEPCION DE 150 UNIDADES DE BANDEJA ICOPOR Y 60 KILOS DE GUISANTES,buenas noches equipo confirmo recepción de 150 unidades de bandeja de icopor y 60 kilos de guisantes,2392.33,EXACT_CONSENSUS,100.0,0.0,0.0,0.0,131,50,5e-05,2.5,BANDEJA DE ICOPOR,N/A,matched,100.0,NO,3141.84,0.001083,EXITOSO
run_20260726_084433_08a1a2bb,7,daniel_75,daniel,MEDIO,RELEVANTE,False,293.15,14.16,0.001015,100.0,0.0,HOLA JEFE YA LLEGARON LOS INSUMOS SON 500 UNIDADES DE PALILLOS DE DIENTES Y 30 LITROS DE SALSA DE TOMATE,hola jefe ya llegaron los insumos son 500 unidades de palillos de dientes y 30 litros de salsa de tomate,3102.67,EXACT_CONSENSUS,100.0,0.0,0.0,0.0,140,50,5.1e-05,2.28,PALILLOS DE DIENTES,N/A,matched,100.0,NO,3398.35,0.001066,EXITOSO
run_20260726_084433_08a1a2bb,7,daniel_76,daniel,MEDIO,RELEVANTE,False,825.4,16.34,0.001171,100.0,0.0,DON ALBERTO REVISE EL SECTOR B Y TENEMOS 70 PORCIONES DE PECHUGA Y 40 KILOS DE LIMA,don alberto revisé el sector b y tenemos 70 porciones de pechuga y 40 kilos de lima,5134.02,EXACT_CONSENSUS,100.0,0.0,0.0,0.0,131,50,5e-05,3.06,PECHUGA,N/A,matched,100.0,NO,5962.73,0.001221,EXITOSO
run_20260726_084433_08a1a2bb,7,daniel_77,daniel,MEDIO,RELEVANTE,False,315.33,23.46,0.001681,100.0,10.0,QUE MAS PUES HERMANO AQUI REPORTANDO EN LA LISTA VAN 250 UNIDADES DE CAPUCHON PLASTICO Y 85 KILOS DE GARBANZO,qué más puede ser hermano aquí reportando en la lista van 250 unidades de capuchón plástico y 85 kilos de garbanzo,4771.65,EXACT_CONSENSUS,100.0,0.0,0.0,0.0,143,50,5.1e-05,2.39,CAPUCHÓN PLÁSTICO,N/A,matched,100.0,NO,5089.64,0.001732,EXITOSO
run_20260726_084433_08a1a2bb,7,daniel_78,daniel,MEDIO,RELEVANTE,False,187.68,12.23,0.000876,100.0,0.0,NIDIA CONFIRMA SI LLEGARON 100 LITROS DE CREMA DE LECHE Y 40 KILOS DE MANI SALADO,nidia confirma si llegaron 100 litros de crema de leche y 40 kilos de maní salado,3911.91,EXACT_CONSENSUS,100.0,0.0,0.0,0.0,128,50,4.9e-05,2.26,CREMA DE LECHE,N/A,matched,100.0,NO,4102.07,0.000925,EXITOSO
run_20260726_084433_08a1a2bb,7,daniel_79,daniel,MEDIO,RELEVANTE,False,460.86,16.94,0.001214,100.0,0.0,BUENOS DIAS ALMACEN DICTO CONTEO RAPIDO 60 PORCIONES DE ARROZ CON POLLO Y 18 KILOS DE OREGANO,buenos días almacén dicto conteo rápido 60 porciones de arroz con pollo y 18 kilos de orégano,7615.55,EXACT_CONSENSUS,100.0,0.0,0.0,0.0,131,50,5e-05,2.48,ARROZ CON POLLO,N/A,matched,100.0,NO,8079.12,0.001264,EXITOSO
run_20260726_084433_08a1a2bb,7,daniel_80,daniel,MEDIO,RELEVANTE,False,290.73,21.29,0.001526,100.0,0.0,HOLA A TODOS ESPERO ESTEN BIEN REVISANDO HOY SE INGRESAN 500 UNIDADES DE POPOTE BIO Y 75 LITROS DE DESINFECTANTE,hola a todos espero estén bien revisando hoy se ingresan 500 unidades de popote bio y 75 litros de desinfectante,3120.97,EXACT_CONSENSUS,100.0,0.0,0.0,0.0,140,50,5.1e-05,1.98,POPOTE BIO,N/A,matched,100.0,NO,3414.02,0.001577,EXITOSO
run_20260726_084433_08a1a2bb,7,daniel_81,daniel,MEDIO,RELEVANTE,False,293.23,17.18,0.001231,100.0,5.88,SENOR LUCHO ME DICE SI COPIO 35 KILOS DE UVA PASA Y 120 PORCIONES DE PASTA BOLOGNESA,señor lucho me dice si copió 35 kilos de uva pasa y 120 porciones de pasta boloñesa,3379.52,EXACT_CONSENSUS,100.0,0.0,0.0,0.0,131,50,5e-05,2.03,UVA PASA,N/A,matched,100.0,NO,3675.06,0.001281,EXITOSO
run_20260726_084433_08a1a2bb,7,daniel_82,daniel,MEDIO,RELEVANTE,False,297.19,16.94,0.001214,100.0,0.0,CHICOS REVISEN LA SECCION DE ASEO HAY 90 LITROS DE JABON MULTIUSOS Y 400 UNIDADES DE ESPONJA,chicos revisen la sección de aseo hay 90 litros de jabón multiusos y 400 unidades de esponja,4763.64,EXACT_CONSENSUS,100.0,0.0,0.0,0.0,131,50,5e-05,2.23,JABÓN MULTIUSOS,N/A,matched,100.0,NO,5063.27,0.001264,EXITOSO
run_20260726_084433_08a1a2bb,7,daniel_83,daniel,MEDIO,RELEVANTE,False,191.4,17.43,0.001249,100.0,6.25,HOLA LINA DICTO INVENTARIO DE REFRIGERADOR 65 KILOS DE QUESO MOZZARELLA Y 25 LITROS DE YOGURT,hola lina dicto inventario de refrigerador 65 kilos de queso mozzarella y 25 litros de yogur,3268.25,EXACT_CONSENSUS,100.0,0.0,0.0,0.0,128,50,4.9e-05,2.29,QUESO MOZZARELLA,N/A,matched,100.0,NO,3462.14,0.001298,EXITOSO
run_20260726_084433_08a1a2bb,7,daniel_84,daniel,MEDIO,RELEVANTE,False,291.35,17.55,0.001258,100.0,0.0,DON ROBERTO BUENAS TARDES TENEMOS EN STOCK 180 UNIDADES DE ENVASE ALUMINIO Y 50 KILOS DE AVENA,don roberto buenas tardes tenemos en stock 180 unidades de envase aluminio y 50 kilos de avena,5982.44,EXACT_CONSENSUS,100.0,0.0,0.0,0.0,131,50,5e-05,2.69,ENVASE ALUMINIO,N/A,matched,100.0,NO,6276.67,0.001308,EXITOSO
run_20260726_084433_08a1a2bb,7,daniel_85,daniel,MEDIO,OMITIR,True,352.96,13.08,0.000937,0.0,0.0,HOLA AMIGOS COMO ESTAN HACE MUCHO CALOR HOY PERO SEGUIMOS CON EL CONTEO,hola amigos cómo están hace mucho calor hoy pero seguimos con el conteo,6251.55,EXACT_CONSENSUS,100.0,100.0,100.0,100.0,119,30,3.6e-05,0.0,N/A,N/A,OMITIDO,0.0,NO,6604.63,0.000973,EXITOSO
run_20260726_084433_08a1a2bb,7,daniel_86,daniel,MEDIO,OMITIR,True,279.82,12.72,0.000912,0.0,0.0,DON PEDRO ME ESCUCHA BUENOS DIAS SOLO QUERIA SALUDAR Y SABER A QUE HORA LLEGA EL CAMION,don pedro me escucha buenos días solo quería saludar y saber a qué hora llega el camión,7319.31,EXACT_CONSENSUS,100.0,100.0,100.0,100.0,131,30,3.8e-05,0.0,N/A,N/A,OMITIDO,0.0,NO,7599.23,0.00095,EXITOSO
run_20260726_084433_08a1a2bb,7,daniel_88,daniel,MEDIO,RELEVANTE,False,448.31,16.22,0.001162,100.0,5.88,HOLA MARIA CONFIRMO QUE LLEGARON 300 UNIDADES DE BOLSA PAPEL KRAFT Y 40 KILOS DE COCO RALLADO,hola maría confirmo que llegaron 300 unidades de bolsa papel craft y 40 kilos de coco rallado,4726.76,EXACT_CONSENSUS,100.0,0.0,0.0,0.0,131,50,5e-05,2.6,BOLSA PAPEL CRAFT,N/A,matched,100.0,NO,5177.92,0.001212,EXITOSO
run_20260726_084433_08a1a2bb,7,daniel_89,daniel,MEDIO,RELEVANTE,False,186.24,13.44,0.000963,100.0,0.0,SALUDOS A TODOS REGISTRO 95 LITROS DE JUGO DE MORA Y 50 PORCIONES DE CARNE DESMECHADA,saludos a todos registro 95 litros de jugo de mora y 50 porciones de carne desmechada,4813.38,EXACT_CONSENSUS,100.0,0.0,0.0,0.0,128,50,4.9e-05,2.44,JUGO DE MORA,N/A,matched,100.0,NO,5002.28,0.001012,EXITOSO
run_20260726_084433_08a1a2bb,7,daniel_90,daniel,MEDIO,RELEVANTE,False,316.08,15.86,0.001137,100.0,5.56,OIGA ANDRES REVISE EL ESTANTE CUATRO HAY 40 KILOS DE AJONJOLI Y 12 LITROS DE ESENCIA DE VAINILLA,oiga andrés revise el estante 4 hay 40 kilos de ajonjolí y 12 litros de esencia de vainilla,4701.47,EXACT_CONSENSUS,100.0,0.0,0.0,0.0,134,50,5e-05,2.4,AJONJOLÍ,N/A,matched,100.0,NO,5020.23,0.001187,EXITOSO
run_20260726_084433_08a1a2bb,7,daniel_91,daniel,MEDIO,RELEVANTE,False,306.8,13.68,0.00098,100.0,6.67,BUENAS DIAS CONFIRMO QUE TENEMOS 220 UNIDADES DE VASO CARTON Y 70 KILOS DE CAMOTE,buenos días confirmo que tenemos 220 unidades de vaso cartón y 70 kilos de camote,3081.0,EXACT_CONSENSUS,100.0,0.0,0.0,0.0,125,50,4.9e-05,3.72,VASO CARTÓN,N/A,matched,100.0,NO,3391.73,0.001029,EXITOSO
run_20260726_084433_08a1a2bb,7,daniel_92,daniel,MEDIO,RELEVANTE,False,316.65,15.01,0.001076,100.0,0.0,DON FELIPE LE INFORMO QUE SE CONTARON 85 PORCIONES DE EMBUTIDO Y 30 LITROS DE SIROPE,don felipe le informo que se contaron 85 porciones de embutido y 30 litros de sirope,3305.7,EXACT_CONSENSUS,100.0,0.0,0.0,0.0,128,50,4.9e-05,2.27,EMBUTIDO,N/A,matched,100.0,NO,3624.89,0.001125,EXITOSO
run_20260726_084433_08a1a2bb,7,daniel_93,daniel,MEDIO,OMITIR,True,190.03,12.84,0.00092,0.0,0.0,CHICOS NO OLVIDEN QUE HOY HAY REUNION A LAS CUATRO DE LA TARDE EN LA SALA PRINCIPAL,chicos no olviden que hoy hay reunión a las 4 de la tarde en la sala principal,5885.06,EXACT_CONSENSUS,100.0,100.0,100.0,100.0,131,30,3.8e-05,0.0,N/A,N/A,OMITIDO,0.0,NO,6075.18,0.000958,EXITOSO
run_20260726_084433_08a1a2bb,7,daniel_94,daniel,MEDIO,RELEVANTE,False,276.57,17.79,0.001275,100.0,0.0,HOLA DIANA POR FAVOR ANOTA 400 UNIDADES DE MECHA PARA TRAPEADOR Y 50 LITROS DE CERA,hola diana por favor anota 400 unidades de mecha para trapeador y 50 litros de cera,4256.18,EXACT_CONSENSUS,100.0,0.0,0.0,0.0,128,50,4.9e-05,2.72,MECHA PARA TRAPEADOR,N/A,matched,100.0,NO,4535.65,0.001324,EXITOSO
run_20260726_084433_08a1a2bb,7,daniel_95,daniel,DIFICIL,RELEVANTE,False,1281.78,24.19,0.001734,100.0,0.0,PARCE SE CAYO UNA CAJA ESPERA REVISO BUENO DICTE AHI 50 KILOS DE ATUN Y 300 UNIDADES DE LATA,parce se cayó una caja espera reviso bueno dicte ahí 50 kilos de atún y 300 unidades de lata,11593.54,EXACT_CONSENSUS,100.0,0.0,0.0,0.0,137,50,5.1e-05,2.18,ATÚN,N/A,matched,100.0,NO,12877.82,0.001785,EXITOSO
run_20260726_084433_08a1a2bb,7,daniel_96,daniel,DIFICIL,RELEVANTE,False,551.96,32.16,0.002305,100.0,5.26,QUE DIJO NO SE LE ESCUCHA BIEN AH YA DIJO 150 LITROS DE ACEITE Y 80 KILOS DE MAIZ,qué dijo que no se le escucha bien ah ya dijo 150 litros de aceite y 80 kilos de maíz,6576.49,EXACT_CONSENSUS,100.0,0.0,0.0,0.0,140,50,5.1e-05,2.99,ACEITE,N/A,matched,100.0,NO,7131.7,0.002356,EXITOSO
run_20260726_084433_08a1a2bb,7,daniel_98,daniel,DIFICIL,RELEVANTE,False,1150.72,44.47,0.003187,100.0,0.0,ESPERA ESPERA QUE PASE EL CAMION BUENO 600 UNIDADES DE VASO TERMICO Y 20 KILOS DE CHOCOLATE,espera espera que pase el camión bueno 600 unidades de vaso térmico y 20 kilos de chocolate,3625.13,EXACT_CONSENSUS,100.0,0.0,0.0,0.0,131,50,5e-05,2.24,VASO TÉRMICO,N/A,matched,100.0,NO,4778.37,0.003237,EXITOSO
run_20260726_084433_08a1a2bb,7,daniel_99,daniel,DIFICIL,RELEVANTE,False,309.39,22.98,0.001647,100.0,4.35,PARCE TENGO UN HAMBRE TERRIBLE VAMOS A ALMORZAR YA CASI PERO PRIMERO DICTE 40 KILOS DE CAMARON Y 100 PORCIONES DE ARROZ CHAUFA,parce tengo un hambre terrible vamos a almorzar ya casi pero 1º dicte 40 kilos de camarón y 100 porciones de arroz chaufa,6609.25,EXACT_CONSENSUS,100.0,0.0,0.0,0.0,149,50,5.2e-05,2.91,CAMARÓN,N/A,matched,100.0,NO,6921.84,0.001699,EXITOSO
run_20260726_084433_08a1a2bb,7,daniel_100,daniel,DIFICIL,RELEVANTE,False,190.87,19.12,0.00137,100.0,0.0,OIGA APAGUE ESO NO SE OYE NADA A VER 35 LITROS DE SALSA DE SOYA Y 500 UNIDADES DE CAJAS,oiga apagué eso no se oye nada a ver 35 litros de salsa de soya y 500 unidades de cajas,3302.21,EXACT_CONSENSUS,100.0,0.0,0.0,0.0,140,50,5.1e-05,4.13,SALSA DE SOYA,N/A,matched,100.0,NO,3497.63,0.001421,EXITOSO
run_20260726_084433_08a1a2bb,7,daniel_101,daniel,DIFICIL,RELEVANTE,False,408.73,23.1,0.001656,100.0,3.57,CHISME DE PASILLO Y ENTONCES LE DIJO QUE NO Y ELLA SE FUE AJA BUENO ESPERA QUE ESTOY GRABANDO 120 KILOS DE YUCA Y 40 PORCIONES DE SANCOCHO,chisme de pasillo y entonces le dije que no y ella se fue ajá bueno espera que estoy grabando 120 kilos de yuca y 40 porciones de sancocho,4943.41,EXACT_CONSENSUS,100.0,0.0,0.0,0.0,164,50,5.5e-05,2.41,YUCA,N/A,matched,100.0,NO,5354.94,0.001711,EXITOSO
run_20260726_084433_08a1a2bb,7,daniel_102,daniel,DIFICIL,RELEVANTE,False,288.78,28.65,0.002053,100.0,6.25,ESPERA QUE PASE LA SIRENA LISTO ANOTA 70 KILOS DE MANGO Y 200 UNIDADES DE ETIQUETA,espera a que pase la sirena listo anota 70 kilos de mango y 200 unidades de etiqueta,4996.49,EXACT_CONSENSUS,100.0,0.0,0.0,0.0,131,50,5e-05,3.58,MANGO,N/A,matched,100.0,NO,5289.13,0.002103,EXITOSO
run_20260726_084433_08a1a2bb,7,daniel_104,daniel,DIFICIL,RELEVANTE,False,305.02,24.91,0.001785,100.0,0.0,OIGA DON JOSE SE LE OLVIDO EL CASCO ESPERA SE LO LLEVO YA VUELVO BUENO ANOTE AHI 450 UNIDADES DE PITILLO Y 60 KILOS DE LENTEJA,oiga don josé se le olvidó el casco espera se lo llevo ya vuelvo bueno anote ahí 450 unidades de pitillo y 60 kilos de lenteja,3827.28,EXACT_CONSENSUS,100.0,0.0,0.0,0.0,158,50,5.4e-05,2.94,PITILLO,N/A,matched,100.0,NO,4135.51,0.001839,EXITOSO
run_20260726_084433_08a1a2bb,7,daniel_105,daniel,DIFICIL,RELEVANTE,False,283.41,31.91,0.002287,100.0,56.52,RUIDO DE VENTILADOR FUERTE Y SUSURROS AL FONDO NO SE ENTIENDE CASI A VER 110 KILOS DE FRITO Y 30 PORCIONES DE ENSALADA,a ver 110 kilos de frito y 70 porciones de ensalada,2312.43,EXACT_CONSENSUS,100.0,0.0,0.0,0.0,113,50,4.7e-05,2.78,FRITO,N/A,matched,100.0,NO,2598.88,0.002334,EXITOSO
run_20260726_084433_08a1a2bb,7,daniel_108,daniel,DIFICIL,OMITIR,True,280.92,13.44,0.000963,0.0,0.0,PARCE ME DA UN CAFE POR FAVOR GRACIAS OIGA ESTOY HABLANDO CON EL MESERO NO CON LA GRABADORA,parce me da un café por favor gracias oiga estoy hablando con el mesero no con la grabadora,9979.64,EXACT_CONSENSUS,100.0,0.0,0.0,0.0,134,35,4.1e-05,3.2,CAFÉ,N/A,OMITIDO,0.0,NO,10263.9,0.001004,EXITOSO
run_20260726_084433_08a1a2bb,7,daniel_110,daniel,DIFICIL,OMITIR,True,177.07,14.04,0.001006,0.0,0.0,,,0.0,EXACT_CONSENSUS,100.0,100.0,100.0,100.0,100,30,3.3e-05,0.0,N/A,N/A,OMITIDO,0.0,NO,177.13,0.001039,EXITOSO
run_20260726_084433_08a1a2bb,7,daniel_111,daniel,DIFICIL,OMITIR,True,291.91,16.94,0.001214,0.0,0.0,QUE PASO AHI SE CAYO EL ESTANTE PARCE QUE DESASTRE,qué pasó ahí se cayó el estante parce qué desastre,3171.45,EXACT_CONSENSUS,100.0,100.0,100.0,100.0,110,30,3.4e-05,0.0,N/A,N/A,OMITIDO,0.0,NO,3463.53,0.001248,EXITOSO
run_20260726_084433_08a1a2bb,7,daniel_112,daniel,DIFICIL,OMITIR,True,273.19,18.39,0.001318,0.0,0.0,CUIDADO CON EL MONTACARGAS ESPERA FRENEN ESO,cuidado con el montacargas espera frena eso,5801.38,EXACT_CONSENSUS,100.0,100.0,100.0,100.0,101,30,3.3e-05,0.0,N/A,N/A,OMITIDO,0.0,NO,6074.67,0.001351,EXITOSO
run_20260726_084433_08a1a2bb,8,adriana_1,adriana,FACIL,RELEVANTE,False,1153.09,6.74,0.000483,100.0,0.0,150 KILOS DE ARROZ,150 kilos de arroz,3946.63,EXACT_CONSENSUS,100.0,0.0,0.0,0.0,100,35,3.6e-05,4.67,ARROZ,N/A,matched,100.0,NO,5104.56,0.000519,EXITOSO
run_20260726_084433_08a1a2bb,8,adriana_2,adriana,FACIL,RELEVANTE,False,1264.09,7.8,0.000559,100.0,0.0,220 KILOS DE AZUCAR RUBIA,220 kilos de azúcar rubia,3718.6,EXACT_CONSENSUS,100.0,0.0,0.0,0.0,100,35,3.6e-05,3.89,AZÚCAR RUBIA,N/A,matched,100.0,NO,4986.72,0.000595,EXITOSO
run_20260726_084433_08a1a2bb,8,adriana_3,adriana,FACIL,RELEVANTE,False,1243.48,6.07,0.000435,100.0,0.0,75 LITROS DE ACEITE,75 litros de aceite,3734.33,EXACT_CONSENSUS,100.0,0.0,0.0,0.0,100,35,3.6e-05,2.92,ACEITE,N/A,matched,100.0,NO,4980.85,0.000471,EXITOSO
run_20260726_084433_08a1a2bb,8,adriana_4,adriana,FACIL,RELEVANTE,False,1234.78,6.84,0.00049,100.0,0.0,12 LITROS DE ACEITE DE AJONJOLI,12 litros de aceite de ajonjolí,3990.13,EXACT_CONSENSUS,100.0,0.0,0.0,0.0,100,35,3.6e-05,2.2,ACEITE DE AJONJOLÍ,N/A,matched,100.0,NO,5227.23,0.000526,EXITOSO
run_20260726_084433_08a1a2bb,8,adriana_5,adriana,FACIL,RELEVANTE,False,1236.31,6.07,0.000435,100.0,0.0,18 LITROS DE ACEITE DE OLIVA,18 litros de aceite de oliva,4064.93,EXACT_CONSENSUS,100.0,0.0,0.0,0.0,100,35,3.6e-05,2.6,ACEITE DE OLIVA,N/A,matched,100.0,NO,5304.06,0.000471,EXITOSO
run_20260726_084433_08a1a2bb,8,adriana_6,adriana,FACIL,RELEVANTE,False,1233.4,6.55,0.000469,100.0,0.0,35 UNIDADES DE ACEITE DE OLIVA EN SOBRES,35 unidades de aceite de oliva en sobres,2830.69,EXACT_CONSENSUS,100.0,0.0,0.0,0.0,104,35,3.7e-05,2.67,ACEITE DE OLIVA,N/A,matched,100.0,NO,4066.93,0.000506,EXITOSO
run_20260726_084433_08a1a2bb,8,adriana_7,adriana,FACIL,RELEVANTE,False,1239.37,5.59,0.000401,100.0,0.0,22 KILOS DE ACHIOTE MOLIDO,22 kilos de achiote molido,3057.79,EXACT_CONSENSUS,100.0,0.0,0.0,0.0,100,35,3.6e-05,2.76,ACHIOTE MOLIDO,N/A,matched,100.0,NO,4300.06,0.000437,EXITOSO
run_20260726_084433_08a1a2bb,8,adriana_8,adriana,FACIL,RELEVANTE,False,1138.05,6.36,0.000456,100.0,0.0,16 LITROS DE ADEREZO DE QUESO CHEDDAR,16 litros de aderezo de queso cheddar,2678.96,EXACT_CONSENSUS,100.0,0.0,0.0,0.0,101,35,3.6e-05,2.5,ADEREZO DE QUESO CHEDDAR,N/A,matched,100.0,NO,3819.64,0.000492,EXITOSO
run_20260726_084433_08a1a2bb,8,adriana_9,adriana,FACIL,RELEVANTE,False,299.46,7.41,0.000531,100.0,0.0,240 UNIDADES DE AGUA DE 280 MILILITROS,240 unidades de agua de 280 mililitros,3926.61,EXACT_CONSENSUS,100.0,0.0,0.0,0.0,101,35,3.6e-05,2.29,AGUA,N/A,matched,100.0,NO,4228.5,0.000567,EXITOSO
run_20260726_084433_08a1a2bb,8,adriana_10,adriana,FACIL,RELEVANTE,False,381.44,7.51,0.000538,100.0,0.0,520 UNIDADES DE AGUA EN BOTELLA,520 unidades de agua en botella,3103.34,EXACT_CONSENSUS,100.0,0.0,0.0,0.0,100,35,3.6e-05,2.73,AGUA EN BOTELLA,N/A,matched,100.0,NO,3487.74,0.000574,EXITOSO
run_20260726_084433_08a1a2bb,8,adriana_11,adriana,FACIL,RELEVANTE,False,264.13,8.37,0.0006,100.0,50.0,430 UNIDADES DE AGUA SABORIZADA H2O,430 unidades de agua saborizada h 2 o,2453.19,EXACT_CONSENSUS,100.0,0.0,0.0,0.0,104,35,3.7e-05,7.32,AGUA SABORIZADA H 2 O,N/A,matched,100.0,NO,2724.8,0.000637,EXITOSO
run_20260726_084433_08a1a2bb,8,adriana_12,adriana,FACIL,RELEVANTE,False,262.28,8.56,0.000613,100.0,16.67,680 UNIDADES DE AGUA WAIRA SABORIZADA,680 unidades de agua guaira saborizada,3392.34,EXACT_CONSENSUS,100.0,0.0,0.0,0.0,100,35,3.6e-05,2.36,AGUA GUAIRA SABORIZADA,N/A,matched,100.0,NO,3657.14,0.000649,EXITOSO
run_20260726_084433_08a1a2bb,8,adriana_13,adriana,FACIL,RELEVANTE,False,722.56,6.36,0.000456,100.0,0.0,15 LITROS DE AGUARDIENTE AMARILLO PIONERO,15 litros de aguardiente amarillo pionero,3069.47,EXACT_CONSENSUS,100.0,0.0,0.0,0.0,100,35,3.6e-05,4.85,AGUARDIENTE AMARILLO PIONERO,N/A,matched,100.0,NO,3797.02,0.000492,EXITOSO
run_20260726_084433_08a1a2bb,8,adriana_14,adriana,FACIL,RELEVANTE,False,170.84,5.97,0.000428,100.0,0.0,9 LITROS DE AGUARDIENTE ANTIOQUENO SIN AZUCAR,9 litros de aguardiente antioqueño sin azúcar,2626.27,EXACT_CONSENSUS,100.0,0.0,0.0,0.0,101,35,3.6e-05,3.05,AGUARDIENTE ANTIOQUEÑO SIN AZÚCAR,N/A,matched,100.0,NO,2800.4,0.000464,EXITOSO
run_20260726_084433_08a1a2bb,8,adriana_15,adriana,FACIL,RELEVANTE,False,325.45,6.74,0.000483,100.0,0.0,7 LITROS DE AGUARDIENTE ANTIOQUENO ROJO,7 litros de aguardiente antioqueño rojo,2431.62,EXACT_CONSENSUS,100.0,0.0,0.0,0.0,100,35,3.6e-05,2.4,AGUARDIENTE ANTIOQUEÑO ROJO,N/A,matched,100.0,NO,2759.71,0.000519,EXITOSO
run_20260726_084433_08a1a2bb,8,adriana_16,adriana,FACIL,RELEVANTE,False,163.92,6.45,0.000462,100.0,0.0,18 LITROS DE AGUARDIENTE NECTAR CLUB,18 litros de aguardiente néctar club,1944.43,EXACT_CONSENSUS,100.0,0.0,0.0,0.0,100,35,3.6e-05,2.64,AGUARDIENTE NÉCTAR CLUB,N/A,matched,100.0,NO,2111.15,0.000498,EXITOSO
run_20260726_084433_08a1a2bb,8,adriana_17,adriana,FACIL,RELEVANTE,False,156.55,4.82,0.000345,100.0,0.0,25 KILOS DE AJO,25 kilos de ajo,2219.76,EXACT_CONSENSUS,100.0,0.0,0.0,0.0,100,35,3.6e-05,3.54,AJO,N/A,matched,100.0,NO,2380.01,0.000381,EXITOSO
run_20260726_084433_08a1a2bb,8,adriana_18,adriana,FACIL,RELEVANTE,False,831.38,5.88,0.000421,100.0,0.0,6 KILOS DE AJO GRANULADO,6 kilos de ajo granulado,2182.63,EXACT_CONSENSUS,100.0,0.0,0.0,0.0,100,35,3.6e-05,2.35,AJO GRANULADO,N/A,matched,100.0,NO,3016.62,0.000457,EXITOSO
run_20260726_084433_08a1a2bb,8,adriana_19,adriana,FACIL,RELEVANTE,False,272.08,6.26,0.000449,100.0,0.0,14 KILOS DE AJONJOLI,14 kilos de ajonjolí,3370.01,EXACT_CONSENSUS,100.0,0.0,0.0,0.0,100,35,3.6e-05,3.65,AJONJOLÍ,N/A,matched,100.0,NO,3645.99,0.000485,EXITOSO
run_20260726_084433_08a1a2bb,8,adriana_20,adriana,FACIL,RELEVANTE,False,259.64,6.26,0.000449,100.0,0.0,45 KILOS DE ALAS DE POLLO,45 kilos de alas de pollo,3653.69,EXACT_CONSENSUS,100.0,0.0,0.0,0.0,100,35,3.6e-05,2.38,ALAS DE POLLO,N/A,matched,100.0,NO,3915.89,0.000485,EXITOSO
run_20260726_084433_08a1a2bb,8,adriana_21,adriana,FACIL,RELEVANTE,False,262.09,7.03,0.000504,100.0,0.0,28 KILOS DE ALAS DE POLLO BBQ,28 kilos de alas de pollo bbq,2970.6,EXACT_CONSENSUS,100.0,0.0,0.0,0.0,101,35,3.6e-05,2.56,ALAS DE POLLO BBQ,N/A,matched,100.0,NO,3235.39,0.00054,EXITOSO
run_20260726_084433_08a1a2bb,8,adriana_22,adriana,FACIL,RELEVANTE,False,159.18,4.63,0.000332,100.0,0.0,16 KILOS DE ALBACON,16 kilos de albacón,3292.28,EXACT_CONSENSUS,100.0,0.0,0.0,0.0,100,35,3.6e-05,2.55,ALBACÓN,N/A,matched,100.0,NO,3454.18,0.000368,EXITOSO
run_20260726_084433_08a1a2bb,8,adriana_23,adriana,FACIL,RELEVANTE,False,296.26,5.68,0.000407,100.0,0.0,12 KILOS DE ALCAPARRAS EN FRASCO,12 kilos de alcaparras en frasco,2892.42,EXACT_CONSENSUS,100.0,0.0,0.0,0.0,100,35,3.6e-05,2.1,ALCAPARRAS EN FRASCO,N/A,matched,100.0,NO,3190.92,0.000443,EXITOSO
run_20260726_084433_08a1a2bb,8,adriana_24,adriana,FACIL,RELEVANTE,False,264.88,4.53,0.000325,100.0,0.0,9 KILOS DE ALMENDRAS,9 kilos de almendras,5171.95,EXACT_CONSENSUS,100.0,0.0,0.0,0.0,100,35,3.6e-05,2.36,ALMENDRAS,N/A,matched,100.0,NO,5439.34,0.000361,EXITOSO
run_20260726_084433_08a1a2bb,8,adriana_25,adriana,FACIL,RELEVANTE,False,163.71,4.44,0.000318,100.0,0.0,18 KILOS DE APANADO,18 kilos de apanado,3676.48,EXACT_CONSENSUS,100.0,0.0,0.0,0.0,100,35,3.6e-05,2.29,APANADO,N/A,matched,100.0,NO,3842.68,0.000354,EXITOSO
run_20260726_084433_08a1a2bb,8,adriana_26,adriana,FACIL,RELEVANTE,False,248.75,7.7,0.000552,100.0,0.0,85 KILOS DE APIO,85 kilos de apio,3037.69,EXACT_CONSENSUS,100.0,0.0,0.0,0.0,100,35,3.6e-05,3.67,APIO,N/A,matched,100.0,NO,3290.25,0.000588,EXITOSO
run_20260726_084433_08a1a2bb,8,adriana_27,adriana,FACIL,RELEVANTE,False,261.39,4.34,0.000311,100.0,25.0,24 KILOS DE ARANDANOS,24 kilos de arándano,3790.92,EXACT_CONSENSUS,100.0,0.0,0.0,0.0,100,35,3.6e-05,3.26,ARÁNDANO,N/A,matched,100.0,NO,4055.74,0.000347,EXITOSO
run_20260726_084433_08a1a2bb,8,adriana_28,adriana,FACIL,RELEVANTE,False,159.72,5.68,0.000407,100.0,0.0,450 UNIDADES DE AREPA DE HUEVO,450 unidades de arepa de huevo,3110.76,EXACT_CONSENSUS,100.0,0.0,0.0,0.0,100,35,3.6e-05,2.19,AREPA DE HUEVO,N/A,matched,100.0,NO,3272.86,0.000443,EXITOSO
run_20260726_084433_08a1a2bb,8,adriana_29,adriana,FACIL,RELEVANTE,False,261.94,5.01,0.000359,100.0,0.0,380 UNIDADES DE AREPA DE QUESO,380 unidades de arepa de queso,2525.58,EXACT_CONSENSUS,100.0,0.0,0.0,0.0,100,35,3.6e-05,2.29,AREPA DE QUESO,N/A,matched,100.0,NO,2789.99,0.000395,EXITOSO
run_20260726_084433_08a1a2bb,8,adriana_30,adriana,FACIL,RELEVANTE,False,254.58,5.59,0.000401,100.0,0.0,650 UNIDADES DE AREPA PAISA,650 unidades de arepa paisa,8399.49,EXACT_CONSENSUS,100.0,0.0,0.0,0.0,100,35,3.6e-05,2.31,AREPA PAISA,N/A,matched,100.0,NO,8656.58,0.000437,EXITOSO
run_20260726_084433_08a1a2bb,8,adriana_31,adriana,FACIL,RELEVANTE,False,295.11,6.16,0.000441,100.0,0.0,120 UNIDADES DE AROMATICAS EN SOBRES,120 unidades de aromáticas en sobres,3072.73,EXACT_CONSENSUS,100.0,0.0,0.0,0.0,100,35,3.6e-05,3.06,AROMÁTICAS EN SOBRES,N/A,matched,100.0,NO,3371.13,0.000477,EXITOSO
run_20260726_084433_08a1a2bb,8,adriana_32,adriana,FACIL,RELEVANTE,False,250.66,4.82,0.000345,100.0,0.0,260 KILOS DE ARROZ,260 kilos de arroz,5776.46,EXACT_CONSENSUS,100.0,0.0,0.0,0.0,100,35,3.6e-05,2.52,ARROZ,N/A,matched,100.0,NO,6029.77,0.000381,EXITOSO
run_20260726_084433_08a1a2bb,8,adriana_33,adriana,FACIL,RELEVANTE,False,257.73,5.88,0.000421,100.0,0.0,18 KILOS DE ARROZ BASMATI,18 kilos de arroz basmatí,2856.37,EXACT_CONSENSUS,100.0,0.0,0.0,0.0,100,35,3.6e-05,2.64,ARROZ BASMATÍ,N/A,matched,100.0,NO,3116.89,0.000457,EXITOSO
run_20260726_084433_08a1a2bb,8,adriana_34,adriana,FACIL,RELEVANTE,False,160.38,5.4,0.000387,100.0,0.0,420 KILOS DE ARROZ FEDERAL,420 kilos de arroz federal,10181.44,EXACT_CONSENSUS,100.0,0.0,0.0,0.0,100,35,3.6e-05,265.45,ARROZ FEDERAL,N/A,matched,100.0,NO,10607.42,0.000423,EXITOSO
run_20260726_084433_08a1a2bb,8,adriana_35,adriana,FACIL,RELEVANTE,False,269.2,5.97,0.000428,100.0,0.0,38 KILOS DE ARVEJA AMARILLA,38 kilos de arveja amarilla,2543.64,EXACT_CONSENSUS,100.0,0.0,0.0,0.0,100,35,3.6e-05,2.55,ARVEJA AMARILLA,N/A,matched,100.0,NO,2815.51,0.000464,EXITOSO
run_20260726_084433_08a1a2bb,8,adriana_36,adriana,MEDIO,RELEVANTE,False,813.85,11.64,0.000834,100.0,23.08,ANOTA TRES CALDEROS RECORD QUINCE PLATOS BLANCOS CUADRADOS Y OCHO CINTAS DE SELLAMIENTO,anota 3 calderos récord 15 platos blancos cuadrados y 8 cintas de sellamiento,3301.08,EXACT_CONSENSUS,100.0,0.0,0.0,0.0,119,65,5.7e-05,4.66,CALDEROS,N/A,matched,100.0,NO,4119.83,0.000891,EXITOSO
run_20260726_084433_08a1a2bb,8,adriana_37,adriana,MEDIO,RELEVANTE,False,175.72,15.28,0.001095,100.0,27.78,REGISTRA DIEZ CAJAS DE IBUPROFENO DE OCHOCIENTOS MILIGRAMOS DOCE CAZUELAS DE DIECISEIS ONZAS Y VEINTE PLATOS BLANCOS CUADRADOS,registra 10 cajas de ibuprofeno de 800 miligramos 12 cazuelas de 16 onzas y 20 platos blancos cuadrados,7840.01,EXACT_CONSENSUS,100.0,0.0,0.0,0.0,134,65,5.9e-05,3.61,IBUPROFENO DE 800 MILIGRAMOS,N/A,matched,100.0,NO,8019.64,0.001154,EXITOSO
run_20260726_084433_08a1a2bb,8,adriana_38,adriana,MEDIO,RELEVANTE,False,551.86,13.46,0.000965,100.0,23.08,TENEMOS CINCO CALDEROS RECORD TREINTA CINTAS DE SELLAMIENTO Y NUEVE PLATOS BLANCOS CUADRADOS,tenemos 5 calderos récord 30 cintas de sellamiento y 9 platos blancos cuadrados,4319.76,EXACT_CONSENSUS,100.0,0.0,0.0,0.0,119,65,5.7e-05,2.68,CALDEROS RÉCORD,N/A,matched,100.0,NO,4874.61,0.001022,EXITOSO
run_20260726_084433_08a1a2bb,8,adriana_39,adriana,MEDIO,RELEVANTE,False,175.73,11.44,0.00082,100.0,26.67,ENCONTRAMOS VEINTE CAZUELAS DE DIECISEIS ONZAS SEIS CAJAS DE IBUPROFENO Y QUINCE PLATOS BLANCOS CUADRADOS,encontramos 20 cazuelas de 16 onzas 6 cajas de ibuprofeno y 15 platos blancos cuadrados,7147.07,EXACT_CONSENSUS,100.0,0.0,0.0,0.0,125,65,5.8e-05,2.51,CAZUELAS,N/A,matched,100.0,NO,7325.57,0.000878,EXITOSO
run_20260726_084433_08a1a2bb,8,adriana_40,adriana,MEDIO,RELEVANTE,False,299.67,10.39,0.000745,100.0,15.38,ANOTA UN CALDERO RECORD DIEZ CINTAS DE SELLAMIENTO Y TREINTA PLATOS BLANCOS CUADRADOS,anota un caldero récord 10 cintas de sellamiento y 30 platos blancos cuadrados,7525.56,EXACT_CONSENSUS,100.0,0.0,0.0,0.0,119,65,5.7e-05,3.5,CALDERO,N/A,matched,100.0,NO,7829.09,0.000802,EXITOSO
run_20260726_084433_08a1a2bb,8,adriana_41,adriana,MEDIO,RELEVANTE,False,282.78,11.44,0.00082,100.0,26.67,REGISTRA NUEVE CAJAS DE IBUPROFENO OCHO PLATOS BLANCOS CUADRADOS Y CINCO CAZUELAS DE DIECISEIS ONZAS,registra 9 cajas de ibuprofeno 8 platos blancos cuadrados y 5 cazuelas de 16 onzas,7126.76,EXACT_CONSENSUS,100.0,0.0,0.0,0.0,125,65,5.8e-05,3.63,IBUPROFENO,N/A,matched,100.0,NO,7413.42,0.000878,EXITOSO
run_20260726_084433_08a1a2bb,8,adriana_42,adriana,MEDIO,RELEVANTE,False,280.16,13.56,0.000972,100.0,21.43,ANOTA VEINTICINCO PLATOS BLANCOS CUADRADOS CINCO CAJAS DE IBUPROFENO Y DOS CINTAS DE SELLAMIENTO,anota 25 platos blancos cuadrados 5 cajas de ibuprofeno y 2 cintas de sellamiento,5004.19,EXACT_CONSENSUS,100.0,0.0,0.0,0.0,122,65,5.7e-05,2.67,PLATOS BLANCOS CUADRADOS,N/A,matched,100.0,NO,5287.25,0.001029,EXITOSO
run_20260726_084433_08a1a2bb,8,adriana_43,adriana,MEDIO,RELEVANTE,False,281.52,13.17,0.000944,100.0,26.67,ANOTA DOCE CAJAS DE IBUPROFENO OCHO CAZUELAS DE DIECISEIS ONZAS Y VEINTIDOS PLATOS BLANCOS CUADRADOS,anota 12 cajas de ibuprofeno 8 cazuelas de 16 onzas y 22 platos blancos cuadrados,8539.56,EXACT_CONSENSUS,100.0,0.0,0.0,0.0,125,65,5.8e-05,4.01,IBUPROFENO,N/A,matched,100.0,NO,8825.4,0.001002,EXITOSO
run_20260726_084433_08a1a2bb,8,adriana_44,adriana,MEDIO,RELEVANTE,False,175.29,10.77,0.000772,100.0,23.08,REGISTRA SIETE PLATOS BLANCOS CUADRADOS NUEVE CINTAS DE SELLAMIENTO Y DOS CALDEROS RECORD,registra 7 platos blancos cuadrados 9 cintas de sellamiento y 2 calderos récord,3545.51,EXACT_CONSENSUS,100.0,0.0,0.0,0.0,119,65,5.7e-05,2.16,PLATOS BLANCOS CUADRADOS,N/A,matched,100.0,NO,3723.25,0.000829,EXITOSO
run_20260726_084433_08a1a2bb,8,adriana_45,adriana,MEDIO,RELEVANTE,False,275.21,10.68,0.000765,100.0,23.08,TENEMOS TRES CALDEROS RECORD ONCE PLATOS BLANCOS CUADRADOS Y NUEVE CINTAS DE SELLAMIENTO,tenemos 3 calderos récord 11 platos blancos cuadrados y 9 cintas de sellamiento,3243.64,EXACT_CONSENSUS,100.0,0.0,0.0,0.0,119,65,5.7e-05,2.89,CALDEROS RÉCORD,N/A,matched,100.0,NO,3522.0,0.000822,EXITOSO
run_20260726_084433_08a1a2bb,8,adriana_46,adriana,MEDIO,RELEVANTE,False,174.2,10.2,0.000731,100.0,38.46,REGISTRA NUEVE CALDEROS RECORD DIEZ PLATOS BLANCOS CUADRADOS Y CUATRO CINTAS DE SELLAMIENTO,registra 9 calderos récord 10 platos blancos cuadrados y 4 cintas de 6 a,3438.14,EXACT_CONSENSUS,100.0,0.0,0.0,0.0,122,65,5.7e-05,2.44,CALDEROS,N/A,matched,100.0,NO,3615.03,0.000788,EXITOSO
run_20260726_084433_08a1a2bb,8,adriana_47,adriana,MEDIO,RELEVANTE,False,429.73,7.51,0.000538,100.0,18.18,BUENO POR AQUI VEO CINCO CALDEROS RECORD Y DOCE PLATOS CUADRADOS,bueno por aquí veo 5 calderos récord y 12 platos cuadrados,3363.95,EXACT_CONSENSUS,100.0,0.0,0.0,0.0,113,50,4.7e-05,2.2,CALDEROS RÉCORD,N/A,matched,100.0,NO,3796.07,0.000585,EXITOSO
run_20260726_084433_08a1a2bb,8,adriana_48,adriana,MEDIO,RELEVANTE,False,619.42,8.47,0.000607,100.0,18.18,ANOTE SEIS CAJAS DE IBUPROFENO Y UNAS QUINCE CINTAS DE SELLAMIENTO,anoté 6 cajas de ibuprofeno y unas 15 cintas de sellamiento,2445.81,EXACT_CONSENSUS,100.0,0.0,0.0,0.0,113,50,4.7e-05,2.54,IBUPROFENO,N/A,matched,100.0,NO,3067.99,0.000654,EXITOSO
run_20260726_084433_08a1a2bb,8,adriana_49,adriana,MEDIO,RELEVANTE,False,271.33,6.26,0.000449,100.0,25.0,AQUI QUEDARON DIEZ CAZUELAS Y OCHO PLATOS BLANCOS,aquí quedaron 10 cazuelas y 8 platos blancos,4683.24,EXACT_CONSENSUS,100.0,0.0,0.0,0.0,104,50,4.6e-05,1.72,CAZUELAS,N/A,matched,100.0,NO,4956.48,0.000495,EXITOSO
run_20260726_084433_08a1a2bb,8,adriana_50,adriana,MEDIO,RELEVANTE,False,424.67,6.36,0.000456,100.0,33.33,REGISTRA CUATRO CALDEROS Y VEINTE PLATOS,registra 4 calderos y 20 platos,5850.99,EXACT_CONSENSUS,100.0,0.0,0.0,0.0,100,50,4.5e-05,2.22,CALDERO,N/A,matched,100.0,NO,6278.06,0.000501,EXITOSO
run_20260726_084433_08a1a2bb,8,adriana_51,adriana,MEDIO,RELEVANTE,False,260.43,7.32,0.000525,100.0,18.18,POR ESTE LADO HAY NUEVE CAJAS DE IBUPROFENO Y TRES CINTAS,por este lado hay 9 cajas de ibuprofeno y 3 cintas,2937.43,EXACT_CONSENSUS,100.0,0.0,0.0,0.0,113,50,4.7e-05,2.56,IBUPROFENO,N/A,matched,100.0,NO,3200.62,0.000572,EXITOSO
run_20260726_084433_08a1a2bb,8,adriana_52,adriana,MEDIO,RELEVANTE,False,275.87,7.6,0.000545,100.0,33.33,APUNTA QUINCE PLATOS CUADRADOS SEIS CAZUELAS Y DOS CALDEROS,apunta 15 platos cuadrados 6 cazuelas y 2 calderos,3190.21,EXACT_CONSENSUS,100.0,0.0,0.0,0.0,107,65,5.5e-05,2.89,PLATOS CUADRADOS,N/A,matched,100.0,NO,3469.17,0.0006,EXITOSO
run_20260726_084433_08a1a2bb,8,adriana_53,adriana,MEDIO,RELEVANTE,False,269.3,7.32,0.000525,100.0,20.0,YA TERMINE ESTE ESTANTE QUEDARON OCHO CINTAS Y ONCE PLATOS,ya terminé este estante quedaron 8 cintas y 11 platos,2474.25,EXACT_CONSENSUS,100.0,0.0,0.0,0.0,110,50,4.6e-05,2.85,CINTAS,N/A,matched,100.0,NO,2746.56,0.000571,EXITOSO
run_20260726_084433_08a1a2bb,8,adriana_54,adriana,MEDIO,RELEVANTE,False,253.61,7.22,0.000517,100.0,20.0,AQUI SOLAMENTE VEO TRES CALDEROS Y SIETE CAJAS DE IBUPROFENO,aquí solamente veo 3 calderos y 7 cajas de ibuprofeno,3959.55,EXACT_CONSENSUS,100.0,0.0,0.0,0.0,110,50,4.6e-05,3.03,CALDEROS,N/A,matched,100.0,NO,4216.42,0.000563,EXITOSO
run_20260726_084433_08a1a2bb,8,adriana_55,adriana,MEDIO,RELEVANTE,False,173.13,5.97,0.000428,100.0,33.33,REGISTRA DOCE PLATOS Y CINCO CINTAS,registra 12 platos y 5 cintas,5430.1,EXACT_CONSENSUS,100.0,0.0,0.0,0.0,100,50,4.5e-05,3.92,PLATOS,N/A,matched,100.0,NO,5607.3,0.000473,EXITOSO
run_20260726_084433_08a1a2bb,8,adriana_56,adriana,MEDIO,RELEVANTE,False,285.91,7.22,0.000517,100.0,25.0,BUENO ACA ENCONTRAMOS CUATRO CAZUELAS Y NUEVE PLATOS,bueno acá encontramos 4 cazuelas y 9 platos,3475.6,EXACT_CONSENSUS,100.0,0.0,0.0,0.0,104,50,4.6e-05,2.54,CAZUELAS,N/A,matched,100.0,NO,3764.3,0.000563,EXITOSO
run_20260726_084433_08a1a2bb,8,adriana_57,adriana,MEDIO,RELEVANTE,False,420.98,8.95,0.000641,100.0,20.0,POR FAVOR ANOTA DIEZ CAJAS DE IBUPROFENO Y SEIS PLATOS,por favor anota 10 cajas de ibuprofeno y 6 platos,8878.45,EXACT_CONSENSUS,100.0,0.0,0.0,0.0,110,50,4.6e-05,2.94,IBUPROFENO,N/A,matched,100.0,NO,9302.66,0.000687,EXITOSO
run_20260726_084433_08a1a2bb,8,adriana_58,adriana,MEDIO,RELEVANTE,False,268.95,8.95,0.000641,100.0,36.36,EN ESTE ESTANTE HAY DOS CALDEROS OCHO CINTAS Y QUINCE PLATOS,en este estante hay 2 calderos y 8 cintas y 15 platos,8771.95,EXACT_CONSENSUS,100.0,0.0,0.0,0.0,116,65,5.6e-05,3.53,CALDERO,N/A,matched,100.0,NO,9044.62,0.000697,EXITOSO
run_20260726_084433_08a1a2bb,8,adriana_59,adriana,MEDIO,RELEVANTE,False,269.9,5.88,0.000421,100.0,28.57,SIGUE CON CINCO CAZUELAS Y DOCE PLATOS,sigue con 5 cazuelas y 12 platos,5927.2,EXACT_CONSENSUS,100.0,0.0,0.0,0.0,101,50,4.5e-05,2.03,CAZUELAS,N/A,matched,100.0,NO,6199.29,0.000466,EXITOSO
run_20260726_084433_08a1a2bb,8,adriana_60,adriana,MEDIO,RELEVANTE,False,167.85,7.7,0.000552,100.0,22.22,AQUI QUEDARON SIETE CAJAS DE IBUPROFENO Y CUATRO CINTAS,aquí quedaron 7 cajas de ibuprofeno y 4 cintas,3090.92,EXACT_CONSENSUS,100.0,0.0,0.0,0.0,107,50,4.6e-05,3.09,IBUPROFENO,N/A,matched,100.0,NO,3262.04,0.000598,EXITOSO
run_20260726_084433_08a1a2bb,8,adriana_61,adriana,MEDIO,RELEVANTE,False,281.16,6.26,0.000449,100.0,33.33,REGISTRA NUEVE PLATOS Y TRES CALDEROS,registra 9 platos y 3 calderos,3827.39,EXACT_CONSENSUS,100.0,0.0,0.0,0.0,100,50,4.5e-05,2.54,PLATOS,N/A,matched,100.0,NO,4111.26,0.000494,EXITOSO
run_20260726_084433_08a1a2bb,8,adriana_62,adriana,MEDIO,RELEVANTE,False,261.14,7.89,0.000565,100.0,20.0,EN ESTA FILA VEO DIEZ CINTAS Y SEIS PLATOS CUADRADOS,en esta fila veo 10 cintas y 6 platos cuadrados,3752.74,EXACT_CONSENSUS,100.0,0.0,0.0,0.0,110,50,4.6e-05,2.19,CINTAS,N/A,matched,100.0,NO,4016.26,0.000611,EXITOSO
run_20260726_084433_08a1a2bb,8,adriana_63,adriana,MEDIO,RELEVANTE,False,273.26,7.99,0.000573,100.0,18.18,YA REVISE TODO SON OCHO CAJAS DE IBUPROFENO Y CINCO CAZUELAS,ya revisé todo son 8 cajas de ibuprofeno y 5 cazuelas,2320.7,EXACT_CONSENSUS,100.0,0.0,0.0,0.0,113,50,4.7e-05,3.64,IBUPROFENO,N/A,matched,100.0,NO,2597.82,0.00062,EXITOSO
run_20260726_084433_08a1a2bb,8,adriana_64,adriana,MEDIO,RELEVANTE,False,264.4,7.12,0.00051,100.0,37.5,ANOTA CUATRO PLATOS SIETE CINTAS Y DOS CALDEROS,anota 4 platos 7 cintas y 2 calderos,5468.83,EXACT_CONSENSUS,100.0,0.0,0.0,0.0,104,65,5.5e-05,3.48,PLATOS,N/A,matched,100.0,NO,5736.92,0.000565,EXITOSO
run_20260726_084433_08a1a2bb,8,adriana_65,adriana,MEDIO,RELEVANTE,False,251.48,6.84,0.00049,100.0,22.22,AQUI QUEDARON ONCE PLATOS Y TRES CAJAS DE IBUPROFENO,aquí quedaron 11 platos y 3 cajas de ibuprofeno,8143.96,PARTIAL_CONSENSUS,70.0,0.0,0.0,0.0,107,50,4.6e-05,4.04,PLATOS,N/A,matched,100.0,NO,8399.72,0.000536,EXITOSO
run_20260726_084433_08a1a2bb,8,adriana_66,adriana,MEDIO,RELEVANTE,False,253.06,7.8,0.000559,100.0,33.33,REGISTRA CINCO CALDEROS Y DIEZ PLATOS,registra 5 calderos y 10 platos,2350.43,EXACT_CONSENSUS,100.0,0.0,0.0,0.0,100,50,4.5e-05,2.39,CALDEROS,N/A,matched,100.0,NO,2606.12,0.000604,EXITOSO
run_20260726_084433_08a1a2bb,8,adriana_67,adriana,MEDIO,RELEVANTE,False,404.09,9.81,0.000703,100.0,18.18,ESPERA UN MOMENTO LISTO CONTINUA HAY OCHO PLATOS Y CUATRO CINTAS,espera un momento listo continúa hay 8 platos y 4 cintas,2383.51,EXACT_CONSENSUS,100.0,0.0,0.0,0.0,113,50,4.7e-05,3.0,PLATOS,N/A,matched,100.0,NO,2790.79,0.00075,EXITOSO
run_20260726_084433_08a1a2bb,8,adriana_68,adriana,MEDIO,RELEVANTE,False,173.67,8.18,0.000586,100.0,18.18,EN ESTE LADO ENCONTRAMOS DOCE CAJAS DE IBUPROFENO Y SEIS PLATOS,en este lado encontramos 12 cajas de ibuprofeno y 6 platos,5124.98,EXACT_CONSENSUS,100.0,0.0,0.0,0.0,113,50,4.7e-05,2.24,IBUPROFENO,N/A,matched,100.0,NO,5301.08,0.000633,EXITOSO
run_20260726_084433_08a1a2bb,8,adriana_69,adriana,MEDIO,RELEVANTE,False,281.28,7.22,0.000517,100.0,37.5,ANOTA CINCO CAZUELAS OCHO PLATOS Y DOS CALDEROS,anota 5 cazuelas 8 platos y 2 calderos,3187.58,EXACT_CONSENSUS,100.0,0.0,0.0,0.0,104,65,5.5e-05,2.31,CAZUELA,N/A,matched,100.0,NO,3471.39,0.000572,EXITOSO
run_20260726_084433_08a1a2bb,8,adriana_70,adriana,MEDIO,RELEVANTE,False,269.27,7.12,0.00051,100.0,22.22,YA CASI TERMINAMOS QUEDARON SIETE CINTAS Y NUEVE PLATOS,ya casi terminamos quedaron 7 cintas y 9 platos,7112.23,PARTIAL_CONSENSUS,70.0,0.0,0.0,0.0,107,50,4.6e-05,3.58,CINTAS,N/A,matched,100.0,NO,7385.28,0.000556,EXITOSO
run_20260726_084433_08a1a2bb,8,adriana_71,adriana,MEDIO,RELEVANTE,False,288.47,7.03,0.000504,100.0,20.0,AQUI SOLAMENTE HAY TRES CAJAS DE IBUPROFENO Y CUATRO PLATOS,aquí solamente hay 3 cajas de ibuprofeno y 4 platos,6168.55,EXACT_CONSENSUS,100.0,0.0,0.0,0.0,110,50,4.6e-05,2.84,IBUPROFENO,N/A,matched,100.0,NO,6460.04,0.00055,EXITOSO
run_20260726_084433_08a1a2bb,8,adriana_72,adriana,MEDIO,RELEVANTE,False,313.38,7.12,0.00051,100.0,25.0,REGISTRA UN CALDERO DIEZ PLATOS Y SEIS CINTAS,registra un caldero 10 platos y 6 cintas,4061.2,PARTIAL_CONSENSUS,80.0,0.0,0.0,0.0,104,65,5.5e-05,2.73,CALDERO,N/A,matched,100.0,NO,4377.47,0.000565,EXITOSO
run_20260726_084433_08a1a2bb,8,adriana_73,adriana,MEDIO,RELEVANTE,False,283.74,7.12,0.00051,100.0,18.18,EN LA REPISA DE ARRIBA VEO OCHO CAZUELAS Y CINCO PLATOS,en la repisa de arriba veo 8 cazuelas y 5 platos,3749.76,EXACT_CONSENSUS,100.0,0.0,0.0,0.0,113,50,4.7e-05,2.51,CAZUELAS,N/A,matched,100.0,NO,4036.2,0.000557,EXITOSO
run_20260726_084433_08a1a2bb,8,adriana_74,adriana,MEDIO,RELEVANTE,False,264.15,5.49,0.000393,100.0,33.33,APUNTA DOS CALDEROS Y DOCE PLATOS,apunta 2 calderos y 12 platos,6417.55,EXACT_CONSENSUS,100.0,0.0,0.0,0.0,100,50,4.5e-05,2.26,CALDEROS,N/A,matched,100.0,NO,6684.11,0.000438,EXITOSO
run_20260726_084433_08a1a2bb,8,adriana_75,adriana,MEDIO,RELEVANTE,False,274.85,6.45,0.000462,100.0,25.0,HAY NUEVE CAJAS DE IBUPROFENO Y SIETE CINTAS,hay 9 cajas de ibuprofeno y 7 cintas,2457.2,EXACT_CONSENSUS,100.0,0.0,0.0,0.0,104,50,4.6e-05,1.88,IBUPROFENO,N/A,matched,100.0,NO,2734.14,0.000508,EXITOSO
run_20260726_084433_08a1a2bb,8,adriana_76,adriana,MEDIO,RELEVANTE,False,259.72,6.16,0.000441,100.0,33.33,REGISTRA QUINCE PLATOS Y CUATRO CAZUELAS,registra 15 platos y 4 cazuelas,5956.64,EXACT_CONSENSUS,100.0,0.0,0.0,0.0,100,50,4.5e-05,2.18,PLATOS,N/A,matched,100.0,NO,6218.69,0.000486,EXITOSO
run_20260726_084433_08a1a2bb,8,adriana_77,adriana,MEDIO,RELEVANTE,False,254.62,7.51,0.000538,100.0,22.22,BUENO SEGUIMOS AQUI HAY SEIS PLATOS Y TRES CALDEROS,bueno seguimos aquí hay 6 platos y 3 calderos,6707.88,EXACT_CONSENSUS,100.0,0.0,0.0,0.0,107,50,4.6e-05,2.14,PLATOS,N/A,matched,100.0,NO,6964.86,0.000584,EXITOSO
run_20260726_084433_08a1a2bb,8,adriana_78,adriana,MEDIO,RELEVANTE,False,169.66,6.93,0.000497,100.0,25.0,ANOTA OCHO CINTAS Y CINCO CAJAS DE IBUPROFENO,anota 8 cintas y 5 cajas de ibuprofeno,4328.15,EXACT_CONSENSUS,100.0,0.0,0.0,0.0,104,50,4.6e-05,2.2,CINTAS,N/A,matched,100.0,NO,4500.19,0.000543,EXITOSO
run_20260726_084433_08a1a2bb,8,adriana_79,adriana,MEDIO,RELEVANTE,False,284.39,6.36,0.000456,100.0,22.22,EN ESTA PARTE VEO ONCE PLATOS Y CUATRO CINTAS,en esta parte veo 11 platos y 4 cintas,5364.71,EXACT_CONSENSUS,100.0,0.0,0.0,0.0,107,50,4.6e-05,2.02,PLATOS,N/A,matched,100.0,NO,5651.29,0.000502,EXITOSO
run_20260726_084433_08a1a2bb,8,adriana_80,adriana,MEDIO,RELEVANTE,False,434.21,5.59,0.000401,100.0,33.33,REGISTRA SIETE CAZUELAS Y OCHO PLATOS,registra 7 cazuelas y 8 platos,5803.61,EXACT_CONSENSUS,100.0,0.0,0.0,0.0,100,50,4.5e-05,3.29,CAZUELAS,N/A,matched,100.0,NO,6241.39,0.000446,EXITOSO
run_20260726_084433_08a1a2bb,8,adriana_81,adriana,MEDIO,RELEVANTE,False,268.37,6.93,0.000497,100.0,20.0,YA TERMINE ESTE PASILLO HAY TRES CALDEROS Y SEIS PLATOS,ya terminé este pasillo hay 3 calderos y 6 platos,4804.4,EXACT_CONSENSUS,100.0,0.0,0.0,0.0,110,50,4.6e-05,3.28,CALDERO,N/A,matched,100.0,NO,5076.4,0.000543,EXITOSO
run_20260726_084433_08a1a2bb,8,adriana_82,adriana,MEDIO,RELEVANTE,False,274.05,5.78,0.000414,100.0,22.22,AQUI QUEDARON DIEZ CAJAS DE IBUPROFENO Y NUEVE PLATOS,aquí quedaron 10 cajas de ibuprofeno y 9 platos,6856.86,EXACT_CONSENSUS,100.0,0.0,0.0,0.0,107,50,4.6e-05,2.41,IBUPROFENO,N/A,matched,100.0,NO,7133.47,0.00046,EXITOSO
run_20260726_084433_08a1a2bb,8,adriana_83,adriana,MEDIO,RELEVANTE,False,266.79,6.84,0.00049,100.0,50.0,ANOTA CINCO CINTAS CUATRO PLATOS Y DOS CAZUELAS,anotas 5 cintas 4 platos y 2 cazuelas,5195.26,EXACT_CONSENSUS,100.0,0.0,0.0,0.0,104,65,5.5e-05,2.05,CINTAS,N/A,matched,100.0,NO,5464.27,0.000545,EXITOSO
run_20260726_084433_08a1a2bb,8,adriana_84,adriana,MEDIO,RELEVANTE,False,260.2,6.07,0.000435,100.0,28.57,POR ACA SOLAMENTE VEO OCHO PLATOS CUADRADOS,por acá solo veo 8 platos cuadrados,5681.56,EXACT_CONSENSUS,100.0,0.0,0.0,0.0,101,35,3.6e-05,1.89,PLATOS CUADRADOS,N/A,matched,100.0,NO,5943.85,0.000471,EXITOSO
run_20260726_084433_08a1a2bb,8,adriana_85,adriana,MEDIO,RELEVANTE,False,266.03,6.36,0.000456,100.0,25.0,REGISTRA CUATRO CAJAS DE IBUPROFENO Y SIETE CINTAS,registra 4 cajas de ibuprofeno y 7 cintas,4819.21,EXACT_CONSENSUS,100.0,0.0,0.0,0.0,104,50,4.6e-05,2.3,IBUPROFENO,N/A,matched,100.0,NO,5087.69,0.000502,EXITOSO
run_20260726_084433_08a1a2bb,8,adriana_86,adriana,MEDIO,RELEVANTE,False,291.01,5.01,0.000359,100.0,33.33,HAY SEIS CALDEROS Y NUEVE PLATOS,hay 6 calderos y 9 platos,5366.72,EXACT_CONSENSUS,100.0,0.0,0.0,0.0,100,50,4.5e-05,2.25,CALDEROS,N/A,matched,100.0,NO,5660.14,0.000404,EXITOSO
run_20260726_084433_08a1a2bb,8,adriana_87,adriana,MEDIO,RELEVANTE,False,241.65,6.55,0.000469,100.0,22.22,EN ESTA ESQUINA ENCONTRAMOS CINCO PLATOS Y TRES CINTAS,en esta esquina encontramos 5 platos y 3 cintas,3068.62,EXACT_CONSENSUS,100.0,0.0,0.0,0.0,107,50,4.6e-05,4.98,PLATOS,N/A,matched,100.0,NO,3315.51,0.000515,EXITOSO
run_20260726_084433_08a1a2bb,8,adriana_88,adriana,MEDIO,RELEVANTE,False,526.69,5.88,0.000421,100.0,25.0,REGISTRA OCHO CAJAS DE IBUPROFENO Y DOS CALDEROS,registra 8 cajas de ibuprofeno y 2 calderos,5751.54,EXACT_CONSENSUS,100.0,0.0,0.0,0.0,104,50,4.6e-05,2.25,IBUPROFENO,N/A,matched,100.0,NO,6280.66,0.000467,EXITOSO
run_20260726_084433_08a1a2bb,8,adriana_89,adriana,MEDIO,RELEVANTE,False,567.5,5.49,0.000393,100.0,28.57,AQUI QUEDARON NUEVE PLATOS Y CINCO CAZUELAS,aquí quedaron 9 platos y 5 cazuelas,5653.97,EXACT_CONSENSUS,100.0,0.0,0.0,0.0,101,50,4.5e-05,2.34,PLATOS,N/A,matched,100.0,NO,6224.0,0.000438,EXITOSO
run_20260726_084433_08a1a2bb,8,adriana_90,adriana,MEDIO,RELEVANTE,False,271.16,5.3,0.00038,100.0,33.33,ANOTE DOCE CINTAS Y CUATRO PLATOS,anoté 12 cintas y 4 platos,2661.39,PARTIAL_CONSENSUS,70.0,0.0,0.0,0.0,100,50,4.5e-05,2.05,CINTAS,N/A,matched,100.0,NO,2934.78,0.000425,EXITOSO
run_20260726_084433_08a1a2bb,8,adriana_91,adriana,MEDIO,RELEVANTE,False,305.44,7.6,0.000545,100.0,15.38,YA REVISE TODO ESTE LADO HAY SIETE PLATOS Y TRES CAJAS DE IBUPROFENO,ya revisé todo este lado hay 7 platos y 3 cajas de ibuprofeno,6315.8,PARTIAL_CONSENSUS,70.0,0.0,0.0,0.0,119,50,4.8e-05,1.85,PLATOS,N/A,matched,100.0,NO,6623.37,0.000593,EXITOSO
run_20260726_084433_08a1a2bb,8,adriana_92,adriana,MEDIO,RELEVANTE,False,276.93,5.2,0.000373,100.0,33.33,REGISTRA SEIS CALDEROS Y DIEZ PLATOS,registra 6 calderos y 10 platos,6348.53,EXACT_CONSENSUS,100.0,0.0,0.0,0.0,100,50,4.5e-05,3.13,CALDEROS,N/A,matched,100.0,NO,6628.74,0.000418,EXITOSO
run_20260726_084433_08a1a2bb,8,adriana_93,adriana,MEDIO,RELEVANTE,False,566.92,5.78,0.000414,100.0,25.0,AQUI SOLAMENTE HAY CINCO CINTAS Y OCHO PLATOS,aquí solamente hay 5 cintas y 8 platos,7718.47,EXACT_CONSENSUS,100.0,0.0,0.0,0.0,104,50,4.6e-05,3.2,CINTAS,N/A,matched,100.0,NO,8288.77,0.00046,EXITOSO
run_20260726_084433_08a1a2bb,8,adriana_94,adriana,MEDIO,RELEVANTE,False,285.22,6.26,0.000449,100.0,25.0,ANOTE NUEVE CAZUELAS Y CUATRO CAJAS DE IBUPROFENO,anoté 9 cazuelas y 4 cajas de ibuprofeno,6504.45,EXACT_CONSENSUS,100.0,0.0,0.0,0.0,104,50,4.6e-05,3.33,CAZUELA,N/A,matched,100.0,NO,6793.18,0.000495,EXITOSO
run_20260726_084433_08a1a2bb,8,adriana_95,adriana,MEDIO,RELEVANTE,False,166.47,7.03,0.000504,100.0,33.33,AQUI VEO DOS CALDEROS SIETE PLATOS Y TRES CINTAS,aquí veo 2 calderos 7 platos y 3 cintas,5682.94,EXACT_CONSENSUS,100.0,0.0,0.0,0.0,107,65,5.5e-05,2.88,CALDERO,N/A,matched,100.0,NO,5852.47,0.000559,EXITOSO
run_20260726_084433_08a1a2bb,8,adriana_96,adriana,MEDIO,RELEVANTE,False,268.85,7.03,0.000504,100.0,22.22,REGISTRA DIEZ PLATOS CUADRADOS Y CINCO CAJAS DE IBUPROFENO,registra 10 platos cuadrados y 5 cajas de ibuprofeno,10851.82,EXACT_CONSENSUS,100.0,0.0,0.0,0.0,107,50,4.6e-05,3.37,PLATOS CUADRADOS,N/A,matched,100.0,NO,11124.23,0.00055,EXITOSO
run_20260726_084433_08a1a2bb,8,adriana_97,adriana,MEDIO,RELEVANTE,False,294.05,6.84,0.00049,100.0,20.0,BUENO YA CASI ACABAMOS HAY OCHO PLATOS Y CUATRO CALDEROS,bueno ya casi acabamos hay 8 platos y 4 calderos,2391.81,EXACT_CONSENSUS,100.0,0.0,0.0,0.0,110,50,4.6e-05,2.1,PLATO,N/A,matched,100.0,NO,2688.17,0.000536,EXITOSO
run_20260726_084433_08a1a2bb,8,adriana_98,adriana,MEDIO,RELEVANTE,False,275.11,7.7,0.000552,100.0,25.0,ANOTE SEIS CINTAS DE SELLAMIENTO Y NUEVE PLATOS,anoté 6 cintas de sellamiento y 9 platos,2706.01,EXACT_CONSENSUS,100.0,0.0,0.0,0.0,104,50,4.6e-05,3.34,CINTAS DE SELLAMIENTO,N/A,matched,100.0,NO,2984.7,0.000598,EXITOSO
run_20260726_084433_08a1a2bb,8,adriana_99,adriana,MEDIO,RELEVANTE,False,178.11,6.84,0.00049,100.0,77.78,AQUI QUEDARON CINCO CAJAS DE IBUPROFENO Y DOS CAZUELAS,aquí quedaron 11 platos y 3 cajas de ibuprofeno,5870.43,PARTIAL_CONSENSUS,70.0,0.0,0.0,0.0,107,50,4.6e-05,2.1,PLATOS,N/A,matched,100.0,NO,6050.8,0.000536,EXITOSO
run_20260726_084433_08a1a2bb,8,adriana_100,adriana,MEDIO,RELEVANTE,False,163.61,5.2,0.000373,100.0,33.33,REGISTRA DOCE PLATOS Y CUATRO CINTAS,registra 12 platos y 4 cintas,2343.6,EXACT_CONSENSUS,100.0,0.0,0.0,0.0,100,50,4.5e-05,2.07,PLATOS,N/A,matched,100.0,NO,2509.43,0.000418,EXITOSO
run_20260726_084433_08a1a2bb,8,adriana_101,adriana,MEDIO,RELEVANTE,False,1048.07,6.36,0.000456,100.0,50.0,EN ESTA PARTE SOLAMENTE VEO TRES CALDEROS Y DIEZ PLATOS,en esta parte veo 11 platos y 4 cintas,5942.84,EXACT_CONSENSUS,100.0,0.0,0.0,0.0,107,50,4.6e-05,2.27,PLATOS,N/A,matched,100.0,NO,6993.36,0.000502,EXITOSO
run_20260726_084433_08a1a2bb,8,adriana_102,adriana,MEDIO,RELEVANTE,False,522.25,6.16,0.000441,100.0,25.0,ANOTA OCHO CAJAS DE IBUPROFENO Y CINCO PLATOS,anota 8 cajas de ibuprofeno y 5 platos,7239.41,EXACT_CONSENSUS,100.0,0.0,0.0,0.0,104,50,4.6e-05,2.17,IBUPROFENO,N/A,matched,100.0,NO,7763.99,0.000487,EXITOSO
run_20260726_084433_08a1a2bb,8,adriana_103,adriana,MEDIO,RELEVANTE,False,286.09,7.6,0.000545,100.0,22.22,AQUI ENCONTRAMOS SIETE CINTAS SEIS PLATOS Y UNA CAZUELA,aquí encontramos 7 cintas 6 platos y una cazuela,3277.66,EXACT_CONSENSUS,100.0,0.0,0.0,0.0,107,65,5.5e-05,2.08,CINTAS,N/A,matched,100.0,NO,3566.04,0.0006,EXITOSO
run_20260726_084433_08a1a2bb,8,adriana_104,adriana,MEDIO,RELEVANTE,False,164.76,5.78,0.000414,100.0,33.33,REGISTRA CUATRO CALDEROS Y ONCE PLATOS,registra 4 calderos y 11 platos,3189.17,EXACT_CONSENSUS,100.0,0.0,0.0,0.0,100,50,4.5e-05,2.09,CALDERO,N/A,matched,100.0,NO,3356.17,0.000459,EXITOSO
run_20260726_084433_08a1a2bb,8,adriana_105,adriana,MEDIO,RELEVANTE,False,266.92,7.6,0.000545,100.0,16.67,YA TERMINAMOS ESTA FILA HAY NUEVE CAJAS DE IBUPROFENO Y SEIS PLATOS,ya terminamos esta fila hay 9 cajas de ibuprofeno y 6 platos,4553.0,EXACT_CONSENSUS,100.0,0.0,0.0,0.0,116,50,4.7e-05,2.82,IBUPROFENO,N/A,matched,100.0,NO,4823.07,0.000592,EXITOSO
run_20260726_084433_08a1a2bb,8,adriana_106,adriana,MEDIO,RELEVANTE,False,306.78,7.8,0.000559,100.0,33.33,FINALMENTE ANOTA CINCO PLATOS CUATRO CINTAS Y DOS CALDEROS,finalmente anota 5 platos 4 cintas y 2 calderos,5430.95,EXACT_CONSENSUS,100.0,0.0,0.0,0.0,107,65,5.5e-05,2.69,PLATOS,N/A,matched,100.0,NO,5740.59,0.000614,EXITOSO
run_20260726_084433_08a1a2bb,8,adriana_107,adriana,DIFICIL,RELEVANTE,False,309.18,17.59,0.001261,100.0,0.0,PENSE QUE YA HABIAMOS TERMINADO EL CONTEO PERO FALTABA AHI HAY 28 CAJAS DE SERVILLETAS 15 BOTELLAS DE SALSA DE TOMATE Y 32 PAQUETES DE CUBIERTOS DESECHABLES,pensé que ya habíamos terminado el conteo pero faltaba ahí hay 28 cajas de servilletas 15 botellas de salsa de tomate y 32 paquetes de cubiertos desechables,3542.95,EXACT_CONSENSUS,100.0,0.0,0.0,0.0,161,65,6.3e-05,2.41,SERVILLETAS,N/A,matched,100.0,NO,3855.08,0.001324,EXITOSO
run_20260726_084433_08a1a2bb,8,adriana_108,adriana,DIFICIL,RELEVANTE,False,419.97,15.48,0.001109,100.0,0.0,MARIA MANANA LLEGAN TEMPRANO LOS PROVEEDORES ANOTA 85 GASEOSAS 60 CHOCOLATES Y 45 PAQUETES DE GALLETAS,maría mañana llegan temprano los proveedores anota 85 gaseosas 60 chocolates y 45 paquetes de galletas,10162.75,EXACT_CONSENSUS,100.0,0.0,0.0,0.0,128,65,5.8e-05,1.91,GASEOSA,N/A,matched,100.0,NO,10584.86,0.001167,EXITOSO
run_20260726_084433_08a1a2bb,8,adriana_109,adriana,DIFICIL,RELEVANTE,False,551.82,13.56,0.000972,100.0,0.0,NO OLVIDES CERRAR LA PUERTA CUANDO SALGAS AH Y REGISTRA 40 KILOS DE ARROZ 12 KILOS DE SAL Y 30 LITROS DE ACEITE,no olvides cerrar la puerta cuando salgas ah y registra 40 kilos de arroz 12 kilos de sal y 30 litros de aceite,3910.44,EXACT_CONSENSUS,100.0,0.0,0.0,0.0,149,65,6.1e-05,3.07,ARROZ,N/A,matched,100.0,NO,4465.61,0.001033,EXITOSO
run_20260726_084433_08a1a2bb,8,adriana_110,adriana,DIFICIL,RELEVANTE,False,296.23,18.16,0.001301,100.0,0.0,ESPERA UN MOMENTO QUE ME ESTA LLAMANDO EL SUPERVISOR LISTO CONTINUEMOS HAY 22 PAQUETES DE AZUCAR 35 BOLSAS DE CAFE Y 16 CAJAS DE VASOS DESECHABLES,espera un momento que me está llamando el supervisor listo continuemos hay 22 paquetes de azúcar 35 bolsas de café y 16 cajas de vasos desechables,7963.61,EXACT_CONSENSUS,100.0,0.0,0.0,0.0,158,65,6.3e-05,1.69,AZÚCAR,N/A,matched,100.0,NO,8261.87,0.001364,EXITOSO
run_20260726_084433_08a1a2bb,8,adriana_111,adriana,DIFICIL,RELEVANTE,False,512.16,14.61,0.001047,100.0,0.0,BUENOS DIAS YA TERMINE LA REVISION DEL PARQUEADERO AHORA SI ENCONTRAMOS 18 CAJAS DE GALLETAS 9 PAQUETES DE CAFE Y 14 BOTELLAS DE AGUA,buenos días ya terminé la revisión del parqueadero ahora sí encontramos 18 cajas de galletas 9 paquetes de café y 14 botellas de agua,3792.23,EXACT_CONSENSUS,100.0,0.0,0.0,0.0,152,65,6.2e-05,2.32,GALLETAS,N/A,matched,100.0,NO,4307.06,0.001109,EXITOSO
run_20260726_084433_08a1a2bb,8,adriana_112,adriana,DIFICIL,RELEVANTE,False,283.49,11.83,0.000848,100.0,28.57,HAY OCHO CAJAS DE IBUPROFENO CUATRO CALDEROS RECORD Y DIECIOCHO CAZUELAS DE DIECISEIS ONZAS,hay 8 cajas de ibuprofeno 4 calderos récord y 18 cazuelas de 16 onzas,3225.63,EXACT_CONSENSUS,100.0,0.0,0.0,0.0,122,65,5.7e-05,3.38,IBUPROFENO,N/A,matched,100.0,NO,3512.71,0.000905,EXITOSO
run_20260726_084433_08a1a2bb,8,adriana_113,adriana,DIFICIL,RELEVANTE,False,278.15,10.87,0.000779,100.0,30.77,REGISTRA DOCE PLATOS BLANCOS CUADRADOS SIETE CINTAS DE SELLAMIENTO Y DOS CALDEROS RECORD,registra 12 platos blancos cuadrados 7 cintas de sellamiento y 2 calderos,7953.22,EXACT_CONSENSUS,100.0,0.0,0.0,0.0,116,65,5.6e-05,3.16,PLATOS BLANCOS CUADRADOS,N/A,matched,100.0,NO,8234.71,0.000835,EXITOSO
run_20260726_084433_08a1a2bb,8,adriana_114,adriana,DIFICIL,RELEVANTE,False,282.41,11.83,0.000848,100.0,23.08,TENEMOS CUATRO CALDEROS RECORD DIECISEIS CINTAS DE SELLAMIENTO Y ONCE PLATOS BLANCOS CUADRADOS,tenemos 4 calderos récord 16 cintas de sellamiento y 11 platos blancos cuadrados,3246.6,EXACT_CONSENSUS,100.0,0.0,0.0,0.0,119,65,5.7e-05,4.51,CALDEROS,N/A,matched,100.0,NO,3533.79,0.000905,EXITOSO
run_20260726_084433_08a1a2bb,8,adriana_115,adriana,DIFICIL,RELEVANTE,False,267.82,14.52,0.001041,100.0,28.57,REGISTRA SEIS CALDEROS RECORD DIEZ CAZUELAS DE DIECISEIS ONZAS Y CATORCE PLATOS BLANCOS CUADRADOS,registra 6 calderos récord 10 cazuelas de 16 onzas y 14 platos blancos cuadrados,3361.22,EXACT_CONSENSUS,100.0,0.0,0.0,0.0,122,65,5.7e-05,1.99,CALDERO,N/A,matched,100.0,NO,3631.26,0.001098,EXITOSO
run_20260726_084433_08a1a2bb,8,adriana_116,adriana,DIFICIL,RELEVANTE,False,261.84,12.4,0.000889,100.0,21.43,HAY QUINCE CINTAS DE SELLAMIENTO TRES CAJAS DE IBUPROFENO Y OCHO PLATOS BLANCOS CUADRADOS,hay 15 cintas de sellamiento 3 cajas de ibuprofeno y 8 platos blancos cuadrados,4793.71,EXACT_CONSENSUS,100.0,0.0,0.0,0.0,122,65,5.7e-05,2.02,CINTAS DE SELLAMIENTO,N/A,matched,100.0,NO,5057.81,0.000946,EXITOSO
run_20260726_084433_08a1a2bb,8,adriana_117,adriana,DIFICIL,RELEVANTE,False,398.54,13.17,0.000944,100.0,28.57,ANOTA SIETE CALDEROS RECORD DOCE PLATOS BLANCOS CUADRADOS Y CUATRO CAZUELAS DE DIECISEIS ONZAS,anota 7 calderos récord 12 platos blancos cuadrados y 4 cazuelas de 16 onzas,3077.37,EXACT_CONSENSUS,100.0,0.0,0.0,0.0,122,65,5.7e-05,3.41,CALDEROS,N/A,matched,100.0,NO,3479.57,0.001001,EXITOSO
run_20260726_084433_08a1a2bb,8,adriana_118,adriana,DIFICIL,RELEVANTE,False,271.01,13.08,0.000937,100.0,21.43,REGISTRA ONCE CAJAS DE IBUPROFENO NUEVE CINTAS DE SELLAMIENTO Y CINCO PLATOS BLANCOS CUADRADOS,registra 11 cajas de ibuprofeno 9 cintas de sellamiento y 5 platos blancos cuadrados,6036.66,EXACT_CONSENSUS,100.0,0.0,0.0,0.0,122,65,5.7e-05,2.05,IBUPROFENO,N/A,matched,100.0,NO,6309.92,0.000994,EXITOSO
run_20260726_084433_08a1a2bb,8,adriana_119,adriana,DIFICIL,RELEVANTE,False,336.8,10.96,0.000785,100.0,30.77,TENEMOS DIECIOCHO PLATOS BLANCOS CUADRADOS TRES CALDEROS RECORD Y SEIS CINTAS DE SELLAMIENTO,tenemos 18 platos blancos cuadrados 3 calderos récord y 6 cintas de,5146.67,HIGH_DISCREPANCY,67.0,0.0,0.0,0.0,116,65,5.6e-05,1.87,PLATOS BLANCOS CUADRADOS,N/A,matched,100.0,NO,5485.57,0.000841,EXITOSO
run_20260726_084433_08a1a2bb,8,adriana_120,adriana,DIFICIL,RELEVANTE,False,186.87,14.13,0.001013,100.0,26.67,ANOTA CINCO CAJAS DE IBUPROFENO VEINTE CAZUELAS DE DIECISEIS ONZAS Y OCHO PLATOS BLANCOS CUADRADOS,anota 5 cajas de ibuprofeno 20 cazuelas de 16 onzas y 8 platos blancos cuadrados,2950.98,EXACT_CONSENSUS,100.0,0.0,0.0,0.0,125,65,5.8e-05,2.11,IBUPROFENO,N/A,matched,100.0,NO,3140.17,0.001071,EXITOSO
run_20260726_084433_08a1a2bb,8,adriana_121,adriana,DIFICIL,RELEVANTE,False,330.22,12.21,0.000875,100.0,23.08,REGISTRA DOS CALDEROS RECORD QUINCE PLATOS BLANCOS CUADRADOS Y DIEZ CINTAS DE SELLAMIENTO,registra 2 calderos récord 15 platos blancos cuadrados y 10 cintas de sellamiento,4833.07,EXACT_CONSENSUS,100.0,0.0,0.0,0.0,119,65,5.7e-05,2.37,CALDEROS,N/A,matched,100.0,NO,5165.89,0.000932,EXITOSO
run_20260726_084433_08a1a2bb,8,adriana_122,adriana,DIFICIL,RELEVANTE,False,297.84,12.69,0.000909,100.0,40.0,HAY NUEVE CAZUELAS DE DIECISEIS ONZAS SIETE CAJAS DE IBUPROFENO Y DOCE PLATOS BLANCOS CUADRADOS,este rompecabezas hay 9 cazuelas de 16 onzas 7 cajas de ibuprofeno y 12 platos blancos cuadrados,6681.78,EXACT_CONSENSUS,100.0,0.0,0.0,0.0,131,65,5.9e-05,5.61,CAZUELAS DE 16 ONZAS,N/A,matched,100.0,NO,6985.43,0.000968,EXITOSO
run_20260726_084433_08a1a2bb,8,adriana_123,adriana,DIFICIL,RELEVANTE,False,311.11,10.39,0.000745,100.0,23.08,ANOTA CUATRO PLATOS BLANCOS CUADRADOS CUATRO CALDEROS RECORD Y CATORCE CINTAS DE SELLAMIENTO,anota 4 platos blancos cuadrados 4 calderos récord y 14 cintas de sellamiento,6020.3,EXACT_CONSENSUS,100.0,0.0,0.0,0.0,119,65,5.7e-05,2.32,PLATOS BLANCOS CUADRADOS,N/A,matched,100.0,NO,6333.92,0.000802,EXITOSO
run_20260726_084433_08a1a2bb,8,adriana_124,adriana,DIFICIL,RELEVANTE,False,277.15,10.87,0.000779,100.0,26.67,REGISTRA OCHO CAJAS DE IBUPROFENO DIEZ PLATOS BLANCOS CUADRADOS Y TRES CAZUELAS DE DIECISEIS ONZAS,registra 8 cajas de ibuprofeno 10 platos blancos cuadrados y 3 cazuelas de 16 onzas,2934.02,EXACT_CONSENSUS,100.0,0.0,0.0,0.0,125,65,5.8e-05,2.4,IBUPROFENO,N/A,matched,100.0,NO,3213.75,0.000837,EXITOSO
run_20260726_084433_08a1a2bb,8,adriana_125,adriana,DIFICIL,RELEVANTE,False,426.57,11.16,0.0008,100.0,23.08,TENEMOS SEIS CALDEROS RECORD DIECIOCHO PLATOS BLANCOS CUADRADOS Y CINCO CINTAS DE SELLAMIENTO,tenemos 6 calderos récord 18 platos blancos cuadrados y 5 cintas de sellamiento,3405.05,EXACT_CONSENSUS,100.0,0.0,0.0,0.0,119,65,5.7e-05,4.41,CALDEROS RÉCORD,N/A,matched,100.0,NO,3836.3,0.000857,EXITOSO
run_20260726_084433_08a1a2bb,8,adriana_126,adriana,DIFICIL,RELEVANTE,False,275.75,13.46,0.000965,100.0,33.33,HAY DIEZ CAJAS DE IBUPROFENO CUATRO PLATOS BLANCOS CUADRADOS Y SEIS CAZUELAS DE DIECISEIS ONZAS,hay 10 cajas ibuprofeno 4 platos blancos cuadrados y 6 cazuelas de 16 onzas,3696.49,EXACT_CONSENSUS,100.0,0.0,0.0,0.0,122,65,5.7e-05,2.7,IBUPROFENO,N/A,matched,100.0,NO,3975.21,0.001022,EXITOSO
run_20260726_084433_08a1a2bb,8,adriana_127,adriana,DIFICIL,RELEVANTE,False,173.63,10.29,0.000737,100.0,23.08,ANOTA OCHO CALDEROS RECORD QUINCE CINTAS DE SELLAMIENTO Y TRECE PLATOS BLANCOS CUADRADOS,anota 8 calderos récord 15 cintas de sellamiento y 13 platos blancos cuadrados,4399.62,EXACT_CONSENSUS,100.0,0.0,0.0,0.0,119,65,5.7e-05,2.34,CALDEROS RÉCORD,N/A,matched,100.0,NO,4575.83,0.000794,EXITOSO
run_20260726_084433_08a1a2bb,8,adriana_128,adriana,DIFICIL,RELEVANTE,False,175.85,12.02,0.000861,100.0,26.67,REGISTRA CINCO CAJAS DE IBUPROFENO DOCE PLATOS BLANCOS CUADRADOS Y SIETE CAZUELAS DE DIECISEIS ONZAS,registra 5 cajas de ibuprofeno 12 platos blancos cuadrados y 7 cazuelas de 16 onzas,6069.9,EXACT_CONSENSUS,100.0,0.0,0.0,0.0,125,65,5.8e-05,3.65,IBUPROFENO,N/A,matched,100.0,NO,6249.61,0.000919,EXITOSO
run_20260726_084433_08a1a2bb,8,adriana_129,adriana,DIFICIL,RELEVANTE,False,286.71,13.56,0.000972,100.0,40.0,ANOTA SEIS CAJAS DE IBUPROFENO CINCO CAZUELAS DE DIECISEIS ONZAS Y VEINTE PLATOS BLANCOS CUADRADOS,aprovechen casera anota 6 cajas de ibuprofeno 5 cazuelas de 16 onzas y 20 platos blancos cuadrados,5940.28,EXACT_CONSENSUS,100.0,0.0,0.0,0.0,131,65,5.9e-05,2.17,IBUPROFENO,N/A,matched,100.0,NO,6229.41,0.001031,EXITOSO
run_20260726_084433_08a1a2bb,8,adriana_130,adriana,DIFICIL,RELEVANTE,False,297.85,19.6,0.001405,100.0,10.34,QUE CALOR HACE HOY SUBELE UN POQUITO AL VOLUMEN PORQUE CASI NO ESCUCHO BUENO REGISTRA 15 CAJAS DE TONER PARA IMPRESORA 8 PAQUETES DE HOJAS A4 Y 12 CALCULADORAS,qué calor hace hoy súbele un poquito el volumen porque casi no escucho bueno registra 15 cajas de tóner para impresora 8 paquetes de hojas a 4 y 12 calculadoras,7494.66,EXACT_CONSENSUS,100.0,0.0,0.0,0.0,170,65,6.4e-05,2.24,TÓNER PARA IMPRESORA,N/A,matched,100.0,NO,7795.14,0.001469,EXITOSO
run_20260726_084433_08a1a2bb,8,adriana_131,adriana,DIFICIL,RELEVANTE,False,374.64,22.48,0.001611,100.0,3.12,OIGA SI VIO EL PARTIDO ANOCHE ESPERE QUE ESTA PASANDO MUCHA GENTE BUENO CONTINUE NO ESPERE SI SON 42 CAJAS DE MARCADORES 16 RESMAS DE PAPEL OFICIO Y 8 CAJAS DE ARCHIVADORES,oiga sí vio el partido anoche espere que está pasando mucha gente bueno continúe no espere sí son 42 cajas de marcadores 16 reglas de papel oficio y 8 cajas de archivadores,5867.5,EXACT_CONSENSUS,100.0,0.0,0.0,0.0,176,65,6.5e-05,2.47,MARCADORES,N/A,matched,100.0,NO,6245.16,0.001676,EXITOSO
run_20260726_084433_08a1a2bb,8,adriana_132,adriana,DIFICIL,RELEVANTE,False,300.77,25.08,0.001797,100.0,0.0,AYER ME DIJERON QUE YA HABIAN CONTADO ESTA BODEGA PERO MEJOR CONFIRMEMOS EN COCINA PRINCIPAL SUMINISTROS ENCONTRAMOS 55 KILOS DE ARROZ NO PERDON 65 KILOS DE ARROZ ADEMAS 20 LITROS DE ACEITE Y 18 KILOS DE AZUCAR,ayer me dijeron que ya habían contado esta bodega pero mejor confirmemos en cocina principal suministros encontramos 55 kilos de arroz no perdón 65 kilos de arroz además 20 litros de aceite y 18 kilos de azúcar,4889.06,EXACT_CONSENSUS,100.0,0.0,0.0,0.0,191,65,6.8e-05,2.16,ARROZ,N/A,matched,100.0,NO,5192.55,0.001865,EXITOSO
run_20260726_084433_08a1a2bb,8,adriana_133,adriana,DIFICIL,RELEVANTE,False,194.17,16.82,0.001205,100.0,0.0,ESPERE QUE ACABA DE PASAR UN CARRO Y NO ESCUCHE NADA LISTO HAY 20 CAJAS DE TAPABOCAS 14 LITROS DE ALCOHOL Y 35 CAJAS DE GUANTES DE NITRILO,espere que acaba de pasar un carro y no escuché nada listo hay 20 cajas de tapabocas 14 litros de alcohol y 35 cajas de guantes de nitrilo,4025.7,EXACT_CONSENSUS,100.0,0.0,0.0,0.0,164,65,6.4e-05,2.15,TAPABOCAS,N/A,matched,100.0,NO,4222.37,0.001269,EXITOSO
run_20260726_084433_08a1a2bb,8,daniel_1,daniel,FACIL,RELEVANTE,False,173.45,6.2,0.000444,100.0,0.0,350 KILOS DE ACELGA,350 kilos de acelga,3189.68,EXACT_CONSENSUS,100.0,0.0,0.0,0.0,100,35,3.6e-05,2.11,ACELGA,N/A,matched,100.0,NO,3365.43,0.00048,EXITOSO
run_20260726_084433_08a1a2bb,8,daniel_2,daniel,FACIL,RELEVANTE,False,276.75,4.38,0.000314,100.0,0.0,600 KILOS DE CALABACIN,600 kilos de calabacín,2660.69,EXACT_CONSENSUS,100.0,0.0,0.0,0.0,100,35,3.6e-05,2.51,CALABACÍN,N/A,matched,100.0,NO,2940.18,0.00035,EXITOSO
run_20260726_084433_08a1a2bb,8,daniel_3,daniel,FACIL,RELEVANTE,False,272.32,5.35,0.000383,100.0,0.0,400 KILOS DE KIWI,400 kilos de kiwi,3103.0,EXACT_CONSENSUS,100.0,0.0,0.0,0.0,100,35,3.6e-05,2.29,KIWI,N/A,matched,100.0,NO,3377.89,0.000419,EXITOSO
run_20260726_084433_08a1a2bb,8,daniel_4,daniel,FACIL,RELEVANTE,False,171.53,8.25,0.000591,100.0,0.0,ALMOHADILLA PARA SELLO 600 UNIDADES,almohadilla para sello 600 unidades,3098.81,EXACT_CONSENSUS,100.0,0.0,0.0,0.0,100,35,3.6e-05,3.16,ALMOHADILLA PARA SELLO,N/A,matched,100.0,NO,3273.67,0.000627,EXITOSO
run_20260726_084433_08a1a2bb,8,daniel_5,daniel,FACIL,RELEVANTE,False,273.58,11.63,0.000833,100.0,0.0,AMBIENTADOR EN AEROSOL MARCA AROMA POR 600 UNIDADES,ambientador en aerosol marca aroma por 600 unidades,6023.93,EXACT_CONSENSUS,100.0,0.0,0.0,0.0,104,35,3.7e-05,2.13,AMBIENTADOR EN AEROSOL MARCA AROMA,N/A,matched,100.0,NO,6299.83,0.00087,EXITOSO
run_20260726_084433_08a1a2bb,8,daniel_6,daniel,FACIL,RELEVANTE,False,171.22,11.87,0.000851,100.0,0.0,BANDEJA PLASTICA POR 9320 UNIDADES,bandeja plástica por 9320 unidades,2779.04,EXACT_CONSENSUS,100.0,0.0,0.0,0.0,100,35,3.6e-05,2.89,BANDEJA PLÁSTICA,N/A,matched,100.0,NO,2953.34,0.000887,EXITOSO
run_20260726_084433_08a1a2bb,8,daniel_7,daniel,FACIL,RELEVANTE,False,274.77,9.21,0.00066,100.0,16.67,CAJA PARA PIZZA CARTON 4500 UNIDADES,caja para pizza de cartón 4500 unidades,2936.1,EXACT_CONSENSUS,100.0,0.0,0.0,0.0,101,35,3.6e-05,258.9,CAJA PARA PIZZA DE CARTÓN,N/A,matched,100.0,NO,3469.94,0.000696,EXITOSO
run_20260726_084433_08a1a2bb,8,daniel_8,daniel,FACIL,RELEVANTE,False,272.64,9.09,0.000651,100.0,14.29,CALDERO RECORD CON TAPA POR 800 UNIDADES,caldero ricor con tapa por 800 unidades,2834.58,EXACT_CONSENSUS,100.0,0.0,0.0,0.0,101,35,3.6e-05,3.52,CALDERO RICOR CON TAPA,N/A,matched,100.0,NO,3111.02,0.000687,EXITOSO
run_20260726_084433_08a1a2bb,8,daniel_9,daniel,FACIL,RELEVANTE,False,431.76,13.56,0.000972,100.0,0.0,BOWL POR 500 UNIDADES Y 7 CALCULADORAS MANUALES DE 12 DIGITOS,bowl por 500 unidades y 7 calculadoras manuales de 12 dígitos,6013.1,EXACT_CONSENSUS,100.0,0.0,0.0,0.0,113,50,4.7e-05,4.25,BOWL,N/A,matched,100.0,NO,6449.33,0.001019,EXITOSO
run_20260726_084433_08a1a2bb,8,daniel_10,daniel,FACIL,RELEVANTE,False,277.42,11.15,0.000799,100.0,0.0,AREPA PAISA POR 500 UNIDADES Y 750 KILOS DE ARANDANOS,arepa paisa por 500 unidades y 750 kilos de arándanos,5202.05,EXACT_CONSENSUS,100.0,0.0,0.0,0.0,110,50,4.6e-05,3.05,AREPA PAISA,N/A,matched,100.0,NO,5482.73,0.000845,EXITOSO
run_20260726_084433_08a1a2bb,8,daniel_11,daniel,MEDIO,RELEVANTE,False,315.25,20.93,0.0015,100.0,5.0,DON JAIME ENCONTRAMOS 750 KILOS DE ARVEJA AMARILLA TAMBIEN ENCONTRAMOS EN LA BODEGA 1 DOS KILOS DE CEBADA DE PERLA,don jaime encontramos 750 kilos de arveja amarilla también encontramos en la bodega 1 2 kilos de cebada de perla,3858.18,EXACT_CONSENSUS,100.0,0.0,0.0,0.0,140,50,5.1e-05,2.45,ARVEJA AMARILLA,N/A,matched,100.0,NO,4176.11,0.001551,EXITOSO
run_20260726_084433_08a1a2bb,8,daniel_12,daniel,MEDIO,RELEVANTE,False,285.74,13.68,0.00098,100.0,6.67,BUENOS DIAS SENORA ISABEL SON 4 UNIDADES DE SODA BRETANA Y 8 UNIDADES DE BONYURT,buenos días señora isabel son 4 unidades de soda bretaña y 8 unidades de bonjour,3798.15,EXACT_CONSENSUS,100.0,0.0,0.0,0.0,125,50,4.9e-05,2.76,SODA BRETAÑA,N/A,matched,100.0,NO,4086.91,0.001029,EXITOSO
run_20260726_084433_08a1a2bb,8,daniel_13,daniel,MEDIO,RELEVANTE,False,284.33,13.68,0.00098,100.0,6.67,KAROL ANOTE AHI QUE SON 60 KILOS DE CEBOLLA ROJA Y 50000 UNIDADES DE STEVIA,carol anote ahí que son 60 kilos de cebolla roja y 50000 unidades de stevia,3740.86,EXACT_CONSENSUS,100.0,0.0,0.0,0.0,125,50,4.9e-05,2.86,CEBOLLA ROJA,N/A,matched,100.0,NO,4028.31,0.001029,EXITOSO
run_20260726_084433_08a1a2bb,8,daniel_14,daniel,MEDIO,RELEVANTE,False,298.3,19.84,0.001422,100.0,6.25,UFF VI LA MORCILLA Y ME ANTOJE SON 700 KILOS DE MORCILLA Y 400 DE CHORIZO,uf vi la morcilla y me antojé son 700 kilos de morcilla y 400 de chorizo,4013.6,EXACT_CONSENSUS,100.0,0.0,0.0,0.0,128,50,4.9e-05,2.47,MORCILLA,N/A,matched,100.0,NO,4314.66,0.001471,EXITOSO
run_20260726_084433_08a1a2bb,8,daniel_15,daniel,MEDIO,RELEVANTE,False,218.95,23.34,0.001673,100.0,9.52,QUE MAN TAN SALADO NACHOS NATURALES POR 200 UNIDADES 400 UNIDADES DE NATUCHIPS Y 150 KILOS DE PAPA A LA FRANCESA,qué mantan salado nachos naturales por 200 unidades 400 unidades de natuchips y 150 kilos de papa a la francesa,4828.22,EXACT_CONSENSUS,100.0,0.0,0.0,0.0,140,65,6e-05,3.55,NACHOS NATURALES,N/A,matched,100.0,NO,5051.14,0.001733,EXITOSO
run_20260726_084433_08a1a2bb,8,daniel_16,daniel,DIFICIL,RELEVANTE,False,228.39,30.95,0.002218,100.0,32.0,PARCE IMAGINESE QUE VI ESTO NATUCHIPS Y ME ACORDE DE ANOCHE AUDIO INAUDIBLE 400 UNIDADES DE NATUCHIP 400 UNIDADES DE PAPAS MARGARITAS Y 200 COCACOLAS,parce imagínese que vi esos natuchips y me acordé 400 unidades de natuchips 400 unidades de papas margaritas y 200 coca-colas,7595.6,EXACT_CONSENSUS,100.0,0.0,0.0,0.0,143,65,6e-05,2.32,NATUCHIPS,N/A,matched,100.0,NO,7826.53,0.002278,EXITOSO
run_20260726_084433_08a1a2bb,8,daniel_17,daniel,DIFICIL,RELEVANTE,False,323.2,36.99,0.002651,100.0,0.0,AY AQUI ESTOY YO EN EL MISMO LUGAR QUE TE CONOCI SIGO PENSANDO EN TU BOCA PARCE NO SE PONGA A CANTAR QUE ESTAMOS HACIENDO EL INVENTARIO DICTE AHI 800 KILOS DE AZUCAR MORENA 700 KILOS DE CAFE Y 80 UNIDADES DE HAMBURGUESA MIXTA,ay aquí estoy yo en el mismo lugar que te conocí sigo pensando en tu boca parce no se ponga a cantar que estamos haciendo el inventario dicte ahí 800 kilos de azúcar morena 700 kilos de café y 80 unidades de hamburguesa mixta,4072.36,EXACT_CONSENSUS,100.0,0.0,0.0,0.0,212,65,7.1e-05,2.08,AZÚCAR MORENA,N/A,matched,100.0,NO,4398.06,0.002722,EXITOSO
run_20260726_084433_08a1a2bb,8,daniel_18,daniel,DIFICIL,RELEVANTE,False,324.84,30.35,0.002175,100.0,0.0,Y SU MAMA COMO SIGUE TENEMOS RATO SIN HABLAR ESPERA YA LE RESPONDO VOY A REGISTRAR UNOS PRODUCTOS EN LA HERRAMIENTA 19 KILOS DE BERENJENA 190 KILOS DE CHORIZO Y 700 LITROS DE AGUARDIENTE NECTAR,y su mamá cómo sigue tenemos rato sin hablar espera ya le respondo voy a registrar unos productos en la herramienta 19 kilos de berenjena 190 kilos de chorizo y 700 litros de aguardiente néctar,3249.84,EXACT_CONSENSUS,100.0,0.0,0.0,0.0,185,65,6.7e-05,2.26,BERENJENA,N/A,matched,100.0,NO,3577.43,0.002242,EXITOSO
run_20260726_084433_08a1a2bb,8,daniel_19,daniel,DIFICIL,RELEVANTE,False,320.76,40.13,0.002876,100.0,9.76,ESTO DE HACER EL INVENTARIO ES MUY TEDIOSO QUE HAGO AQUI CONTANDO UNAS ALCACHOFAS BUENO PERO SIGAMOS QUE SI NO NO TERMINAMOS HOY ALCACHOFAS 500 KILOS 400 UNIDADES DE BOTELLONES DE AGUA 19 KILOS DE ACELGA Y 60 KILOS DE AJO,esto al ser el inventario es muy tedioso qué hago aquí contando unas alcachofas bueno pero sigamos que sino no terminamos hoy alcachofas 500 kilos 400 unidades de botellones de agua 19 kilos de acelga y 60 kilos de ajo,7449.42,EXACT_CONSENSUS,100.0,0.0,0.0,0.0,200,80,7.8e-05,2.09,ALCACHOFAS,N/A,matched,100.0,NO,7772.69,0.002954,EXITOSO
run_20260726_084433_08a1a2bb,8,daniel_20,daniel,FACIL,RELEVANTE,False,431.06,5.95,0.000426,100.0,0.0,50 KILOS DE PAPA PASTUSA,50 kilos de papa pastusa,2929.35,EXACT_CONSENSUS,100.0,0.0,0.0,0.0,100,35,3.6e-05,2.3,PAPA PASTUSA,N/A,matched,100.0,NO,3362.89,0.000462,EXITOSO
run_20260726_084433_08a1a2bb,8,daniel_21,daniel,FACIL,RELEVANTE,False,530.45,4.75,0.00034,100.0,0.0,120 LITROS DE ACEITE DE GIRASOL,120 litros de aceite de girasol,2971.6,EXACT_CONSENSUS,100.0,0.0,0.0,0.0,100,35,3.6e-05,2.66,ACEITE DE GIRASOL,N/A,matched,100.0,NO,3504.92,0.000376,EXITOSO
run_20260726_084433_08a1a2bb,8,daniel_22,daniel,FACIL,RELEVANTE,False,160.92,5.23,0.000375,100.0,0.0,30 PORCIONES DE CARNE DE RES,30 porciones de carne de res,6457.63,EXACT_CONSENSUS,100.0,0.0,0.0,0.0,100,35,3.6e-05,3.16,CARNE DE RES,N/A,matched,100.0,NO,6621.89,0.000411,EXITOSO
run_20260726_084433_08a1a2bb,8,daniel_23,daniel,FACIL,RELEVANTE,False,169.39,5.83,0.000418,100.0,40.0,200 UNIDADES DE HUEVOS FRESCOS,200 unidades de huevo fresco,3116.42,EXACT_CONSENSUS,100.0,0.0,0.0,0.0,100,35,3.6e-05,2.2,HUEVO FRESCO,N/A,matched,100.0,NO,3288.19,0.000454,EXITOSO
run_20260726_084433_08a1a2bb,8,daniel_24,daniel,FACIL,RELEVANTE,False,285.78,5.47,0.000392,100.0,0.0,80 KILOS DE MANZANA ROJA,80 kilos de manzana roja,2573.57,EXACT_CONSENSUS,100.0,0.0,0.0,0.0,100,35,3.6e-05,2.76,MANZANA ROJA,N/A,matched,100.0,NO,2862.25,0.000428,EXITOSO
run_20260726_084433_08a1a2bb,8,daniel_25,daniel,FACIL,RELEVANTE,False,286.17,5.83,0.000418,100.0,20.0,15 LITROS DE LECHE ENTERA,15 litros de lechuga entera,8186.06,EXACT_CONSENSUS,100.0,0.0,0.0,0.0,100,35,3.6e-05,2.59,LECHUGA ENTERA,N/A,matched,100.0,NO,8474.97,0.000454,EXITOSO
run_20260726_084433_08a1a2bb,8,daniel_26,daniel,FACIL,RELEVANTE,False,925.48,5.71,0.000409,100.0,25.0,40 KILOS DE ZANAHORIA,400 kilos de zanahoria,3175.3,EXACT_CONSENSUS,100.0,0.0,0.0,0.0,100,35,3.6e-05,2.73,ZANAHORIA,N/A,matched,100.0,NO,4103.69,0.000445,EXITOSO
run_20260726_084433_08a1a2bb,8,daniel_27,daniel,FACIL,RELEVANTE,False,610.85,6.32,0.000453,100.0,0.0,500 UNIDADES DE VASOS DESECHABLES,500 unidades de vasos desechables,2088.89,EXACT_CONSENSUS,100.0,0.0,0.0,0.0,100,35,3.6e-05,3.39,VASOS DESECHABLES,N/A,matched,100.0,NO,2703.36,0.000489,EXITOSO
run_20260726_084433_08a1a2bb,8,daniel_28,daniel,FACIL,RELEVANTE,False,293.24,6.92,0.000496,100.0,20.0,90 KILOS DE LIMON TAITI,90 kilos de limón tahití,3166.25,EXACT_CONSENSUS,100.0,0.0,0.0,0.0,100,35,3.6e-05,3.5,LIMÓN TAHITÍ,N/A,matched,100.0,NO,3463.21,0.000532,EXITOSO
run_20260726_084433_08a1a2bb,8,daniel_29,daniel,FACIL,RELEVANTE,False,260.61,6.56,0.00047,100.0,0.0,25 PORCIONES DE POLLO ASADO,25 porciones de pollo asado,3198.91,EXACT_CONSENSUS,100.0,0.0,0.0,0.0,100,35,3.6e-05,3.75,POLLO ASADO,N/A,matched,100.0,NO,3463.42,0.000506,EXITOSO
run_20260726_084433_08a1a2bb,8,daniel_30,daniel,FACIL,RELEVANTE,False,319.17,5.47,0.000392,100.0,0.0,300 KILOS DE ARROZ BLANCO,300 kilos de arroz blanco,5623.71,EXACT_CONSENSUS,100.0,0.0,0.0,0.0,100,35,3.6e-05,1.95,ARROZ BLANCO,N/A,matched,100.0,NO,5944.98,0.000428,EXITOSO
run_20260726_084433_08a1a2bb,8,daniel_31,daniel,FACIL,RELEVANTE,False,263.75,6.44,0.000462,100.0,0.0,150 LITROS DE JUGO DE NARANJA,150 litros de jugo de naranja,5446.43,EXACT_CONSENSUS,100.0,0.0,0.0,0.0,100,35,3.6e-05,2.87,JUGO DE NARANJA,N/A,matched,100.0,NO,5713.33,0.000498,EXITOSO
run_20260726_084433_08a1a2bb,8,daniel_32,daniel,FACIL,RELEVANTE,False,369.81,6.92,0.000496,100.0,20.0,60 UNIDADES DE PAN HAMBURGUESA,60 unidades de pan de hamburguesa,3623.73,EXACT_CONSENSUS,100.0,0.0,0.0,0.0,100,35,3.6e-05,3.18,PAN DE HAMBURGUESA,N/A,matched,100.0,NO,3996.91,0.000532,EXITOSO
run_20260726_084433_08a1a2bb,8,daniel_33,daniel,FACIL,RELEVANTE,False,325.84,5.23,0.000375,100.0,0.0,75 KILOS DE CEBOLLA CABEZONA,75 kilos de cebolla cabezona,2349.49,EXACT_CONSENSUS,100.0,0.0,0.0,0.0,100,35,3.6e-05,2.62,CEBOLLA CABEZONA,N/A,matched,100.0,NO,2678.11,0.000411,EXITOSO
run_20260726_084433_08a1a2bb,8,daniel_34,daniel,FACIL,RELEVANTE,False,424.42,7.4,0.00053,100.0,0.0,50 PORCIONES DE LASANA DE CARNE,50 porciones de lasaña de carne,3615.78,EXACT_CONSENSUS,100.0,0.0,0.0,0.0,100,35,3.6e-05,1.93,LASAÑA DE CARNE,N/A,matched,100.0,NO,4042.29,0.000566,EXITOSO
run_20260726_084433_08a1a2bb,8,daniel_35,daniel,FACIL,RELEVANTE,False,171.28,9.09,0.000651,100.0,0.0,100 KILOS DE TOMATE DE ARBOL,100 kilos de tomate de árbol,2858.99,EXACT_CONSENSUS,100.0,0.0,0.0,0.0,100,35,3.6e-05,2.33,TOMATE DE ÁRBOL,N/A,matched,100.0,NO,3032.86,0.000687,EXITOSO
run_20260726_084433_08a1a2bb,8,daniel_36,daniel,FACIL,RELEVANTE,False,162.08,6.56,0.00047,100.0,0.0,400 LITROS DE DETERGENTE LIQUIDO,400 litros de detergente líquido,5839.14,EXACT_CONSENSUS,100.0,0.0,0.0,0.0,100,35,3.6e-05,2.28,DETERGENTE LÍQUIDO,N/A,matched,100.0,NO,6003.69,0.000506,EXITOSO
run_20260726_084433_08a1a2bb,8,daniel_37,daniel,FACIL,RELEVANTE,False,278.26,6.68,0.000479,100.0,0.0,800 UNIDADES DE SERVILLETA DE PAPEL,800 unidades de servilleta de papel,3127.92,EXACT_CONSENSUS,100.0,0.0,0.0,0.0,100,35,3.6e-05,3.84,SERVILLETA DE PAPEL,N/A,matched,100.0,NO,3410.18,0.000515,EXITOSO
run_20260726_084433_08a1a2bb,8,daniel_38,daniel,FACIL,RELEVANTE,False,280.33,7.28,0.000522,100.0,0.0,35 KILOS DE QUESO CAMPESINO,35 kilos de queso campesino,3578.21,EXACT_CONSENSUS,100.0,0.0,0.0,0.0,100,35,3.6e-05,3.66,QUESO CAMPESINO,N/A,matched,100.0,NO,3862.44,0.000558,EXITOSO
run_20260726_084433_08a1a2bb,8,daniel_39,daniel,FACIL,RELEVANTE,False,160.22,5.95,0.000426,100.0,0.0,12 PORCIONES DE SALMON FRESCO,12 porciones de salmón fresco,3126.37,EXACT_CONSENSUS,100.0,0.0,0.0,0.0,100,35,3.6e-05,2.3,SALMÓN FRESCO,N/A,matched,100.0,NO,3289.08,0.000462,EXITOSO
run_20260726_084433_08a1a2bb,8,daniel_40,daniel,FACIL,RELEVANTE,False,169.01,8.37,0.0006,100.0,0.0,45 KILOS DE PAPAYA MARADOL,45 kilos de papaya maradol,2564.41,EXACT_CONSENSUS,100.0,0.0,0.0,0.0,100,35,3.6e-05,1.91,PAPAYA MARADOL,N/A,matched,100.0,NO,2735.46,0.000636,EXITOSO
run_20260726_084433_08a1a2bb,8,daniel_41,daniel,FACIL,RELEVANTE,False,300.59,6.92,0.000496,100.0,0.0,600 UNIDADES DE TENEDOR PLASTICO,600 unidades de tenedor plástico,3088.96,EXACT_CONSENSUS,100.0,0.0,0.0,0.0,100,35,3.6e-05,3.16,TENEDOR PLÁSTICO,N/A,matched,100.0,NO,3392.98,0.000532,EXITOSO
run_20260726_084433_08a1a2bb,8,daniel_42,daniel,FACIL,RELEVANTE,False,268.08,5.83,0.000418,100.0,0.0,200 KILOS DE HARINA DE TRIGO,200 kilos de harina de trigo,3140.22,EXACT_CONSENSUS,100.0,0.0,0.0,0.0,100,35,3.6e-05,3.45,HARINA DE TRIGO,N/A,matched,100.0,NO,3411.92,0.000454,EXITOSO
run_20260726_084433_08a1a2bb,8,daniel_43,daniel,FACIL,RELEVANTE,False,167.78,6.8,0.000487,100.0,0.0,85 LITROS DE AGUA EMBOTELLADA,85 litros de agua embotellada,3115.89,EXACT_CONSENSUS,100.0,0.0,0.0,0.0,100,35,3.6e-05,3.59,AGUA EMBOTELLADA,N/A,matched,100.0,NO,3287.46,0.000523,EXITOSO
run_20260726_084433_08a1a2bb,8,daniel_44,daniel,FACIL,RELEVANTE,False,276.05,6.32,0.000453,100.0,20.0,110 KILOS DE PLATANO VERDE,110 litros de plátano verde,8116.06,EXACT_CONSENSUS,100.0,0.0,0.0,0.0,100,35,3.6e-05,3.63,PLÁTANO VERDE,N/A,matched,100.0,NO,8395.96,0.000489,EXITOSO
run_20260726_084433_08a1a2bb,8,daniel_45,daniel,FACIL,RELEVANTE,False,173.75,6.68,0.000479,100.0,16.67,40 PORCIONES DE PUDIN DE CHOCOLATE,40 porciones de budín de chocolate,2329.56,EXACT_CONSENSUS,100.0,0.0,0.0,0.0,100,35,3.6e-05,2.65,BUDÍN DE CHOCOLATE,N/A,matched,100.0,NO,2506.13,0.000515,EXITOSO
run_20260726_084433_08a1a2bb,8,daniel_46,daniel,FACIL,RELEVANTE,False,473.24,6.92,0.000496,100.0,0.0,350 UNIDADES DE PLATOS DESECHABLES,350 unidades de platos desechables,3068.4,EXACT_CONSENSUS,100.0,0.0,0.0,0.0,100,35,3.6e-05,2.37,PLATOS DESECHABLES,N/A,matched,100.0,NO,3544.17,0.000532,EXITOSO
run_20260726_084433_08a1a2bb,8,daniel_47,daniel,FACIL,RELEVANTE,False,282.11,9.58,0.000687,100.0,0.0,800 KILOS DE GUAYABA Y 15 PORCIONES DE LOMO DE CERDO,800 kilos de guayaba y 15 porciones de lomo de cerdo,2685.15,EXACT_CONSENSUS,100.0,0.0,0.0,0.0,113,50,4.7e-05,2.46,GUAYABA,N/A,matched,100.0,NO,2969.92,0.000734,EXITOSO
run_20260726_084433_08a1a2bb,8,daniel_48,daniel,FACIL,RELEVANTE,False,1150.37,6.8,0.000487,100.0,20.0,50 LITROS DE DESINFECTANTE MULTIUSOS,50 litros de desinfectante multiuso,2954.39,EXACT_CONSENSUS,100.0,0.0,0.0,0.0,100,35,3.6e-05,2.27,DESINFECTANTE MULTIUSO,N/A,matched,100.0,NO,4107.27,0.000523,EXITOSO
run_20260726_084433_08a1a2bb,8,daniel_49,daniel,FACIL,RELEVANTE,False,173.81,6.68,0.000479,100.0,0.0,18 PORCIONES DE PECHUGA A LA PLANCHA,18 porciones de pechuga a la plancha,3041.78,EXACT_CONSENSUS,100.0,0.0,0.0,0.0,101,35,3.6e-05,3.07,PECHUGA A LA PLANCHA,N/A,matched,100.0,NO,3218.88,0.000515,EXITOSO
run_20260726_084433_08a1a2bb,8,daniel_50,daniel,FACIL,RELEVANTE,False,1257.9,11.27,0.000808,100.0,0.0,120 KILOS DE YUCA BLANCA Y 45 KILOS DE MARACUYA,120 kilos de yuca blanca y 45 kilos de maracuyá,2460.96,EXACT_CONSENSUS,100.0,0.0,0.0,0.0,110,50,4.6e-05,2.08,YUCA BLANCA,N/A,matched,100.0,NO,3721.11,0.000854,EXITOSO
run_20260726_084433_08a1a2bb,8,daniel_51,daniel,FACIL,RELEVANTE,False,531.09,8.37,0.0006,100.0,0.0,300 UNIDADES DE BOLSA PLASTICA Y 20 LITROS DE JABON LIQUIDO,300 unidades de bolsa plástica y 20 litros de jabón líquido,2510.07,EXACT_CONSENSUS,100.0,0.0,0.0,0.0,113,50,4.7e-05,2.3,BOLSA PLÁSTICA,N/A,matched,100.0,NO,3043.79,0.000647,EXITOSO
run_20260726_084433_08a1a2bb,8,daniel_52,daniel,FACIL,RELEVANTE,False,269.76,9.21,0.00066,100.0,0.0,80 KILOS DE GUAYABA Y 15 PORCIONES DE LOMO DE CERDO,80 kilos de guayaba y 15 porciones de lomo de cerdo,3840.0,EXACT_CONSENSUS,100.0,0.0,0.0,0.0,113,50,4.7e-05,2.19,GUAYABA,N/A,matched,100.0,NO,4112.13,0.000707,EXITOSO
run_20260726_084433_08a1a2bb,8,daniel_53,daniel,FACIL,RELEVANTE,False,265.71,11.03,0.00079,100.0,0.0,150 UNIDADES DE EMPAQUE PARA SUBSIDIO Y 90 KILOS DE MANGO,150 unidades de empaque para subsidio y 90 kilos de mango,2409.6,EXACT_CONSENSUS,100.0,0.0,0.0,0.0,113,50,4.7e-05,3.61,EMPAQUE PARA SUBSIDIO,N/A,matched,100.0,NO,2679.12,0.000837,EXITOSO
run_20260726_084433_08a1a2bb,8,daniel_54,daniel,FACIL,RELEVANTE,False,294.07,11.51,0.000825,100.0,0.0,400 UNIDADES DE CUCHILLO PLASTICO Y 60 LITROS DE LECHE DE SOYA,400 unidades de cuchillo plástico y 60 litros de leche de soya,4869.53,EXACT_CONSENSUS,100.0,0.0,0.0,0.0,116,50,4.7e-05,2.38,CUCHILLO PLÁSTICO,N/A,matched,100.0,NO,5166.16,0.000872,EXITOSO
run_20260726_084433_08a1a2bb,8,daniel_55,daniel,FACIL,RELEVANTE,False,184.36,13.44,0.000963,100.0,16.67,70 KILOS DE PINA ORO MIEL Y 250 UNIDADES DE GORRO DESECHABLE,70 kilos de pina oromiel y 250 unidades de gorro desechable,5053.68,EXACT_CONSENSUS,100.0,0.0,0.0,0.0,113,50,4.7e-05,2.14,PINA OROMIEL,N/A,matched,100.0,NO,5240.33,0.00101,EXITOSO
run_20260726_084433_08a1a2bb,8,daniel_56,daniel,FACIL,RELEVANTE,False,188.8,9.94,0.000712,100.0,0.0,95 KILOS DE BROCOLI Y 35 PORCIONES DE SOPA DE VERDURAS,95 kilos de brócoli y 35 porciones de sopa de verduras,2833.12,EXACT_CONSENSUS,100.0,0.0,0.0,0.0,113,50,4.7e-05,2.5,BRÓCOLI,N/A,matched,100.0,NO,3024.73,0.000759,EXITOSO
run_20260726_084433_08a1a2bb,8,daniel_57,daniel,FACIL,RELEVANTE,False,176.86,9.46,0.000678,100.0,0.0,500 UNIDADES DE TAPA PLASTICA Y 130 LITROS DE CLORO,500 unidades de tapa plástica y 130 litros de cloro,2437.83,EXACT_CONSENSUS,100.0,0.0,0.0,0.0,110,50,4.6e-05,2.48,TAPA PLÁSTICA,N/A,matched,100.0,NO,2617.4,0.000724,EXITOSO
run_20260726_084433_08a1a2bb,8,daniel_58,daniel,FACIL,RELEVANTE,False,267.97,8.85,0.000634,100.0,0.0,85 KILOS DE PERA VERDE Y 40 LITROS DE ACEITE DE OLIVA,85 kilos de pera verde y 40 litros de aceite de oliva,2592.06,EXACT_CONSENSUS,100.0,0.0,0.0,0.0,116,50,4.7e-05,2.53,PERA VERDE,N/A,matched,100.0,NO,2862.72,0.000681,EXITOSO
run_20260726_084433_08a1a2bb,8,daniel_59,daniel,FACIL,RELEVANTE,False,274.52,9.21,0.00066,100.0,0.0,220 UNIDADES DE CAJA DE CARTON Y 15 KILOS DE MANTEQUILLA,220 unidades de caja de cartón y 15 kilos de mantequilla,2467.67,EXACT_CONSENSUS,100.0,0.0,0.0,0.0,113,50,4.7e-05,2.85,CAJA DE CARTÓN,N/A,matched,100.0,NO,2745.27,0.000707,EXITOSO
run_20260726_084433_08a1a2bb,8,daniel_60,daniel,FACIL,RELEVANTE,False,267.92,6.8,0.000487,100.0,0.0,150 KILOS DE PAPA CRIOLLA,150 kilos de papa criolla,2606.82,EXACT_CONSENSUS,100.0,0.0,0.0,0.0,100,35,3.6e-05,2.28,PAPA CRIOLLA,N/A,matched,100.0,NO,2877.16,0.000523,EXITOSO
run_20260726_084433_08a1a2bb,8,daniel_61,daniel,FACIL,RELEVANTE,False,443.78,5.71,0.000409,100.0,0.0,80 LITROS DE VINAGRE BLANCO,80 litros de vinagre blanco,2988.75,EXACT_CONSENSUS,100.0,0.0,0.0,0.0,100,35,3.6e-05,2.88,VINAGRE BLANCO,N/A,matched,100.0,NO,3435.57,0.000445,EXITOSO
run_20260726_084433_08a1a2bb,8,daniel_62,daniel,FACIL,RELEVANTE,False,163.67,6.07,0.000435,100.0,0.0,400 UNIDADES DE MECHERO PARA VELA,400 unidades de mechero para vela,3225.51,EXACT_CONSENSUS,100.0,0.0,0.0,0.0,100,35,3.6e-05,266.85,MECHERO PARA VELA,N/A,matched,100.0,NO,3656.22,0.000471,EXITOSO
run_20260726_084433_08a1a2bb,8,daniel_63,daniel,FACIL,RELEVANTE,False,6399.56,8.13,0.000583,100.0,0.0,90 KILOS DE DURAZNO EN ALMIBAR,90 kilos de durazno en almíbar,2482.57,EXACT_CONSENSUS,100.0,0.0,0.0,0.0,100,35,3.6e-05,4.18,DURAZNO EN ALMÍBAR,N/A,matched,100.0,NO,8886.48,0.000619,EXITOSO
run_20260726_084433_08a1a2bb,8,daniel_64,daniel,FACIL,RELEVANTE,False,166.19,5.47,0.000392,100.0,0.0,35 PORCIONES DE FILETE DE POLLO,35 porciones de filete de pollo,2706.74,EXACT_CONSENSUS,100.0,0.0,0.0,0.0,100,35,3.6e-05,2.99,FILETE DE POLLO,N/A,matched,100.0,NO,2876.07,0.000428,EXITOSO
run_20260726_084433_08a1a2bb,8,daniel_65,daniel,FACIL,RELEVANTE,False,268.5,8.01,0.000574,100.0,0.0,600 UNIDADES DE CAPUCHON DE PAPEL,600 unidades de capuchón de papel,2329.11,EXACT_CONSENSUS,100.0,0.0,0.0,0.0,100,35,3.6e-05,2.32,CAPUCHÓN DE PAPEL,N/A,matched,100.0,NO,2600.09,0.00061,EXITOSO
run_20260726_084433_08a1a2bb,8,daniel_66,daniel,FACIL,RELEVANTE,False,279.59,6.56,0.00047,100.0,0.0,110 KILOS DE AJO EN POLVO,110 kilos de ajo en polvo,3242.84,EXACT_CONSENSUS,100.0,0.0,0.0,0.0,100,35,3.6e-05,2.93,AJO EN POLVO,N/A,matched,100.0,NO,3525.56,0.000506,EXITOSO
run_20260726_084433_08a1a2bb,8,daniel_67,daniel,FACIL,RELEVANTE,False,173.46,6.8,0.000487,100.0,0.0,75 LITROS DE JUGO DE MARACUYA,75 litros de jugo de maracuyá,5808.72,EXACT_CONSENSUS,100.0,0.0,0.0,0.0,100,35,3.6e-05,2.53,JUGO DE MARACUYÁ,N/A,matched,100.0,NO,5984.87,0.000523,EXITOSO
run_20260726_084433_08a1a2bb,8,daniel_68,daniel,FACIL,RELEVANTE,False,275.43,6.32,0.000453,100.0,0.0,50 PORCIONES DE CARNE MOLIDA,50 porciones de carne molida,3206.78,EXACT_CONSENSUS,100.0,0.0,0.0,0.0,100,35,3.6e-05,2.65,CARNE MOLIDA,N/A,matched,100.0,NO,3485.04,0.000489,EXITOSO
run_20260726_084433_08a1a2bb,8,daniel_70,daniel,MEDIO,RELEVANTE,False,300.8,16.82,0.001205,100.0,4.55,HOLA BUENAS TARDES PARA INFORMAR QUE EN EL ESTANTE TRES TENEMOS 45 KILOS DE AVENA EN HOJUELAS Y 20 LITROS DE MIEL,hola buenas tardes para informar que en el estante 3 tenemos 45 kilos de avena en hojuelas y 20 litros de miel,4786.63,EXACT_CONSENSUS,100.0,0.0,0.0,0.0,146,50,5.2e-05,2.2,AVENA EN HOJUELAS,N/A,matched,100.0,NO,5089.85,0.001257,EXITOSO
run_20260726_084433_08a1a2bb,8,daniel_71,daniel,MEDIO,RELEVANTE,False,284.82,13.32,0.000955,100.0,0.0,DON MARIO REVISANDO EL CONGELADOR HAY 80 PORCIONES DE PESCADO Y 120 KILOS DE ESPINACA,don mario revisando el congelador hay 80 porciones de pescado y 120 kilos de espinaca,4432.39,EXACT_CONSENSUS,100.0,0.0,0.0,0.0,125,50,4.9e-05,2.13,PESCADO,N/A,matched,100.0,NO,4719.61,0.001004,EXITOSO
run_20260726_084433_08a1a2bb,8,daniel_72,daniel,MEDIO,RELEVANTE,False,291.01,17.3,0.00124,100.0,6.25,OIGA MARGARITA ANOTE POR FAVOR SON 300 UNIDADES DE EMPAQUE TERMOFORMADO Y 15 KILOS DE CANELA,oiga margarita anote por favor son 300 unidades de empaque terraformado y 15 kilos de canela,5304.39,EXACT_CONSENSUS,100.0,0.0,0.0,0.0,128,50,4.9e-05,2.26,EMPAQUE TERRAFORMADO,N/A,matched,100.0,NO,5598.0,0.001289,EXITOSO
run_20260726_084433_08a1a2bb,8,daniel_73,daniel,MEDIO,RELEVANTE,False,283.67,17.06,0.001223,100.0,0.0,HOLA CARLOS COMO VAS MIRA AQUI REVISANDO LA BODEGA PRINCIPAL HAY 90 KILOS DE LENTEJA Y 200 LITROS DE VINAGRE,hola carlos cómo vas mira aquí revisando la bodega principal hay 90 kilos de lenteja y 200 litros de vinagre,4306.73,EXACT_CONSENSUS,100.0,0.0,0.0,0.0,140,50,5.1e-05,2.3,LENTEJA,N/A,matched,100.0,NO,4592.95,0.001274,EXITOSO
run_20260726_084433_08a1a2bb,8,daniel_74,daniel,MEDIO,RELEVANTE,False,327.71,14.41,0.001033,100.0,6.25,BUENAS NOCHES EQUIPO CONFIRMO RECEPCION DE 150 UNIDADES DE BANDEJA ICOPOR Y 60 KILOS DE GUISANTES,buenas noches equipo confirmo recepción de 150 unidades de bandeja de icopor y 60 kilos de guisantes,4198.7,EXACT_CONSENSUS,100.0,0.0,0.0,0.0,131,50,5e-05,2.49,BANDEJA DE ICOPOR,N/A,matched,100.0,NO,4529.14,0.001083,EXITOSO
run_20260726_084433_08a1a2bb,8,daniel_75,daniel,MEDIO,RELEVANTE,False,290.57,14.16,0.001015,100.0,0.0,HOLA JEFE YA LLEGARON LOS INSUMOS SON 500 UNIDADES DE PALILLOS DE DIENTES Y 30 LITROS DE SALSA DE TOMATE,hola jefe ya llegaron los insumos son 500 unidades de palillos de dientes y 30 litros de salsa de tomate,3478.71,EXACT_CONSENSUS,100.0,0.0,0.0,0.0,140,50,5.1e-05,3.03,PALILLOS DE DIENTES,N/A,matched,100.0,NO,3772.57,0.001066,EXITOSO
run_20260726_084433_08a1a2bb,8,daniel_76,daniel,MEDIO,RELEVANTE,False,298.99,16.34,0.001171,100.0,0.0,DON ALBERTO REVISE EL SECTOR B Y TENEMOS 70 PORCIONES DE PECHUGA Y 40 KILOS DE LIMA,don alberto revisé el sector b y tenemos 70 porciones de pechuga y 40 kilos de lima,6805.66,EXACT_CONSENSUS,100.0,0.0,0.0,0.0,131,50,5e-05,2.62,PECHUGA,N/A,matched,100.0,NO,7107.54,0.001221,EXITOSO
run_20260726_084433_08a1a2bb,8,daniel_77,daniel,MEDIO,RELEVANTE,False,326.0,23.46,0.001681,100.0,10.0,QUE MAS PUES HERMANO AQUI REPORTANDO EN LA LISTA VAN 250 UNIDADES DE CAPUCHON PLASTICO Y 85 KILOS DE GARBANZO,qué más puede ser hermano aquí reportando en la lista van 250 unidades de capuchón plástico y 85 kilos de garbanzo,4548.32,EXACT_CONSENSUS,100.0,0.0,0.0,0.0,143,50,5.1e-05,2.09,CAPUCHÓN PLÁSTICO,N/A,matched,100.0,NO,4876.69,0.001732,EXITOSO
run_20260726_084433_08a1a2bb,8,daniel_78,daniel,MEDIO,RELEVANTE,False,186.42,12.23,0.000876,100.0,0.0,NIDIA CONFIRMA SI LLEGARON 100 LITROS DE CREMA DE LECHE Y 40 KILOS DE MANI SALADO,nidia confirma si llegaron 100 litros de crema de leche y 40 kilos de maní salado,4104.5,EXACT_CONSENSUS,100.0,0.0,0.0,0.0,128,50,4.9e-05,2.81,CREMA DE LECHE,N/A,matched,100.0,NO,4293.96,0.000925,EXITOSO
run_20260726_084433_08a1a2bb,8,daniel_79,daniel,MEDIO,RELEVANTE,False,298.45,16.94,0.001214,100.0,0.0,BUENOS DIAS ALMACEN DICTO CONTEO RAPIDO 60 PORCIONES DE ARROZ CON POLLO Y 18 KILOS DE OREGANO,buenos días almacén dicto conteo rápido 60 porciones de arroz con pollo y 18 kilos de orégano,7280.9,EXACT_CONSENSUS,100.0,0.0,0.0,0.0,131,50,5e-05,3.85,ARROZ CON POLLO,N/A,matched,100.0,NO,7583.47,0.001264,EXITOSO
run_20260726_084433_08a1a2bb,8,daniel_80,daniel,MEDIO,RELEVANTE,False,291.44,21.29,0.001526,100.0,0.0,HOLA A TODOS ESPERO ESTEN BIEN REVISANDO HOY SE INGRESAN 500 UNIDADES DE POPOTE BIO Y 75 LITROS DE DESINFECTANTE,hola a todos espero estén bien revisando hoy se ingresan 500 unidades de popote bio y 75 litros de desinfectante,4075.68,EXACT_CONSENSUS,100.0,0.0,0.0,0.0,140,50,5.1e-05,2.59,POPOTE BIO,N/A,matched,100.0,NO,4370.05,0.001577,EXITOSO
run_20260726_084433_08a1a2bb,8,daniel_81,daniel,MEDIO,RELEVANTE,False,517.92,17.18,0.001231,100.0,5.88,SENOR LUCHO ME DICE SI COPIO 35 KILOS DE UVA PASA Y 120 PORCIONES DE PASTA BOLOGNESA,señor lucho me dice si copió 35 kilos de uva pasa y 120 porciones de pasta boloñesa,4862.73,EXACT_CONSENSUS,100.0,0.0,0.0,0.0,131,50,5e-05,2.27,UVA PASA,N/A,matched,100.0,NO,5383.16,0.001281,EXITOSO
run_20260726_084433_08a1a2bb,8,daniel_82,daniel,MEDIO,RELEVANTE,False,286.22,16.94,0.001214,100.0,0.0,CHICOS REVISEN LA SECCION DE ASEO HAY 90 LITROS DE JABON MULTIUSOS Y 400 UNIDADES DE ESPONJA,chicos revisen la sección de aseo hay 90 litros de jabón multiusos y 400 unidades de esponja,5488.4,EXACT_CONSENSUS,100.0,0.0,0.0,0.0,131,50,5e-05,3.62,JABÓN MULTIUSOS,N/A,matched,100.0,NO,5778.82,0.001264,EXITOSO
run_20260726_084433_08a1a2bb,8,daniel_83,daniel,MEDIO,RELEVANTE,False,192.51,17.43,0.001249,100.0,6.25,HOLA LINA DICTO INVENTARIO DE REFRIGERADOR 65 KILOS DE QUESO MOZZARELLA Y 25 LITROS DE YOGURT,hola lina dicto inventario de refrigerador 65 kilos de queso mozzarella y 25 litros de yogur,5755.29,EXACT_CONSENSUS,100.0,0.0,0.0,0.0,128,50,4.9e-05,2.88,QUESO MOZZARELLA,N/A,matched,100.0,NO,5951.02,0.001298,EXITOSO
run_20260726_084433_08a1a2bb,8,daniel_84,daniel,MEDIO,RELEVANTE,False,322.5,17.55,0.001258,100.0,0.0,DON ROBERTO BUENAS TARDES TENEMOS EN STOCK 180 UNIDADES DE ENVASE ALUMINIO Y 50 KILOS DE AVENA,don roberto buenas tardes tenemos en stock 180 unidades de envase aluminio y 50 kilos de avena,5152.91,EXACT_CONSENSUS,100.0,0.0,0.0,0.0,131,50,5e-05,3.08,ENVASE ALUMINIO,N/A,matched,100.0,NO,5478.73,0.001308,EXITOSO
run_20260726_084433_08a1a2bb,8,daniel_85,daniel,MEDIO,OMITIR,True,318.92,13.08,0.000937,0.0,0.0,HOLA AMIGOS COMO ESTAN HACE MUCHO CALOR HOY PERO SEGUIMOS CON EL CONTEO,hola amigos cómo están hace mucho calor hoy pero seguimos con el conteo,7816.88,EXACT_CONSENSUS,100.0,100.0,100.0,100.0,119,30,3.6e-05,0.0,N/A,N/A,OMITIDO,0.0,NO,8135.91,0.000973,EXITOSO
run_20260726_084433_08a1a2bb,8,daniel_86,daniel,MEDIO,OMITIR,True,285.04,12.72,0.000912,0.0,0.0,DON PEDRO ME ESCUCHA BUENOS DIAS SOLO QUERIA SALUDAR Y SABER A QUE HORA LLEGA EL CAMION,don pedro me escucha buenos días solo quería saludar y saber a qué hora llega el camión,6406.86,EXACT_CONSENSUS,100.0,100.0,100.0,100.0,131,30,3.8e-05,0.0,N/A,N/A,OMITIDO,0.0,NO,6692.0,0.00095,EXITOSO
run_20260726_084433_08a1a2bb,8,daniel_88,daniel,MEDIO,RELEVANTE,False,287.45,16.22,0.001162,100.0,5.88,HOLA MARIA CONFIRMO QUE LLEGARON 300 UNIDADES DE BOLSA PAPEL KRAFT Y 40 KILOS DE COCO RALLADO,hola maría confirmo que llegaron 300 unidades de bolsa papel craft y 40 kilos de coco rallado,6058.2,EXACT_CONSENSUS,100.0,0.0,0.0,0.0,131,50,5e-05,2.41,BOLSA PAPEL CRAFT,N/A,matched,100.0,NO,6348.25,0.001212,EXITOSO
run_20260726_084433_08a1a2bb,8,daniel_89,daniel,MEDIO,RELEVANTE,False,291.22,13.44,0.000963,100.0,0.0,SALUDOS A TODOS REGISTRO 95 LITROS DE JUGO DE MORA Y 50 PORCIONES DE CARNE DESMECHADA,saludos a todos registro 95 litros de jugo de mora y 50 porciones de carne desmechada,2832.49,EXACT_CONSENSUS,100.0,0.0,0.0,0.0,128,50,4.9e-05,2.49,JUGO DE MORA,N/A,matched,100.0,NO,3126.43,0.001012,EXITOSO
run_20260726_084433_08a1a2bb,8,daniel_90,daniel,MEDIO,RELEVANTE,False,559.6,15.86,0.001137,100.0,5.56,OIGA ANDRES REVISE EL ESTANTE CUATRO HAY 40 KILOS DE AJONJOLI Y 12 LITROS DE ESENCIA DE VAINILLA,oiga andrés revise el estante 4 hay 40 kilos de ajonjolí y 12 litros de esencia de vainilla,5386.37,EXACT_CONSENSUS,100.0,0.0,0.0,0.0,134,50,5e-05,2.26,AJONJOLÍ,N/A,matched,100.0,NO,5948.45,0.001187,EXITOSO
run_20260726_084433_08a1a2bb,8,daniel_91,daniel,MEDIO,RELEVANTE,False,921.59,13.68,0.00098,100.0,6.67,BUENAS DIAS CONFIRMO QUE TENEMOS 220 UNIDADES DE VASO CARTON Y 70 KILOS DE CAMOTE,buenos días confirmo que tenemos 220 unidades de vaso cartón y 70 kilos de camote,3109.15,EXACT_CONSENSUS,100.0,0.0,0.0,0.0,125,50,4.9e-05,2.86,VASO CARTÓN,N/A,matched,100.0,NO,4033.8,0.001029,EXITOSO
run_20260726_084433_08a1a2bb,8,daniel_92,daniel,MEDIO,RELEVANTE,False,330.05,15.01,0.001076,100.0,0.0,DON FELIPE LE INFORMO QUE SE CONTARON 85 PORCIONES DE EMBUTIDO Y 30 LITROS DE SIROPE,don felipe le informo que se contaron 85 porciones de embutido y 30 litros de sirope,4637.08,EXACT_CONSENSUS,100.0,0.0,0.0,0.0,128,50,4.9e-05,2.58,EMBUTIDO,N/A,matched,100.0,NO,4969.98,0.001125,EXITOSO
run_20260726_084433_08a1a2bb,8,daniel_93,daniel,MEDIO,OMITIR,True,279.57,12.84,0.00092,0.0,0.0,CHICOS NO OLVIDEN QUE HOY HAY REUNION A LAS CUATRO DE LA TARDE EN LA SALA PRINCIPAL,chicos no olviden que hoy hay reunión a las 4 de la tarde en la sala principal,3823.5,EXACT_CONSENSUS,100.0,100.0,100.0,100.0,131,30,3.8e-05,0.0,N/A,N/A,OMITIDO,0.0,NO,4103.17,0.000958,EXITOSO
run_20260726_084433_08a1a2bb,8,daniel_94,daniel,MEDIO,RELEVANTE,False,864.19,17.79,0.001275,100.0,0.0,HOLA DIANA POR FAVOR ANOTA 400 UNIDADES DE MECHA PARA TRAPEADOR Y 50 LITROS DE CERA,hola diana por favor anota 400 unidades de mecha para trapeador y 50 litros de cera,3933.07,EXACT_CONSENSUS,100.0,0.0,0.0,0.0,128,50,4.9e-05,2.39,MECHA PARA TRAPEADOR,N/A,matched,100.0,NO,4799.84,0.001324,EXITOSO
run_20260726_084433_08a1a2bb,8,daniel_95,daniel,DIFICIL,RELEVANTE,False,289.12,24.19,0.001734,100.0,0.0,PARCE SE CAYO UNA CAJA ESPERA REVISO BUENO DICTE AHI 50 KILOS DE ATUN Y 300 UNIDADES DE LATA,parce se cayó una caja espera reviso bueno dicte ahí 50 kilos de atún y 300 unidades de lata,37224.42,EXACT_CONSENSUS,100.0,0.0,0.0,0.0,137,50,5.1e-05,254.68,ATÚN,N/A,matched,100.0,NO,37768.49,0.001785,EXITOSO
run_20260726_084433_08a1a2bb,8,daniel_96,daniel,DIFICIL,RELEVANTE,False,312.63,32.16,0.002305,100.0,5.26,QUE DIJO NO SE LE ESCUCHA BIEN AH YA DIJO 150 LITROS DE ACEITE Y 80 KILOS DE MAIZ,qué dijo que no se le escucha bien ah ya dijo 150 litros de aceite y 80 kilos de maíz,7616.41,EXACT_CONSENSUS,100.0,0.0,0.0,0.0,140,50,5.1e-05,3.05,ACEITE,N/A,matched,100.0,NO,7932.31,0.002356,EXITOSO
run_20260726_084433_08a1a2bb,8,daniel_98,daniel,DIFICIL,RELEVANTE,False,586.85,44.47,0.003187,100.0,0.0,ESPERA ESPERA QUE PASE EL CAMION BUENO 600 UNIDADES DE VASO TERMICO Y 20 KILOS DE CHOCOLATE,espera espera que pase el camión bueno 600 unidades de vaso térmico y 20 kilos de chocolate,3604.92,EXACT_CONSENSUS,100.0,0.0,0.0,0.0,131,50,5e-05,2.64,VASO TÉRMICO,N/A,matched,100.0,NO,4194.63,0.003237,EXITOSO
run_20260726_084433_08a1a2bb,8,daniel_99,daniel,DIFICIL,RELEVANTE,False,285.24,22.98,0.001647,100.0,4.35,PARCE TENGO UN HAMBRE TERRIBLE VAMOS A ALMORZAR YA CASI PERO PRIMERO DICTE 40 KILOS DE CAMARON Y 100 PORCIONES DE ARROZ CHAUFA,parce tengo un hambre terrible vamos a almorzar ya casi pero 1º dicte 40 kilos de camarón y 100 porciones de arroz chaufa,6180.32,EXACT_CONSENSUS,100.0,0.0,0.0,0.0,149,50,5.2e-05,2.43,CAMARÓN,N/A,matched,100.0,NO,6468.26,0.001699,EXITOSO
run_20260726_084433_08a1a2bb,8,daniel_100,daniel,DIFICIL,RELEVANTE,False,492.88,19.12,0.00137,100.0,0.0,OIGA APAGUE ESO NO SE OYE NADA A VER 35 LITROS DE SALSA DE SOYA Y 500 UNIDADES DE CAJAS,oiga apagué eso no se oye nada a ver 35 litros de salsa de soya y 500 unidades de cajas,7143.72,EXACT_CONSENSUS,100.0,0.0,0.0,0.0,140,50,5.1e-05,2.93,SALSA DE SOYA,N/A,matched,100.0,NO,7639.82,0.001421,EXITOSO
run_20260726_084433_08a1a2bb,8,daniel_101,daniel,DIFICIL,RELEVANTE,False,578.59,23.1,0.001656,100.0,3.57,CHISME DE PASILLO Y ENTONCES LE DIJO QUE NO Y ELLA SE FUE AJA BUENO ESPERA QUE ESTOY GRABANDO 120 KILOS DE YUCA Y 40 PORCIONES DE SANCOCHO,chisme de pasillo y entonces le dije que no y ella se fue ajá bueno espera que estoy grabando 120 kilos de yuca y 40 porciones de sancocho,3900.74,EXACT_CONSENSUS,100.0,0.0,0.0,0.0,164,50,5.5e-05,3.31,YUCA,N/A,matched,100.0,NO,4483.03,0.001711,EXITOSO
run_20260726_084433_08a1a2bb,8,daniel_102,daniel,DIFICIL,RELEVANTE,False,299.08,28.65,0.002053,100.0,6.25,ESPERA QUE PASE LA SIRENA LISTO ANOTA 70 KILOS DE MANGO Y 200 UNIDADES DE ETIQUETA,espera a que pase la sirena listo anota 70 kilos de mango y 200 unidades de etiqueta,5837.92,EXACT_CONSENSUS,100.0,0.0,0.0,0.0,131,50,5e-05,2.25,MANGO,N/A,matched,100.0,NO,6139.48,0.002103,EXITOSO
run_20260726_084433_08a1a2bb,8,daniel_104,daniel,DIFICIL,RELEVANTE,False,314.13,24.91,0.001785,100.0,0.0,OIGA DON JOSE SE LE OLVIDO EL CASCO ESPERA SE LO LLEVO YA VUELVO BUENO ANOTE AHI 450 UNIDADES DE PITILLO Y 60 KILOS DE LENTEJA,oiga don josé se le olvidó el casco espera se lo llevo ya vuelvo bueno anote ahí 450 unidades de pitillo y 60 kilos de lenteja,3202.52,EXACT_CONSENSUS,100.0,0.0,0.0,0.0,158,50,5.4e-05,2.28,PITILLO,N/A,matched,100.0,NO,3519.27,0.001839,EXITOSO
run_20260726_084433_08a1a2bb,8,daniel_105,daniel,DIFICIL,RELEVANTE,False,193.45,31.91,0.002287,100.0,56.52,RUIDO DE VENTILADOR FUERTE Y SUSURROS AL FONDO NO SE ENTIENDE CASI A VER 110 KILOS DE FRITO Y 30 PORCIONES DE ENSALADA,a ver 110 kilos de frito y 70 porciones de ensalada,2411.07,EXACT_CONSENSUS,100.0,0.0,0.0,0.0,113,50,4.7e-05,2.27,FRITO,N/A,matched,100.0,NO,2607.02,0.002334,EXITOSO
run_20260726_084433_08a1a2bb,8,daniel_108,daniel,DIFICIL,OMITIR,True,513.15,13.44,0.000963,0.0,0.0,PARCE ME DA UN CAFE POR FAVOR GRACIAS OIGA ESTOY HABLANDO CON EL MESERO NO CON LA GRABADORA,parce me da un café por favor gracias oiga estoy hablando con el mesero no con la grabadora,11478.38,EXACT_CONSENSUS,100.0,0.0,0.0,0.0,134,35,4.1e-05,261.3,CAFÉ,N/A,OMITIDO,0.0,NO,12252.96,0.001004,EXITOSO
run_20260726_084433_08a1a2bb,8,daniel_110,daniel,DIFICIL,OMITIR,True,270.38,14.04,0.001006,0.0,0.0,,,0.0,EXACT_CONSENSUS,100.0,100.0,100.0,100.0,100,30,3.3e-05,0.0,N/A,N/A,OMITIDO,0.0,NO,270.44,0.001039,EXITOSO
run_20260726_084433_08a1a2bb,8,daniel_111,daniel,DIFICIL,OMITIR,True,287.85,16.94,0.001214,0.0,0.0,QUE PASO AHI SE CAYO EL ESTANTE PARCE QUE DESASTRE,qué pasó ahí se cayó el estante parce qué desastre,6182.29,EXACT_CONSENSUS,100.0,100.0,100.0,100.0,110,30,3.4e-05,0.0,N/A,N/A,OMITIDO,0.0,NO,6470.23,0.001248,EXITOSO
run_20260726_084433_08a1a2bb,8,daniel_112,daniel,DIFICIL,OMITIR,True,273.86,18.39,0.001318,0.0,0.0,CUIDADO CON EL MONTACARGAS ESPERA FRENEN ESO,cuidado con el montacargas espera frena eso,5792.58,EXACT_CONSENSUS,100.0,100.0,100.0,100.0,101,30,3.3e-05,0.0,N/A,N/A,OMITIDO,0.0,NO,6066.53,0.001351,EXITOSO
